,Emp ID,Year Of Exit,Company Name,Designation,Gender,Qualification,Reason,State,Department,Emp Name,Emp Salary,Branch,Performance Rating,Work Mode,Manager ID,Training Hours,Overtime Hours,Attrition Risk,Year Of Joining,Experience,Experience Level
0,EMP100095,2024,Flipkart,QA Engineer,Male,B.E.,Workforce restructuring,Odisha,Engineering,Employee_96,1263757,Support,2.8,Remote,MGR1095,21,43,High,2017,7,Experienced
1,EMP100102,2024,Infosys,Reporting Analyst,Non-binary,Diploma,Market demand decline,Gujarat,Analytics,Employee_103,1191253,Support,3.6,WFO,MGR1102,71,56,Low,2017,7,Experienced
2,EMP100159,2024,PhonePe,Recruiter,Male,M.Tech,Workforce restructuring,Rajasthan,Human Resources,Employee_160,970988,IT,4.8,WFO,MGR1009,75,37,Medium,2021,3,Experienced
3,EMP100364,2024,Microsoft,Growth Manager,Non-binary,B.E.,Financial pressure,Maharashtra,Marketing,Employee_365,1460524,Sales,3.0,Hybrid,MGR1064,19,17,Low,2022,2,Experienced
4,EMP100920,2024,Udaan,Business Analyst,Female,B.Tech,Cost reduction,Karnataka,Analytics,Employee_921,1087500,Operations,4.6,Remote,MGR1020,11,41,High,2019,5,Experienced
5,EMP101445,2024,PhonePe,Software Engineer,Non-binary,BBA,Cost reduction,Uttar Pradesh,Engineering,Employee_1446,1711969,Operations,4.1,Remote,MGR1095,43,41,Medium,2020,4,Experienced
6,EMP101530,2024,Meesho,Marketing Executive,Female,BCA,Project closure,Odisha,Marketing,Employee_1531,773417,Finance,3.2,Remote,MGR1030,25,14,Medium,2019,5,Experienced
7,EMP101611,2024,Meesho,Account Manager,Non-binary,MBA,Financial pressure,Andhra Pradesh,Sales,Employee_1612,535492,IT,4.7,Remote,MGR1111,78,33,High,2022,2,Experienced
8,EMP101666,2024,Deloitte,Data Scientist,Male,BCA,Project closure,Maharashtra,Analytics,Employee_1667,981870,Operations,4.4,Remote,MGR1016,26,38,High,2019,5,Experienced
9,EMP102005,2024,Paytm,Talent Acquisition Specialist,Non-binary,M.Tech,Automation adoption,Uttar Pradesh,Human Resources,Employee_2006,508618,Marketing,3.7,Remote,MGR1055,52,56,Low,2020,4,Experienced
10,EMP102018,2024,Swiggy,Software Developer,Male,M.Com,Business slowdown,Haryana,Engineering,Employee_2019,1725608,Sales,3.5,WFO,MGR1068,45,13,Medium,2022,2,Experienced
11,EMP102831,2024,Swiggy,Process Associate,Male,M.Com,Cost reduction,Andhra Pradesh,Operations,Employee_2832,816314,Marketing,4.3,Remote,MGR1131,5,27,Medium,2023,1,Experienced
12,EMP102907,2024,Byju's,Finance Executive,Female,MCA,Role redundancy,Karnataka,Finance,Employee_2908,679269,Support,2.2,WFO,MGR1057,65,43,High,2024,0,Fresher
13,EMP103028,2024,PhonePe,Software Developer,Male,BBA,Automation adoption,Odisha,Engineering,Employee_3029,1709502,Finance,3.9,Hybrid,MGR1028,24,36,Low,2024,0,Fresher
14,EMP103490,2024,Ola Electric,Backend Developer,Non-binary,M.Tech,Role redundancy,Telangana,Engineering,Employee_3491,851969,IT,2.2,WFO,MGR1040,16,22,High,2016,8,Experienced
15,EMP103601,2024,Ola,Financial Analyst,Female,B.Sc,Project closure,Delhi,Finance,Employee_3602,1543554,IT,3.4,Remote,MGR1001,33,15,High,2015,9,Experienced
16,EMP103785,2024,Accenture,Software Engineer,Male,CA,Project closure,Telangana,Engineering,Employee_3786,2119644,IT,3.8,Hybrid,MGR1035,56,1,High,2016,8,Experienced
17,EMP104174,2024,PhonePe,HR Business Partner,Male,Diploma,Business restructuring,Odisha,Human Resources,Employee_4175,510375,HR,2.3,WFO,MGR1124,65,39,High,2023,1,Experienced
18,EMP104187,2024,Meesho,Product Manager,Male,Diploma,Workforce restructuring,Delhi,Product,Employee_4188,1033108,Sales,4.6,Remote,MGR1137,73,12,High,2022,2,Experienced
19,EMP104275,2024,Google,Marketing Executive,Male,CA,Business restructuring,Gujarat,Marketing,Employee_4276,1353665,Operations,4.9,WFO,MGR1075,37,52,High,2023,1,Experienced
20,EMP100399,2024,Swiggy,Admin Executive,Non-binary,Diploma,Automation adoption,Delhi,Administration,Employee_400,1047536,Operations,2.3,WFO,MGR1099,78,1,Medium,2015,9,Experienced
21,EMP100813,2024,Udaan,Facilities Executive,Female,M.Tech,Role redundancy,Madhya Pradesh,Administration,Employee_814,1967538,Operations,4.2,Hybrid,MGR1063,10,57,Medium,2021,3,Experienced
22,EMP100871,2024,Microsoft,Financial Analyst,Female,B.Tech,Financial pressure,Madhya Pradesh,Finance,Employee_872,2178700,IT,3.1,Remote,MGR1121,52,15,High,2021,3,Experienced
23,EMP100940,2024,Flipkart,MIS Executive,Non-binary,M.Com,Market demand decline,Telangana,Analytics,Employee_941,1388320,HR,2.1,Hybrid,MGR1040,65,21,High,2017,7,Experienced
24,EMP101051,2024,Accenture,Support Analyst,Female,M.Tech,Market demand decline,Maharashtra,Customer Support,Employee_1052,932403,IT,4.8,Remote,MGR1001,13,6,Medium,2015,9,Experienced
25,EMP101258,2024,ShareChat,DevOps Engineer,Male,MBA,Role redundancy,Gujarat,Engineering,Employee_1259,2015603,HR,3.5,Remote,MGR1058,14,20,Low,2023,1,Experienced
26,EMP101977,2024,Udaan,Account Manager,Male,B.Tech,Business slowdown,Madhya Pradesh,Sales,Employee_1978,962463,Finance,4.1,Hybrid,MGR1027,59,41,Medium,2022,2,Experienced
27,EMP102231,2024,Cult.fit,Sales Executive,Male,MBA,Performance review,Uttar Pradesh,Sales,Employee_2232,1676047,HR,4.2,Hybrid,MGR1131,56,53,Medium,2024,0,Fresher
28,EMP102402,2024,Cult.fit,DevOps Engineer,Male,CA,Project closure,Punjab,Engineering,Employee_2403,506294,Finance,2.9,Hybrid,MGR1002,12,51,Medium,2015,9,Experienced
29,EMP102815,2024,Accenture,Risk Analyst,Male,BCA,Project closure,Uttar Pradesh,Finance,Employee_2816,1228265,Sales,3.5,WFO,MGR1115,57,52,Low,2024,0,Fresher
30,EMP102947,2024,Udaan,Customer Success Executive,Male,B.E.,Cost reduction,Maharashtra,Customer Support,Employee_2948,764641,Sales,3.5,Hybrid,MGR1097,47,24,High,2020,4,Experienced
31,EMP103998,2024,Infosys,Operations Analyst,Non-binary,BBA,Market demand decline,Punjab,Operations,Employee_3999,1908715,Marketing,3.5,WFO,MGR1098,58,4,High,2020,4,Experienced
32,EMP100285,2024,Google,Risk Analyst,Non-binary,BBA,Workforce restructuring,Madhya Pradesh,Finance,Employee_286,1256490,Operations,4.9,Remote,MGR1135,49,40,Low,2016,8,Experienced
33,EMP100536,2024,Wipro,Product Designer,Female,B.E.,Financial pressure,Rajasthan,Product,Employee_537,1762616,Marketing,3.3,Remote,MGR1086,13,48,Medium,2020,4,Experienced
34,EMP100588,2024,Google,Support Analyst,Female,B.Tech,Financial pressure,Andhra Pradesh,Customer Support,Employee_589,1034384,Marketing,3.9,WFO,MGR1138,61,34,High,2021,3,Experienced
35,EMP100673,2024,Swiggy,Technical Support Executive,Non-binary,MBA,Business slowdown,Madhya Pradesh,Customer Support,Employee_674,681905,Support,2.6,WFO,MGR1073,27,11,Medium,2022,2,Experienced
36,EMP100877,2024,Accenture,Inside Sales Executive,Female,BCA,Business slowdown,Madhya Pradesh,Sales,Employee_878,485867,HR,3.8,WFO,MGR1127,30,25,Low,2022,2,Experienced
37,EMP101071,2024,Microsoft,Data Analyst,Male,BCA,Cost reduction,Rajasthan,Analytics,Employee_1072,789022,Marketing,2.8,WFO,MGR1021,14,52,Medium,2021,3,Experienced
38,EMP101174,2024,Swiggy,Process Associate,Non-binary,B.Tech,Performance review,Andhra Pradesh,Operations,Employee_1175,426705,Marketing,4.2,WFO,MGR1124,38,54,Medium,2023,1,Experienced
39,EMP101181,2024,TCS,Business Development Executive,Female,Diploma,Workforce restructuring,Odisha,Sales,Employee_1182,1519084,Sales,4.3,Remote,MGR1131,18,19,Low,2023,1,Experienced
40,EMP101351,2024,ShareChat,HR Business Partner,Non-binary,Diploma,Project closure,Telangana,Human Resources,Employee_1352,1479862,Finance,4.7,Hybrid,MGR1001,17,11,High,2017,7,Experienced
41,EMP101577,2024,ShareChat,Recruiter,Non-binary,CA,Automation adoption,Maharashtra,Human Resources,Employee_1578,1409528,Operations,4.4,Remote,MGR1077,75,13,Low,2021,3,Experienced
42,EMP101663,2024,Ola Electric,Product Manager,Female,BCA,Market demand decline,Haryana,Product,Employee_1664,1719820,Operations,4.6,WFO,MGR1013,52,39,High,2020,4,Experienced
43,EMP101725,2024,Ola,DevOps Engineer,Non-binary,B.Tech,Role redundancy,Punjab,Engineering,Employee_1726,1327338,Support,3.2,Remote,MGR1075,56,10,High,2023,1,Experienced
44,EMP102163,2024,Byju's,Operations Analyst,Non-binary,B.E.,Financial pressure,Madhya Pradesh,Operations,Employee_2164,2040561,HR,3.8,WFO,MGR1063,1,41,Low,2016,8,Experienced
45,EMP102496,2024,Byju's,Risk Analyst,Non-binary,B.Sc,Workforce restructuring,Punjab,Finance,Employee_2497,524437,Support,3.9,Hybrid,MGR1096,52,46,Medium,2017,7,Experienced
46,EMP102859,2024,Udaan,HR Business Partner,Non-binary,B.E.,Workforce restructuring,Madhya Pradesh,Human Resources,Employee_2860,1330510,Sales,2.5,Hybrid,MGR1009,67,4,Medium,2018,6,Experienced
47,EMP103027,2024,ShareChat,Office Administrator,Non-binary,M.Tech,Cost reduction,Madhya Pradesh,Administration,Employee_3028,363611,Marketing,3.8,Hybrid,MGR1027,57,39,Low,2019,5,Experienced
48,EMP103242,2024,Udaan,Financial Analyst,Female,MCA,Business restructuring,Andhra Pradesh,Finance,Employee_3243,1299011,Operations,3.7,WFO,MGR1092,37,40,Medium,2023,1,Experienced
49,EMP103530,2024,Wipro,DevOps Engineer,Non-binary,BCA,Financial pressure,Tamil Nadu,Engineering,Employee_3531,1481434,IT,3.6,Remote,MGR1080,58,0,High,2016,8,Experienced
50,EMP103661,2024,Swiggy,Data Engineer,Non-binary,CA,Automation adoption,Maharashtra,Engineering,Employee_3662,328957,Sales,4.8,Hybrid,MGR1061,15,18,High,2022,2,Experienced
51,EMP104102,2024,Byju's,Operations Analyst,Non-binary,BCA,Business restructuring,Kerala,Operations,Employee_4103,2089265,Sales,2.8,Hybrid,MGR1052,24,33,Low,2022,2,Experienced
52,EMP104143,2024,TCS,Support Analyst,Non-binary,MBA,Business slowdown,Delhi,Customer Support,Employee_4144,653604,Operations,3.2,WFO,MGR1093,20,19,Low,2020,4,Experienced
53,EMP104332,2024,Paytm,Marketing Executive,Female,CA,Financial pressure,Telangana,Marketing,Employee_4333,1169177,Finance,2.0,Remote,MGR1132,39,35,Low,2019,5,Experienced
54,EMP100047,2024,Cult.fit,Senior Software Engineer,Non-binary,B.Tech,Cost reduction,Uttar Pradesh,Engineering,Employee_48,1303831,Support,4.9,Remote,MGR1047,73,33,High,2023,1,Experienced
55,EMP100072,2024,Deloitte,HR Executive,Non-binary,M.Tech,Cost reduction,Tamil Nadu,Human Resources,Employee_73,1596113,HR,3.8,WFO,MGR1072,75,58,Medium,2016,8,Experienced
56,EMP100080,2024,Meesho,Customer Success Executive,Female,M.Com,Business restructuring,Uttar Pradesh,Customer Support,Employee_81,1496408,HR,4.3,WFO,MGR1080,3,58,High,2017,7,Experienced
57,EMP100108,2024,Google,Customer Success Executive,Male,BCA,Business slowdown,Maharashtra,Customer Support,Employee_109,627956,Marketing,2.6,Hybrid,MGR1108,5,27,Low,2022,2,Experienced
58,EMP100286,2024,Infosys,DevOps Engineer,Non-binary,B.E.,Project closure,Odisha,Engineering,Employee_287,1183375,Operations,2.5,WFO,MGR1136,51,18,Low,2022,2,Experienced
59,EMP100375,2024,Wipro,Customer Success Executive,Non-binary,MCA,Business slowdown,Delhi,Customer Support,Employee_376,1692038,Sales,3.8,Hybrid,MGR1075,66,18,High,2022,2,Experienced
60,EMP100395,2024,Amazon,Risk Analyst,Female,M.Tech,Market demand decline,Telangana,Finance,Employee_396,376120,Marketing,2.6,Hybrid,MGR1095,72,59,High,2015,9,Experienced
61,EMP100426,2024,Deloitte,Sales Manager,Male,M.Tech,Workforce restructuring,Odisha,Sales,Employee_427,1241186,IT,2.6,Remote,MGR1126,12,55,Low,2021,3,Experienced
62,EMP100460,2024,Deloitte,Business Development Executive,Female,B.Tech,Project closure,Telangana,Sales,Employee_461,1936381,Operations,3.0,WFO,MGR1010,12,35,Medium,2017,7,Experienced
63,EMP100483,2024,Deloitte,Tech Lead,Male,M.Com,Project closure,Madhya Pradesh,Engineering,Employee_484,1227093,HR,3.7,Remote,MGR1033,63,29,Medium,2024,0,Fresher
64,EMP100761,2024,Unacademy,DevOps Engineer,Male,MBA,Role redundancy,Kerala,Engineering,Employee_762,1306842,IT,3.4,WFO,MGR1011,5,49,Medium,2020,4,Experienced
65,EMP101141,2024,Paytm,Marketing Executive,Female,BCA,Cost reduction,Odisha,Marketing,Employee_1142,1881811,HR,4.7,Hybrid,MGR1091,39,8,Medium,2021,3,Experienced
66,EMP101238,2024,Flipkart,Growth Manager,Male,B.E.,Performance review,Kerala,Marketing,Employee_1239,1914019,Finance,4.1,WFO,MGR1038,78,2,High,2015,9,Experienced
67,EMP101256,2024,Udaan,MIS Executive,Non-binary,B.Tech,Business slowdown,Rajasthan,Analytics,Employee_1257,970565,Finance,4.9,WFO,MGR1056,12,1,Low,2015,9,Experienced
68,EMP101289,2024,Ola Electric,Digital Marketing Specialist,Non-binary,B.E.,Business slowdown,Odisha,Marketing,Employee_1290,430690,HR,3.7,WFO,MGR1089,1,1,High,2015,9,Experienced
69,EMP101447,2024,Udaan,Data Scientist,Non-binary,MBA,Business slowdown,Gujarat,Analytics,Employee_1448,253143,Support,3.3,WFO,MGR1097,78,23,Medium,2018,6,Experienced
70,EMP101538,2024,Unacademy,BI Analyst,Female,BBA,Role redundancy,Karnataka,Analytics,Employee_1539,959823,Marketing,4.0,Remote,MGR1038,64,24,High,2022,2,Experienced
71,EMP101733,2024,Ola Electric,Operations Executive,Female,BBA,Role redundancy,Delhi,Operations,Employee_1734,1519877,Finance,4.9,Remote,MGR1083,16,12,Medium,2018,6,Experienced
72,EMP101985,2024,Deloitte,Operations Analyst,Male,MBA,Financial pressure,Delhi,Operations,Employee_1986,1846721,HR,4.2,WFO,MGR1035,68,18,Low,2021,3,Experienced
73,EMP102106,2024,TCS,HR Business Partner,Female,M.Tech,Workforce restructuring,Tamil Nadu,Human Resources,Employee_2107,900429,Operations,2.4,Hybrid,MGR1006,9,35,High,2023,1,Experienced
74,EMP102153,2024,Paytm,Support Analyst,Female,BCA,Business restructuring,West Bengal,Customer Support,Employee_2154,1959419,HR,4.1,WFO,MGR1053,45,27,Low,2017,7,Experienced
75,EMP102195,2024,Cult.fit,Data Analyst,Non-binary,Diploma,Business slowdown,Delhi,Analytics,Employee_2196,391621,IT,2.5,Hybrid,MGR1095,9,46,High,2016,8,Experienced
76,EMP102371,2024,Udaan,Recruiter,Male,M.Com,Business slowdown,Kerala,Human Resources,Employee_2372,816984,HR,3.5,Hybrid,MGR1121,49,42,High,2024,0,Fresher
77,EMP102467,2024,Ola Electric,Operations Executive,Female,BBA,Project closure,Madhya Pradesh,Operations,Employee_2468,1086744,Operations,2.1,Remote,MGR1067,79,22,Medium,2015,9,Experienced
78,EMP102785,2024,Cult.fit,Recruiter,Non-binary,MCA,Automation adoption,Punjab,Human Resources,Employee_2786,1476898,Marketing,3.5,Hybrid,MGR1085,17,10,Low,2021,3,Experienced
79,EMP102806,2024,Ola Electric,Business Analyst,Female,MBA,Workforce restructuring,Karnataka,Analytics,Employee_2807,937642,HR,2.1,Hybrid,MGR1106,62,0,High,2024,0,Fresher
80,EMP102819,2024,Byju's,Customer Support Executive,Female,MBA,Business slowdown,Kerala,Customer Support,Employee_2820,1838811,Finance,4.7,Hybrid,MGR1119,13,17,Low,2021,3,Experienced
81,EMP103045,2024,Amazon,Finance Executive,Non-binary,CA,Business restructuring,West Bengal,Finance,Employee_3046,1348456,Operations,2.4,WFO,MGR1045,56,47,Medium,2021,3,Experienced
82,EMP103479,2024,Flipkart,Sales Executive,Non-binary,B.Sc,Business restructuring,Andhra Pradesh,Sales,Employee_3480,2175391,Support,2.3,Hybrid,MGR1029,17,1,High,2023,1,Experienced
83,EMP103794,2024,Deloitte,Office Administrator,Non-binary,CA,Workforce restructuring,Rajasthan,Administration,Employee_3795,1848212,Marketing,2.3,Hybrid,MGR1044,2,50,Low,2019,5,Experienced
84,EMP103840,2024,Amazon,Technical Support Executive,Non-binary,M.Com,Market demand decline,Telangana,Customer Support,Employee_3841,814043,HR,4.6,WFO,MGR1090,9,24,High,2022,2,Experienced
85,EMP103974,2024,Wipro,Finance Executive,Female,MBA,Performance review,Kerala,Finance,Employee_3975,405949,Support,2.3,WFO,MGR1074,24,48,Medium,2017,7,Experienced
86,EMP104193,2024,TCS,UX Designer,Male,B.Tech,Financial pressure,Haryana,Product,Employee_4194,860617,Support,2.7,Hybrid,MGR1143,14,56,Low,2016,8,Experienced
87,EMP104303,2024,Byju's,Office Administrator,Female,BCA,Performance review,Andhra Pradesh,Administration,Employee_4304,600169,Finance,4.8,Hybrid,MGR1103,67,46,Medium,2023,1,Experienced
88,EMP104329,2024,ShareChat,Accountant,Female,Diploma,Business restructuring,Delhi,Finance,Employee_4330,1014805,Marketing,2.7,Remote,MGR1129,62,47,Low,2023,1,Experienced
89,EMP104360,2024,Deloitte,Facilities Executive,Female,M.Com,Business restructuring,Andhra Pradesh,Administration,Employee_4361,1122181,HR,3.5,WFO,MGR1010,76,44,Low,2023,1,Experienced
90,EMP104467,2024,ShareChat,Account Manager,Male,BBA,Financial pressure,Haryana,Sales,Employee_4468,263114,Support,3.5,Remote,MGR1117,62,24,Medium,2019,5,Experienced
91,EMP104481,2024,Cult.fit,Support Analyst,Male,BBA,Cost reduction,Andhra Pradesh,Customer Support,Employee_4482,652807,Finance,2.5,WFO,MGR1131,75,52,Low,2024,0,Fresher
92,EMP100122,2024,Google,Financial Analyst,Male,M.Tech,Business restructuring,Haryana,Finance,Employee_123,864620,Finance,2.2,Remote,MGR1122,9,57,Low,2024,0,Fresher
93,EMP100124,2024,Cult.fit,Data Scientist,Non-binary,Diploma,Workforce restructuring,Madhya Pradesh,Analytics,Employee_125,1719263,Finance,3.9,Hybrid,MGR1124,7,30,Low,2016,8,Experienced
94,EMP100249,2024,Wipro,QA Engineer,Non-binary,BBA,Performance review,Odisha,Engineering,Employee_250,1508021,Finance,3.2,Remote,MGR1099,55,14,Low,2021,3,Experienced
95,EMP100288,2024,Swiggy,Growth Manager,Male,CA,Business slowdown,Karnataka,Marketing,Employee_289,438707,Finance,4.1,Hybrid,MGR1138,59,51,Medium,2023,1,Experienced
96,EMP100347,2024,Deloitte,Operations Executive,Male,CA,Workforce restructuring,Rajasthan,Operations,Employee_348,1227420,Sales,2.8,Hybrid,MGR1047,75,16,Low,2015,9,Experienced
97,EMP100352,2024,Paytm,Data Engineer,Female,B.E.,Business slowdown,Andhra Pradesh,Engineering,Employee_353,538668,Finance,3.0,Hybrid,MGR1052,62,17,Low,2019,5,Experienced
98,EMP100391,2024,Wipro,Support Analyst,Non-binary,Diploma,Market demand decline,West Bengal,Customer Support,Employee_392,1212573,Support,3.4,Remote,MGR1091,28,20,Low,2023,1,Experienced
99,EMP100430,2024,ShareChat,HR Executive,Female,M.Tech,Project closure,West Bengal,Human Resources,Employee_431,2015461,Support,2.7,Hybrid,MGR1130,20,13,Low,2023,1,Experienced
100,EMP100545,2024,Infosys,Business Development Executive,Female,BCA,Workforce restructuring,Rajasthan,Sales,Employee_546,892336,Marketing,3.6,Remote,MGR1095,41,35,Medium,2018,6,Experienced
101,EMP100589,2024,Infosys,BI Analyst,Non-binary,MCA,Role redundancy,Tamil Nadu,Analytics,Employee_590,1858767,Finance,3.2,Remote,MGR1139,77,20,Low,2021,3,Experienced
102,EMP100675,2024,Paytm,Operations Manager,Female,M.Com,Market demand decline,Karnataka,Operations,Employee_676,444646,Support,2.1,Remote,MGR1075,6,58,Medium,2022,2,Experienced
103,EMP100753,2024,Deloitte,Tech Lead,Non-binary,B.Tech,Business restructuring,Andhra Pradesh,Engineering,Employee_754,1796338,Support,4.2,Hybrid,MGR1003,29,8,High,2022,2,Experienced
104,EMP100868,2024,Meesho,Admin Executive,Female,MCA,Market demand decline,Maharashtra,Operations,Employee_869,876854,Sales,4.9,Hybrid,MGR1118,69,14,Medium,2017,7,Experienced
105,EMP100942,2024,Accenture,Data Analyst,Non-binary,M.Com,Financial pressure,West Bengal,Analytics,Employee_943,1187004,HR,2.4,Remote,MGR1042,6,0,Low,2021,3,Experienced
106,EMP100963,2024,Swiggy,Facilities Executive,Male,BBA,Financial pressure,Maharashtra,Administration,Employee_964,1772583,Sales,3.8,WFO,MGR1063,72,5,Low,2023,1,Experienced
107,EMP101052,2024,Ola,Risk Analyst,Non-binary,M.Tech,Cost reduction,Madhya Pradesh,Finance,Employee_1053,915521,IT,2.0,WFO,MGR1002,36,26,High,2022,2,Experienced
108,EMP101100,2024,Udaan,Risk Analyst,Non-binary,M.Com,Role redundancy,Maharashtra,Finance,Employee_1101,250670,Operations,2.5,Hybrid,MGR1050,6,46,Medium,2024,0,Fresher
109,EMP101224,2024,Swiggy,Talent Acquisition Specialist,Male,Diploma,Performance review,Gujarat,Human Resources,Employee_1225,1288751,Marketing,3.2,Remote,MGR1024,76,39,High,2019,5,Experienced
110,EMP101331,2024,Cult.fit,Admin Executive,Female,B.Tech,Business restructuring,Andhra Pradesh,Administration,Employee_1332,442892,Marketing,2.4,Hybrid,MGR1131,60,37,High,2020,4,Experienced
111,EMP101412,2024,Wipro,Sales Manager,Female,B.E.,Project closure,Andhra Pradesh,Sales,Employee_1413,1058917,Sales,4.0,WFO,MGR1062,61,41,Low,2024,0,Fresher
112,EMP101451,2024,Swiggy,Customer Success Executive,Non-binary,B.Tech,Workforce restructuring,West Bengal,Customer Support,Employee_1452,1436300,Sales,4.2,WFO,MGR1101,48,26,Low,2018,6,Experienced
113,EMP101516,2024,Ola Electric,Product Designer,Female,B.Sc,Project closure,Haryana,Product,Employee_1517,1819538,Sales,2.2,Remote,MGR1016,22,5,Low,2020,4,Experienced
114,EMP101590,2024,Cult.fit,Growth Manager,Female,M.Tech,Cost reduction,Andhra Pradesh,Marketing,Employee_1591,522620,Support,4.1,Remote,MGR1090,75,5,Low,2016,8,Experienced
115,EMP101804,2024,Udaan,Content Manager,Male,M.Com,Performance review,Kerala,Marketing,Employee_1805,831821,Support,2.6,Hybrid,MGR1004,57,57,High,2016,8,Experienced
116,EMP101922,2024,ShareChat,Growth Manager,Non-binary,B.Sc,Cost reduction,Gujarat,Marketing,Employee_1923,777282,Sales,4.8,WFO,MGR1122,54,29,Low,2021,3,Experienced
117,EMP101930,2024,Flipkart,Operations Manager,Female,BCA,Workforce restructuring,Maharashtra,Operations,Employee_1931,2060913,Operations,3.6,Hybrid,MGR1130,41,29,Medium,2019,5,Experienced
118,EMP101973,2024,Infosys,Software Engineer,Female,B.Sc,Business restructuring,Karnataka,Engineering,Employee_1974,548163,Sales,2.7,Remote,MGR1023,17,20,Low,2021,3,Experienced
119,EMP102117,2024,Swiggy,QA Engineer,Female,B.Sc,Role redundancy,West Bengal,Engineering,Employee_2118,1100188,HR,3.5,Remote,MGR1017,29,51,Low,2021,3,Experienced
120,EMP102172,2024,Swiggy,Product Designer,Non-binary,B.Sc,Financial pressure,Gujarat,Product,Employee_2173,433575,Support,4.6,WFO,MGR1072,31,10,Low,2020,4,Experienced
121,EMP102207,2024,ShareChat,Talent Acquisition Specialist,Female,M.Com,Project closure,Telangana,Human Resources,Employee_2208,1108237,Marketing,4.7,WFO,MGR1107,54,47,Medium,2016,8,Experienced
122,EMP102304,2024,Ola,Customer Support Executive,Female,MCA,Workforce restructuring,Tamil Nadu,Customer Support,Employee_2305,1021631,Support,3.1,Remote,MGR1054,32,36,Medium,2024,0,Fresher
123,EMP102321,2024,Wipro,BI Analyst,Female,BCA,Project closure,Tamil Nadu,Analytics,Employee_2322,1075668,HR,3.2,WFO,MGR1071,12,10,Low,2022,2,Experienced
124,EMP102483,2024,Wipro,BI Analyst,Female,B.Sc,Workforce restructuring,Maharashtra,Analytics,Employee_2484,1185558,IT,4.1,WFO,MGR1083,41,58,Low,2020,4,Experienced
125,EMP102507,2024,Cult.fit,HR Business Partner,Male,BCA,Financial pressure,Delhi,Human Resources,Employee_2508,414075,Finance,4.0,WFO,MGR1107,41,39,Low,2021,3,Experienced
126,EMP102524,2024,Cult.fit,Finance Executive,Female,M.Com,Project closure,Tamil Nadu,Finance,Employee_2525,1936990,Finance,2.1,Hybrid,MGR1124,49,12,High,2023,1,Experienced
127,EMP102549,2024,Google,UX Designer,Male,BCA,Cost reduction,Delhi,Product,Employee_2550,403102,Marketing,4.5,Hybrid,MGR1149,77,51,High,2017,7,Experienced
128,EMP102638,2024,Flipkart,MIS Executive,Male,MBA,Market demand decline,Punjab,Analytics,Employee_2639,1029458,Finance,2.6,Hybrid,MGR1088,69,34,High,2020,4,Experienced
129,EMP102948,2024,Ola Electric,Operations Manager,Non-binary,BBA,Cost reduction,Odisha,Operations,Employee_2949,446409,Support,2.6,WFO,MGR1098,35,14,Medium,2024,0,Fresher
130,EMP102975,2024,Accenture,Recruiter,Female,MCA,Market demand decline,Uttar Pradesh,Human Resources,Employee_2976,1704115,HR,4.7,Hybrid,MGR1125,77,13,High,2024,0,Fresher
131,EMP103202,2024,Infosys,Support Analyst,Non-binary,MBA,Business restructuring,Madhya Pradesh,Customer Support,Employee_3203,1184408,Finance,4.6,Remote,MGR1052,74,8,Low,2022,2,Experienced
132,EMP103322,2024,ShareChat,Senior Software Engineer,Male,B.Sc,Business restructuring,West Bengal,Engineering,Employee_3323,2013655,Marketing,2.7,Remote,MGR1022,30,33,Medium,2015,9,Experienced
133,EMP103506,2024,ShareChat,DevOps Engineer,Male,M.Tech,Financial pressure,Haryana,Engineering,Employee_3507,986016,HR,3.5,Remote,MGR1056,32,52,Medium,2015,9,Experienced
134,EMP103588,2024,Swiggy,Office Administrator,Non-binary,BCA,Business slowdown,Madhya Pradesh,Administration,Employee_3589,846775,Sales,4.3,Hybrid,MGR1138,46,52,Medium,2018,6,Experienced
135,EMP103806,2024,Infosys,HR Executive,Non-binary,MCA,Project closure,Maharashtra,Human Resources,Employee_3807,313745,Support,3.0,Hybrid,MGR1056,5,49,High,2015,9,Experienced
136,EMP103965,2024,Flipkart,HR Executive,Male,CA,Business restructuring,Uttar Pradesh,Human Resources,Employee_3966,2081869,Support,5.0,Remote,MGR1065,69,50,High,2020,4,Experienced
137,EMP104041,2024,Udaan,Senior Software Engineer,Non-binary,MBA,Business restructuring,Delhi,Engineering,Employee_4042,1744079,Sales,2.5,Hybrid,MGR1141,11,29,Medium,2024,0,Fresher
138,EMP104079,2024,Amazon,Facilities Executive,Female,CA,Workforce restructuring,Maharashtra,Administration,Employee_4080,1857957,Support,2.1,Remote,MGR1029,28,13,Medium,2023,1,Experienced
139,EMP104209,2024,TCS,Product Manager,Non-binary,B.Sc,Performance review,Madhya Pradesh,Product,Employee_4210,1928755,Finance,3.3,Hybrid,MGR1009,2,35,Medium,2024,0,Fresher
140,EMP104223,2024,PhonePe,Account Manager,Female,Diploma,Performance review,Haryana,Sales,Employee_4224,507883,Finance,2.7,Remote,MGR1023,41,0,Low,2015,9,Experienced
141,EMP104312,2024,Byju's,Reporting Analyst,Male,BCA,Business slowdown,Tamil Nadu,Analytics,Employee_4313,1697493,Marketing,4.3,Hybrid,MGR1112,34,52,Low,2024,0,Fresher
142,EMP104362,2024,Swiggy,Risk Analyst,Female,B.Sc,Cost reduction,Telangana,Finance,Employee_4363,636433,Finance,2.3,Remote,MGR1012,67,51,Medium,2020,4,Experienced
143,EMP104458,2024,Wipro,Technical Support Executive,Non-binary,MCA,Business restructuring,Odisha,Customer Support,Employee_4459,383487,HR,3.0,Hybrid,MGR1108,75,58,Medium,2022,2,Experienced
144,EMP104471,2024,Udaan,Technical Support Executive,Non-binary,MBA,Market demand decline,Uttar Pradesh,Customer Support,Employee_4472,2187092,IT,4.5,Remote,MGR1121,46,32,High,2024,0,Fresher
145,EMP104490,2024,Google,Accountant,Non-binary,M.Com,Market demand decline,Gujarat,Finance,Employee_4491,880620,IT,4.5,WFO,MGR1140,41,18,Low,2016,8,Experienced
146,EMP104506,2024,ShareChat,DevOps Engineer,Non-binary,MCA,Automation adoption,Maharashtra,Engineering,Employee_4507,757915,HR,5.0,Remote,MGR1006,19,15,High,2021,3,Experienced
147,EMP104541,2024,PhonePe,Facilities Executive,Male,BBA,Automation adoption,West Bengal,Administration,Employee_4542,2193911,HR,3.4,Remote,MGR1041,30,52,Low,2024,0,Fresher
148,EMP100125,2024,Flipkart,Recruiter,Male,MBA,Workforce restructuring,Rajasthan,Human Resources,Employee_126,2003885,Support,4.0,Remote,MGR1125,28,57,High,2022,2,Experienced
149,EMP100129,2024,Udaan,Product Analyst,Non-binary,Diploma,Business restructuring,Gujarat,Product,Employee_130,2039061,Marketing,3.2,Hybrid,MGR1129,46,29,Low,2019,5,Experienced
150,EMP100152,2024,TCS,Software Developer,Female,B.E.,Business restructuring,Karnataka,Engineering,Employee_153,1994965,Sales,4.4,Hybrid,MGR1002,48,13,High,2019,5,Experienced
151,EMP100253,2024,Paytm,Data Scientist,Male,M.Com,Cost reduction,Tamil Nadu,Analytics,Employee_254,1969184,Support,3.8,WFO,MGR1103,17,30,Low,2020,4,Experienced
152,EMP100267,2024,Microsoft,HR Executive,Non-binary,CA,Business slowdown,Odisha,Human Resources,Employee_268,1558417,Support,3.8,WFO,MGR1117,50,50,High,2021,3,Experienced
153,EMP100268,2024,TCS,Financial Analyst,Male,B.Tech,Cost reduction,Karnataka,Finance,Employee_269,1930998,IT,4.6,Hybrid,MGR1118,52,18,High,2024,0,Fresher
154,EMP100326,2024,Google,Support Analyst,Male,CA,Performance review,West Bengal,Customer Support,Employee_327,341523,Finance,2.3,WFO,MGR1026,24,14,Low,2021,3,Experienced
155,EMP100386,2024,TCS,Digital Marketing Specialist,Male,M.Com,Business restructuring,Telangana,Marketing,Employee_387,1028922,IT,4.4,Hybrid,MGR1086,60,32,High,2024,0,Fresher
156,EMP100447,2024,Google,Product Analyst,Male,B.Tech,Role redundancy,Tamil Nadu,Product,Employee_448,1517325,IT,4.1,WFO,MGR1147,65,51,Medium,2017,7,Experienced
157,EMP100465,2024,Swiggy,HR Business Partner,Non-binary,M.Com,Role redundancy,Odisha,Human Resources,Employee_466,1350452,Finance,3.1,Hybrid,MGR1015,74,15,Medium,2018,6,Experienced
158,EMP100499,2024,Infosys,Sales Manager,Non-binary,B.Sc,Financial pressure,Punjab,Sales,Employee_500,1047379,IT,2.2,WFO,MGR1049,11,54,Low,2022,2,Experienced
159,EMP100534,2024,Meesho,Office Administrator,Male,BCA,Business restructuring,Kerala,Administration,Employee_535,442199,Finance,2.0,Hybrid,MGR1084,19,1,Medium,2017,7,Experienced
160,EMP100627,2024,Cult.fit,Operations Executive,Non-binary,Diploma,Market demand decline,Maharashtra,Operations,Employee_628,885237,HR,4.5,Remote,MGR1027,78,19,Low,2018,6,Experienced
161,EMP100705,2024,Udaan,Growth Manager,Female,CA,Financial pressure,West Bengal,Marketing,Employee_706,1874394,IT,2.1,WFO,MGR1105,74,3,Low,2019,5,Experienced
162,EMP100724,2024,Unacademy,DevOps Engineer,Non-binary,M.Tech,Role redundancy,Telangana,Engineering,Employee_725,622222,Marketing,4.6,WFO,MGR1124,41,9,High,2016,8,Experienced
163,EMP100770,2024,PhonePe,UX Designer,Male,B.Sc,Cost reduction,Haryana,Product,Employee_771,1161390,Support,4.8,Remote,MGR1020,22,52,Medium,2020,4,Experienced
164,EMP100830,2024,Deloitte,Product Designer,Female,M.Tech,Workforce restructuring,Kerala,Product,Employee_831,1960944,Support,3.4,WFO,MGR1080,70,30,High,2020,4,Experienced
165,EMP100933,2024,Paytm,Product Analyst,Non-binary,M.Tech,Business slowdown,Haryana,Product,Employee_934,626149,HR,2.8,Hybrid,MGR1033,19,16,Low,2021,3,Experienced
166,EMP100990,2024,PhonePe,Customer Support Executive,Non-binary,B.Tech,Cost reduction,Maharashtra,Customer Support,Employee_991,484009,Support,4.1,Hybrid,MGR1090,5,25,Low,2019,5,Experienced
167,EMP101025,2024,ShareChat,Support Analyst,Male,B.E.,Cost reduction,Telangana,Customer Support,Employee_1026,1961467,Marketing,2.0,WFO,MGR1125,67,3,Medium,2020,4,Experienced
168,EMP101045,2024,Meesho,Reporting Analyst,Non-binary,BBA,Workforce restructuring,West Bengal,Analytics,Employee_1046,720484,HR,4.1,Hybrid,MGR1145,1,16,High,2022,2,Experienced
169,EMP101167,2024,Swiggy,Tech Lead,Female,M.Tech,Business restructuring,West Bengal,Engineering,Employee_1168,657494,Finance,3.1,Remote,MGR1117,79,31,High,2016,8,Experienced
170,EMP101187,2024,Swiggy,Product Analyst,Female,MBA,Business slowdown,Telangana,Product,Employee_1188,942123,Sales,4.8,Remote,MGR1137,17,37,Low,2017,7,Experienced
171,EMP101191,2024,Deloitte,Frontend Developer,Non-binary,M.Tech,Business slowdown,Rajasthan,Engineering,Employee_1192,849470,HR,3.1,WFO,MGR1141,79,31,Medium,2020,4,Experienced
172,EMP101198,2024,Accenture,Office Administrator,Male,MBA,Workforce restructuring,Kerala,Administration,Employee_1199,347728,IT,2.8,Hybrid,MGR1148,29,53,Low,2021,3,Experienced
173,EMP101205,2024,Byju's,Customer Success Executive,Non-binary,Diploma,Automation adoption,Delhi,Customer Support,Employee_1206,1616156,HR,3.9,WFO,MGR1005,3,24,Low,2016,8,Experienced
174,EMP101509,2024,Swiggy,Product Analyst,Male,B.Tech,Project closure,Delhi,Product,Employee_1510,786214,Marketing,2.2,Hybrid,MGR1009,37,50,Medium,2024,0,Fresher
175,EMP101526,2024,Infosys,Digital Marketing Specialist,Non-binary,B.Tech,Financial pressure,Gujarat,Marketing,Employee_1527,700875,HR,4.0,Remote,MGR1026,20,59,High,2015,9,Experienced
176,EMP101595,2024,Byju's,Customer Success Executive,Male,BBA,Role redundancy,Madhya Pradesh,Customer Support,Employee_1596,403960,Support,2.8,Remote,MGR1095,52,21,High,2024,0,Fresher
177,EMP101603,2024,Paytm,Inside Sales Executive,Non-binary,CA,Market demand decline,Madhya Pradesh,Sales,Employee_1604,2074370,IT,2.3,WFO,MGR1103,52,20,High,2021,3,Experienced
178,EMP101634,2024,PhonePe,Digital Marketing Specialist,Female,B.E.,Project closure,West Bengal,Marketing,Employee_1635,1641434,Marketing,3.3,Remote,MGR1134,17,17,High,2016,8,Experienced
179,EMP101708,2024,Infosys,Product Designer,Male,CA,Market demand decline,Andhra Pradesh,Product,Employee_1709,921179,IT,4.4,WFO,MGR1058,26,31,Medium,2018,6,Experienced
180,EMP101728,2024,PhonePe,Risk Analyst,Non-binary,B.Tech,Market demand decline,Kerala,Finance,Employee_1729,2006073,IT,4.0,Remote,MGR1078,71,50,Medium,2024,0,Fresher
181,EMP101746,2024,Ola,Finance Executive,Non-binary,MCA,Business slowdown,Haryana,Finance,Employee_1747,1589997,HR,4.2,Hybrid,MGR1096,44,53,High,2024,0,Fresher
182,EMP101766,2024,PhonePe,UX Designer,Non-binary,B.Tech,Project closure,Gujarat,Product,Employee_1767,570400,Support,2.0,WFO,MGR1116,57,12,Medium,2017,7,Experienced
183,EMP101845,2024,Deloitte,Customer Support Executive,Non-binary,BCA,Workforce restructuring,Haryana,Customer Support,Employee_1846,1991535,Finance,4.9,Remote,MGR1045,68,43,Low,2017,7,Experienced
184,EMP101902,2024,Ola,Accountant,Female,MCA,Market demand decline,Delhi,Finance,Employee_1903,2004079,Operations,4.3,Hybrid,MGR1102,6,46,Medium,2022,2,Experienced
185,EMP101931,2024,Flipkart,Account Manager,Female,MCA,Role redundancy,Andhra Pradesh,Sales,Employee_1932,589867,Operations,4.7,Remote,MGR1131,12,43,High,2017,7,Experienced
186,EMP101988,2024,Meesho,Operations Analyst,Male,M.Com,Project closure,Andhra Pradesh,Operations,Employee_1989,955204,Support,4.5,Remote,MGR1038,28,21,High,2015,9,Experienced
187,EMP102053,2024,Flipkart,Sales Manager,Male,B.E.,Role redundancy,Tamil Nadu,Sales,Employee_2054,2101491,HR,2.8,Remote,MGR1103,13,38,Medium,2020,4,Experienced
188,EMP102083,2024,Wipro,Office Administrator,Non-binary,B.Tech,Business slowdown,Gujarat,Administration,Employee_2084,1039958,Finance,3.1,Hybrid,MGR1133,45,24,High,2021,3,Experienced
189,EMP102147,2024,Cult.fit,Business Analyst,Non-binary,B.Tech,Performance review,Rajasthan,Analytics,Employee_2148,1482703,IT,2.2,WFO,MGR1047,13,50,Medium,2020,4,Experienced
190,EMP102154,2024,Swiggy,Admin Executive,Male,MBA,Cost reduction,West Bengal,Administration,Employee_2155,1946229,HR,2.4,Hybrid,MGR1054,9,45,Medium,2019,5,Experienced
191,EMP102186,2024,Udaan,Customer Success Executive,Female,Diploma,Performance review,Andhra Pradesh,Customer Support,Employee_2187,1360189,Finance,3.2,WFO,MGR1086,0,48,Low,2015,9,Experienced
192,EMP102343,2024,Cult.fit,Operations Analyst,Female,B.E.,Cost reduction,Maharashtra,Operations,Employee_2344,1234727,Sales,4.8,Remote,MGR1093,11,43,Low,2023,1,Experienced
193,EMP102403,2024,Wipro,Inside Sales Executive,Female,Diploma,Role redundancy,Rajasthan,Sales,Employee_2404,1734616,IT,2.9,Hybrid,MGR1003,65,37,High,2022,2,Experienced
194,EMP102482,2024,TCS,Talent Acquisition Specialist,Male,Diploma,Project closure,Madhya Pradesh,Human Resources,Employee_2483,334713,Support,2.4,Remote,MGR1082,75,35,High,2022,2,Experienced
195,EMP102628,2024,Google,Digital Marketing Specialist,Female,M.Com,Performance review,Madhya Pradesh,Marketing,Employee_2629,550661,Sales,2.4,Hybrid,MGR1078,32,26,Low,2023,1,Experienced
196,EMP102668,2024,ShareChat,MIS Executive,Male,Diploma,Cost reduction,Haryana,Analytics,Employee_2669,527246,Support,4.1,WFO,MGR1118,68,57,Low,2021,3,Experienced
197,EMP102713,2024,PhonePe,Data Analyst,Non-binary,M.Tech,Financial pressure,Rajasthan,Analytics,Employee_2714,2091475,Finance,4.6,Remote,MGR1013,60,11,High,2020,4,Experienced
198,EMP102741,2024,ShareChat,Product Designer,Male,Diploma,Project closure,Madhya Pradesh,Product,Employee_2742,1461145,Operations,3.2,Hybrid,MGR1041,78,54,Medium,2018,6,Experienced
199,EMP102771,2024,Infosys,Technical Support Executive,Female,M.Com,Performance review,Tamil Nadu,Customer Support,Employee_2772,1816481,Operations,2.6,WFO,MGR1071,26,36,Low,2023,1,Experienced
200,EMP102812,2024,Meesho,Operations Manager,Female,MBA,Performance review,Andhra Pradesh,Operations,Employee_2813,2079887,Support,2.6,WFO,MGR1112,29,47,High,2015,9,Experienced
201,EMP102826,2024,TCS,Product Manager,Male,BBA,Project closure,Andhra Pradesh,Product,Employee_2827,789265,HR,3.2,Hybrid,MGR1126,52,22,Low,2021,3,Experienced
202,EMP102832,2024,PhonePe,Support Analyst,Non-binary,B.Sc,Automation adoption,Rajasthan,Customer Support,Employee_2833,1279129,Operations,2.2,WFO,MGR1132,75,11,High,2020,4,Experienced
203,EMP102833,2024,TCS,Account Manager,Female,MCA,Cost reduction,Telangana,Sales,Employee_2834,1664416,Support,2.1,WFO,MGR1133,60,54,Low,2023,1,Experienced
204,EMP102895,2024,Paytm,HR Business Partner,Non-binary,B.Sc,Cost reduction,Tamil Nadu,Human Resources,Employee_2896,877128,Marketing,4.3,WFO,MGR1045,45,41,Medium,2017,7,Experienced
205,EMP102931,2024,Infosys,Operations Executive,Male,M.Tech,Performance review,Telangana,Operations,Employee_2932,1447892,Sales,3.3,WFO,MGR1081,56,9,High,2018,6,Experienced
206,EMP103104,2024,TCS,Sales Manager,Non-binary,B.E.,Cost reduction,Madhya Pradesh,Sales,Employee_3105,1025952,Support,2.7,WFO,MGR1104,55,6,Medium,2021,3,Experienced
207,EMP103237,2024,ShareChat,Risk Analyst,Male,M.Com,Market demand decline,Haryana,Finance,Employee_3238,659666,Finance,3.0,WFO,MGR1087,4,34,Low,2020,4,Experienced
208,EMP103238,2024,Unacademy,Technical Support Executive,Male,BCA,Role redundancy,Uttar Pradesh,Customer Support,Employee_3239,655904,HR,3.0,Remote,MGR1088,68,27,Medium,2021,3,Experienced
209,EMP103330,2024,Accenture,HR Business Partner,Non-binary,M.Com,Performance review,Andhra Pradesh,Human Resources,Employee_3331,265776,Sales,3.9,Remote,MGR1030,12,28,Medium,2016,8,Experienced
210,EMP103340,2024,Meesho,Operations Executive,Non-binary,BBA,Market demand decline,Delhi,Operations,Employee_3341,1497427,Finance,2.9,Hybrid,MGR1040,74,5,High,2024,0,Fresher
211,EMP103363,2024,Deloitte,Admin Executive,Male,MBA,Automation adoption,Kerala,Administration,Employee_3364,1546571,Finance,2.5,Remote,MGR1063,53,4,Medium,2018,6,Experienced
212,EMP103418,2024,Google,Office Administrator,Male,B.Sc,Business slowdown,Telangana,Administration,Employee_3419,708391,HR,3.9,WFO,MGR1118,66,26,Medium,2023,1,Experienced
213,EMP103441,2024,Ola,Facilities Executive,Female,M.Tech,Cost reduction,Odisha,Administration,Employee_3442,1846264,IT,2.8,WFO,MGR1141,54,7,High,2015,9,Experienced
214,EMP103534,2024,Cult.fit,Recruiter,Female,MCA,Business restructuring,Rajasthan,Human Resources,Employee_3535,1094677,Marketing,3.8,WFO,MGR1084,26,22,Low,2018,6,Experienced
215,EMP103576,2024,Paytm,HR Executive,Male,B.Sc,Automation adoption,Maharashtra,Human Resources,Employee_3577,1154184,Operations,2.9,WFO,MGR1126,40,3,Low,2015,9,Experienced
216,EMP103708,2024,Google,Marketing Executive,Male,MCA,Business slowdown,Uttar Pradesh,Marketing,Employee_3709,965355,Finance,4.6,Hybrid,MGR1108,58,8,Medium,2021,3,Experienced
217,EMP103718,2024,Accenture,Digital Marketing Specialist,Male,M.Tech,Automation adoption,Maharashtra,Marketing,Employee_3719,1594131,Finance,3.1,Hybrid,MGR1118,23,1,High,2015,9,Experienced
218,EMP103767,2024,PhonePe,Risk Analyst,Non-binary,B.Tech,Role redundancy,Gujarat,Finance,Employee_3768,761049,Operations,3.9,Remote,MGR1017,6,50,Medium,2024,0,Fresher
219,EMP103882,2024,Wipro,Sales Manager,Male,M.Com,Business restructuring,Karnataka,Sales,Employee_3883,1149113,Support,2.4,Hybrid,MGR1132,22,34,Medium,2017,7,Experienced
220,EMP103910,2024,Meesho,Marketing Executive,Male,BBA,Automation adoption,Uttar Pradesh,Marketing,Employee_3911,1621643,HR,2.8,Remote,MGR1010,5,10,Medium,2023,1,Experienced
221,EMP103943,2024,Infosys,Process Associate,Female,CA,Financial pressure,Karnataka,Operations,Employee_3944,1443293,Marketing,3.2,WFO,MGR1043,35,1,Medium,2020,4,Experienced
222,EMP104073,2024,Amazon,Data Engineer,Female,M.Com,Business slowdown,Madhya Pradesh,Engineering,Employee_4074,2104650,Operations,3.2,Hybrid,MGR1023,14,36,Medium,2022,2,Experienced
223,EMP104088,2024,Deloitte,Digital Marketing Specialist,Non-binary,B.Sc,Cost reduction,Haryana,Marketing,Employee_4089,1797022,Marketing,4.1,Hybrid,MGR1038,57,45,Medium,2022,2,Experienced
224,EMP104129,2024,Microsoft,Facilities Executive,Female,B.Sc,Business restructuring,Tamil Nadu,Administration,Employee_4130,2065509,Operations,2.6,Hybrid,MGR1079,8,17,High,2021,3,Experienced
225,EMP104231,2024,Unacademy,Support Analyst,Non-binary,B.Tech,Automation adoption,Uttar Pradesh,Customer Support,Employee_4232,622987,Operations,3.9,WFO,MGR1031,59,48,Low,2018,6,Experienced
226,EMP104443,2024,Ola,Talent Acquisition Specialist,Male,M.Com,Business slowdown,Odisha,Human Resources,Employee_4444,2188911,Support,4.6,Remote,MGR1093,39,41,High,2022,2,Experienced
227,EMP104444,2024,Flipkart,Operations Executive,Female,M.Tech,Cost reduction,Odisha,Operations,Employee_4445,855205,Finance,2.2,Remote,MGR1094,33,20,Medium,2020,4,Experienced
228,EMP100032,2024,Infosys,Business Development Executive,Female,MCA,Role redundancy,Delhi,Sales,Employee_33,967543,Marketing,3.0,Hybrid,MGR1032,37,7,High,2022,2,Experienced
229,EMP100037,2024,Meesho,HR Executive,Female,Diploma,Role redundancy,Telangana,Human Resources,Employee_38,1927657,IT,2.7,Hybrid,MGR1037,43,33,Medium,2016,8,Experienced
230,EMP100107,2024,Ola,UX Designer,Male,MCA,Project closure,Odisha,Product,Employee_108,1872002,IT,3.5,WFO,MGR1107,31,1,Low,2018,6,Experienced
231,EMP100363,2024,Deloitte,Recruiter,Female,MCA,Market demand decline,Andhra Pradesh,Human Resources,Employee_364,1729997,Finance,2.1,Remote,MGR1063,46,54,Low,2022,2,Experienced
232,EMP100372,2024,Udaan,Operations Manager,Male,M.Tech,Financial pressure,Andhra Pradesh,Operations,Employee_373,1241549,Finance,2.1,Remote,MGR1072,52,38,High,2015,9,Experienced
233,EMP100453,2024,Meesho,Recruiter,Male,M.Tech,Business slowdown,Madhya Pradesh,Human Resources,Employee_454,1916076,Support,4.1,Remote,MGR1003,68,45,Low,2015,9,Experienced
234,EMP100515,2024,Swiggy,Marketing Executive,Non-binary,BCA,Automation adoption,Haryana,Marketing,Employee_516,1203324,HR,4.7,WFO,MGR1065,78,25,Medium,2021,3,Experienced
235,EMP100548,2024,Paytm,QA Engineer,Non-binary,M.Com,Financial pressure,Kerala,Engineering,Employee_549,349673,Support,3.8,Remote,MGR1098,47,12,High,2015,9,Experienced
236,EMP100726,2024,Ola,Sales Executive,Male,BCA,Performance review,Punjab,Sales,Employee_727,411485,Support,2.7,WFO,MGR1126,54,31,Low,2019,5,Experienced
237,EMP100744,2024,Infosys,Operations Executive,Non-binary,BCA,Performance review,Telangana,Operations,Employee_745,1821825,Finance,2.7,WFO,MGR1144,30,27,Medium,2023,1,Experienced
238,EMP100765,2024,PhonePe,Process Associate,Male,M.Com,Workforce restructuring,Telangana,Operations,Employee_766,1511666,Support,4.4,Hybrid,MGR1015,65,13,Medium,2024,0,Fresher
239,EMP100806,2024,Swiggy,Product Analyst,Non-binary,BBA,Project closure,Uttar Pradesh,Product,Employee_807,270946,Operations,3.0,Hybrid,MGR1056,50,3,High,2017,7,Experienced
240,EMP100912,2024,Microsoft,HR Business Partner,Non-binary,BBA,Market demand decline,Kerala,Human Resources,Employee_913,1155236,Operations,2.6,Remote,MGR1012,51,43,Low,2021,3,Experienced
241,EMP100969,2024,PhonePe,Admin Executive,Non-binary,BBA,Cost reduction,Uttar Pradesh,Administration,Employee_970,383654,Marketing,2.8,Hybrid,MGR1069,64,41,Medium,2021,3,Experienced
242,EMP100977,2024,TCS,Product Analyst,Male,BBA,Project closure,Madhya Pradesh,Product,Employee_978,604226,Operations,2.9,WFO,MGR1077,22,19,Low,2021,3,Experienced
243,EMP101029,2024,Ola Electric,Software Developer,Female,CA,Cost reduction,Madhya Pradesh,Engineering,Employee_1030,775041,HR,4.0,Hybrid,MGR1129,62,20,Medium,2023,1,Experienced
244,EMP101142,2024,Cult.fit,Account Manager,Female,B.E.,Automation adoption,Maharashtra,Sales,Employee_1143,1969584,Finance,4.7,Hybrid,MGR1092,77,32,Medium,2021,3,Experienced
245,EMP101144,2024,Google,Talent Acquisition Specialist,Male,MCA,Role redundancy,Uttar Pradesh,Human Resources,Employee_1145,1398131,Marketing,4.6,Remote,MGR1094,61,47,High,2015,9,Experienced
246,EMP101147,2024,Microsoft,Account Manager,Female,B.E.,Market demand decline,Kerala,Sales,Employee_1148,2142363,Marketing,2.3,WFO,MGR1097,62,55,Low,2023,1,Experienced
247,EMP101192,2024,Unacademy,BI Analyst,Non-binary,M.Tech,Project closure,Odisha,Analytics,Employee_1193,1380650,Support,3.2,WFO,MGR1142,50,52,High,2018,6,Experienced
248,EMP101208,2024,TCS,Finance Executive,Non-binary,M.Tech,Automation adoption,Maharashtra,Finance,Employee_1209,1956229,IT,4.6,Hybrid,MGR1008,39,55,High,2017,7,Experienced
249,EMP101221,2024,TCS,BI Analyst,Non-binary,BBA,Business slowdown,Madhya Pradesh,Analytics,Employee_1222,885805,Operations,3.6,Remote,MGR1021,68,55,Low,2024,0,Fresher
250,EMP101236,2024,Ola Electric,Frontend Developer,Non-binary,BCA,Business slowdown,Gujarat,Engineering,Employee_1237,684011,IT,3.6,Hybrid,MGR1036,3,10,High,2019,5,Experienced
251,EMP101248,2024,Google,Recruiter,Male,B.E.,Performance review,Andhra Pradesh,Human Resources,Employee_1249,1985399,Finance,3.7,Remote,MGR1048,2,31,Medium,2016,8,Experienced
252,EMP101292,2024,Wipro,HR Executive,Female,Diploma,Role redundancy,Tamil Nadu,Human Resources,Employee_1293,1728654,Marketing,2.7,Remote,MGR1092,72,2,Low,2017,7,Experienced
253,EMP101342,2024,Swiggy,Inside Sales Executive,Non-binary,B.Tech,Business slowdown,Telangana,Sales,Employee_1343,1607878,Finance,2.3,Remote,MGR1142,16,56,Medium,2018,6,Experienced
254,EMP101345,2024,Swiggy,Data Analyst,Non-binary,MCA,Project closure,Tamil Nadu,Analytics,Employee_1346,1449129,Sales,4.4,WFO,MGR1145,4,18,Low,2023,1,Experienced
255,EMP101407,2024,PhonePe,Product Analyst,Non-binary,B.Sc,Market demand decline,Telangana,Product,Employee_1408,2149760,Marketing,4.8,Hybrid,MGR1057,13,24,High,2019,5,Experienced
256,EMP101413,2024,Byju's,Technical Support Executive,Male,BBA,Market demand decline,Telangana,Customer Support,Employee_1414,897756,Finance,3.2,Hybrid,MGR1063,11,25,Low,2019,5,Experienced
257,EMP101459,2024,Ola Electric,Account Manager,Female,MBA,Business restructuring,Tamil Nadu,Sales,Employee_1460,1900332,HR,4.2,WFO,MGR1109,72,3,Low,2021,3,Experienced
258,EMP101470,2024,TCS,HR Business Partner,Non-binary,MBA,Financial pressure,Maharashtra,Human Resources,Employee_1471,1160306,HR,3.5,Hybrid,MGR1120,17,45,Medium,2019,5,Experienced
259,EMP101482,2024,Meesho,Facilities Executive,Non-binary,M.Tech,Financial pressure,Andhra Pradesh,Administration,Employee_1483,1152092,IT,4.4,Remote,MGR1132,19,12,Medium,2022,2,Experienced
260,EMP101536,2024,Byju's,Tech Lead,Male,M.Tech,Project closure,Rajasthan,Engineering,Employee_1537,2037705,HR,2.2,WFO,MGR1036,45,51,Low,2017,7,Experienced
261,EMP101562,2024,Google,Recruiter,Non-binary,BBA,Performance review,Kerala,Human Resources,Employee_1563,1926647,Finance,3.7,Hybrid,MGR1062,60,57,High,2024,0,Fresher
262,EMP101563,2024,Unacademy,Data Analyst,Non-binary,Diploma,Market demand decline,Punjab,Analytics,Employee_1564,631181,Marketing,4.3,WFO,MGR1063,61,55,High,2024,0,Fresher
263,EMP101564,2024,Swiggy,Growth Manager,Non-binary,M.Com,Financial pressure,Kerala,Marketing,Employee_1565,2044662,Support,2.1,Remote,MGR1064,22,58,High,2016,8,Experienced
264,EMP101574,2024,Accenture,HR Executive,Non-binary,CA,Automation adoption,Delhi,Human Resources,Employee_1575,270453,Marketing,4.0,Remote,MGR1074,9,57,High,2024,0,Fresher
265,EMP101694,2024,Udaan,UX Designer,Female,B.Tech,Financial pressure,Odisha,Product,Employee_1695,325631,Finance,2.5,WFO,MGR1044,21,35,Low,2021,3,Experienced
266,EMP101781,2024,Byju's,Product Designer,Male,BCA,Project closure,West Bengal,Product,Employee_1782,1608627,IT,4.9,WFO,MGR1131,12,11,High,2015,9,Experienced
267,EMP101907,2024,Google,Account Manager,Female,MBA,Market demand decline,Tamil Nadu,Sales,Employee_1908,1544082,Finance,4.7,Remote,MGR1107,2,12,Medium,2019,5,Experienced
268,EMP101909,2024,Ola,Inside Sales Executive,Male,M.Tech,Cost reduction,Uttar Pradesh,Sales,Employee_1910,1657026,IT,3.7,Remote,MGR1109,27,3,High,2023,1,Experienced
269,EMP101933,2024,Paytm,Risk Analyst,Male,CA,Market demand decline,Kerala,Finance,Employee_1934,1096141,Finance,2.8,WFO,MGR1133,68,5,High,2015,9,Experienced
270,EMP101939,2024,Microsoft,Customer Success Executive,Non-binary,BCA,Performance review,Punjab,Customer Support,Employee_1940,1001360,IT,2.3,Hybrid,MGR1139,55,8,Low,2022,2,Experienced
271,EMP102031,2024,Ola Electric,Facilities Executive,Male,MBA,Business slowdown,Uttar Pradesh,Administration,Employee_2032,1895323,Finance,5.0,WFO,MGR1081,60,16,High,2016,8,Experienced
272,EMP102049,2024,Ola,HR Executive,Female,B.E.,Workforce restructuring,Kerala,Human Resources,Employee_2050,825554,Marketing,3.2,Hybrid,MGR1099,5,35,Medium,2016,8,Experienced
273,EMP102068,2024,Swiggy,Product Manager,Non-binary,CA,Automation adoption,Punjab,Product,Employee_2069,404567,IT,2.2,Hybrid,MGR1118,42,3,High,2016,8,Experienced
274,EMP102088,2024,Microsoft,MIS Executive,Non-binary,M.Com,Business restructuring,Delhi,Analytics,Employee_2089,1270948,IT,3.1,WFO,MGR1138,55,58,Low,2024,0,Fresher
275,EMP102098,2024,PhonePe,Operations Analyst,Female,Diploma,Market demand decline,Karnataka,Operations,Employee_2099,879201,Sales,3.0,WFO,MGR1148,36,6,High,2022,2,Experienced
276,EMP102250,2024,Accenture,Senior Software Engineer,Male,M.Com,Market demand decline,Maharashtra,Engineering,Employee_2251,1150772,Finance,4.5,Hybrid,MGR1000,45,51,Medium,2019,5,Experienced
277,EMP102272,2024,Cult.fit,Operations Analyst,Female,B.E.,Workforce restructuring,Andhra Pradesh,Operations,Employee_2273,1038771,Sales,4.5,Hybrid,MGR1022,22,11,Medium,2016,8,Experienced
278,EMP102306,2024,Meesho,HR Business Partner,Non-binary,BBA,Business slowdown,Telangana,Human Resources,Employee_2307,2195328,Finance,3.0,Hybrid,MGR1056,39,31,High,2015,9,Experienced
279,EMP102342,2024,Byju's,Operations Executive,Male,BCA,Role redundancy,Haryana,Operations,Employee_2343,422587,Support,2.8,Hybrid,MGR1092,73,0,Low,2022,2,Experienced
280,EMP102352,2024,Udaan,Operations Manager,Female,MBA,Workforce restructuring,Karnataka,Operations,Employee_2353,1213060,Marketing,4.8,WFO,MGR1102,65,30,Medium,2017,7,Experienced
281,EMP102357,2024,Cult.fit,Frontend Developer,Non-binary,M.Tech,Business restructuring,Rajasthan,Engineering,Employee_2358,1736150,Support,2.3,Remote,MGR1107,33,18,Low,2023,1,Experienced
282,EMP102378,2024,Meesho,Operations Manager,Non-binary,M.Com,Cost reduction,Maharashtra,Operations,Employee_2379,813024,IT,4.2,Hybrid,MGR1128,59,32,Low,2016,8,Experienced
283,EMP102449,2024,Unacademy,Data Analyst,Male,M.Com,Business slowdown,Andhra Pradesh,Analytics,Employee_2450,1085195,Support,3.4,Hybrid,MGR1049,62,49,High,2019,5,Experienced
284,EMP102453,2024,Infosys,Customer Support Executive,Female,M.Tech,Business restructuring,Gujarat,Customer Support,Employee_2454,1433243,HR,3.5,Remote,MGR1053,0,46,High,2023,1,Experienced
285,EMP102489,2024,Infosys,Risk Analyst,Female,B.Sc,Project closure,Odisha,Finance,Employee_2490,496930,Support,4.0,Remote,MGR1089,34,42,Low,2018,6,Experienced
286,EMP102594,2024,Wipro,Account Manager,Female,M.Com,Cost reduction,Telangana,Sales,Employee_2595,619909,Sales,2.5,Hybrid,MGR1044,33,56,High,2016,8,Experienced
287,EMP102629,2024,Flipkart,Accountant,Non-binary,B.E.,Cost reduction,Odisha,Finance,Employee_2630,1515577,Marketing,4.2,WFO,MGR1079,59,8,Medium,2019,5,Experienced
288,EMP102660,2024,Unacademy,Recruiter,Female,MBA,Workforce restructuring,Kerala,Human Resources,Employee_2661,2088181,IT,4.3,Remote,MGR1110,65,28,Low,2020,4,Experienced
289,EMP102683,2024,Flipkart,Facilities Executive,Non-binary,M.Tech,Automation adoption,Kerala,Administration,Employee_2684,803539,Finance,4.3,WFO,MGR1133,49,44,High,2022,2,Experienced
290,EMP102687,2024,Microsoft,Process Associate,Male,BCA,Market demand decline,Punjab,Operations,Employee_2688,1891097,Sales,3.4,WFO,MGR1137,53,9,Low,2017,7,Experienced
291,EMP102774,2024,Paytm,Business Analyst,Male,B.Sc,Business slowdown,Haryana,Analytics,Employee_2775,1819395,Sales,4.1,WFO,MGR1074,7,20,Medium,2018,6,Experienced
292,EMP102867,2024,Unacademy,Recruiter,Female,MBA,Role redundancy,Telangana,Human Resources,Employee_2868,1533520,HR,2.7,Remote,MGR1017,31,18,Low,2024,0,Fresher
293,EMP102900,2024,Unacademy,Process Associate,Female,MCA,Market demand decline,Telangana,Operations,Employee_2901,1051416,Finance,4.1,WFO,MGR1050,20,8,High,2023,1,Experienced
294,EMP102965,2024,Unacademy,BI Analyst,Non-binary,B.Sc,Market demand decline,Uttar Pradesh,Analytics,Employee_2966,388470,HR,4.1,Hybrid,MGR1115,25,39,High,2023,1,Experienced
295,EMP102970,2024,Paytm,Tech Lead,Non-binary,Diploma,Financial pressure,Uttar Pradesh,Engineering,Employee_2971,561747,Finance,2.1,WFO,MGR1120,18,23,Low,2022,2,Experienced
296,EMP102985,2024,Udaan,QA Engineer,Male,B.Sc,Automation adoption,Delhi,Engineering,Employee_2986,1055185,Support,2.8,WFO,MGR1135,49,38,Medium,2019,5,Experienced
297,EMP103039,2024,Cult.fit,UX Designer,Non-binary,B.E.,Project closure,West Bengal,Product,Employee_3040,1117993,Finance,3.0,Hybrid,MGR1039,25,12,Medium,2024,0,Fresher
298,EMP103124,2024,TCS,MIS Executive,Female,BBA,Automation adoption,Madhya Pradesh,Analytics,Employee_3125,682601,IT,4.9,Hybrid,MGR1124,75,11,Medium,2016,8,Experienced
299,EMP103131,2024,Swiggy,Financial Analyst,Non-binary,MCA,Role redundancy,Rajasthan,Finance,Employee_3132,927285,Operations,5.0,WFO,MGR1131,65,50,Low,2024,0,Fresher
300,EMP103197,2024,Amazon,Technical Support Executive,Male,CA,Automation adoption,Kerala,Customer Support,Employee_3198,263690,Operations,2.2,WFO,MGR1047,24,5,Low,2016,8,Experienced
301,EMP103226,2024,Deloitte,Sales Manager,Female,Diploma,Market demand decline,Andhra Pradesh,Sales,Employee_3227,1547432,Finance,3.5,Hybrid,MGR1076,71,48,Medium,2016,8,Experienced
302,EMP103291,2024,Wipro,Support Analyst,Female,M.Com,Performance review,Punjab,Customer Support,Employee_3292,1462509,Sales,3.3,Hybrid,MGR1141,40,33,Low,2022,2,Experienced
303,EMP103294,2024,Ola Electric,Growth Manager,Male,Diploma,Performance review,Uttar Pradesh,Marketing,Employee_3295,844033,Support,4.3,WFO,MGR1144,25,12,Low,2015,9,Experienced
304,EMP103300,2024,Paytm,UX Designer,Male,M.Tech,Market demand decline,Telangana,Product,Employee_3301,2116877,Marketing,3.6,WFO,MGR1000,49,30,Medium,2022,2,Experienced
305,EMP103349,2024,Swiggy,BI Analyst,Male,BBA,Automation adoption,Punjab,Analytics,Employee_3350,544279,Operations,3.8,Remote,MGR1049,14,47,Medium,2015,9,Experienced
306,EMP103354,2024,Paytm,Digital Marketing Specialist,Female,M.Com,Financial pressure,Telangana,Marketing,Employee_3355,1102621,Operations,3.0,WFO,MGR1054,30,22,High,2017,7,Experienced
307,EMP103394,2024,Ola Electric,Data Engineer,Male,MBA,Workforce restructuring,Karnataka,Engineering,Employee_3395,1924193,IT,4.0,WFO,MGR1094,32,32,Medium,2018,6,Experienced
308,EMP103484,2024,Microsoft,Content Manager,Male,B.Tech,Cost reduction,West Bengal,Marketing,Employee_3485,780865,Sales,3.5,WFO,MGR1034,10,59,Low,2017,7,Experienced
309,EMP103507,2024,Wipro,Process Associate,Female,MBA,Business slowdown,Odisha,Operations,Employee_3508,1994819,HR,3.9,WFO,MGR1057,21,58,Low,2021,3,Experienced
310,EMP103560,2024,Deloitte,MIS Executive,Female,CA,Performance review,Maharashtra,Analytics,Employee_3561,1732279,HR,2.4,Hybrid,MGR1110,17,2,Medium,2021,3,Experienced
311,EMP103571,2024,Microsoft,Content Manager,Male,MBA,Business restructuring,West Bengal,Marketing,Employee_3572,1030352,Marketing,4.9,Hybrid,MGR1121,16,44,Low,2016,8,Experienced
312,EMP103615,2024,PhonePe,Operations Manager,Non-binary,B.E.,Project closure,Tamil Nadu,Operations,Employee_3616,1832536,Finance,2.8,Remote,MGR1015,24,51,Medium,2016,8,Experienced
313,EMP103646,2024,Swiggy,MIS Executive,Female,Diploma,Business restructuring,Telangana,Analytics,Employee_3647,1920906,HR,4.9,Remote,MGR1046,46,59,Low,2024,0,Fresher
314,EMP103692,2024,Infosys,Product Designer,Male,Diploma,Market demand decline,Rajasthan,Product,Employee_3693,610227,Support,2.6,Hybrid,MGR1092,73,13,High,2021,3,Experienced
315,EMP103697,2024,Wipro,Frontend Developer,Male,MBA,Market demand decline,Kerala,Engineering,Employee_3698,369814,Marketing,3.0,WFO,MGR1097,37,56,Medium,2024,0,Fresher
316,EMP103744,2024,ShareChat,Product Analyst,Non-binary,Diploma,Market demand decline,Kerala,Product,Employee_3745,835964,IT,3.8,Hybrid,MGR1144,16,41,Medium,2015,9,Experienced
317,EMP103915,2024,Infosys,Digital Marketing Specialist,Non-binary,M.Com,Workforce restructuring,Tamil Nadu,Marketing,Employee_3916,401301,HR,3.4,Remote,MGR1015,66,59,Low,2017,7,Experienced
318,EMP104025,2024,Deloitte,Finance Executive,Non-binary,M.Com,Performance review,Uttar Pradesh,Finance,Employee_4026,632506,Support,2.3,Remote,MGR1125,31,41,High,2022,2,Experienced
319,EMP104057,2024,Byju's,Backend Developer,Non-binary,B.E.,Market demand decline,Madhya Pradesh,Engineering,Employee_4058,1455015,Sales,3.6,Hybrid,MGR1007,57,26,Low,2017,7,Experienced
320,EMP104113,2024,TCS,Product Analyst,Male,CA,Cost reduction,Telangana,Product,Employee_4114,1563344,HR,2.4,Remote,MGR1063,73,25,Low,2017,7,Experienced
321,EMP104164,2024,Accenture,Facilities Executive,Female,CA,Financial pressure,Gujarat,Administration,Employee_4165,1788629,IT,3.3,Remote,MGR1114,48,25,Medium,2018,6,Experienced
322,EMP104168,2024,Udaan,Product Designer,Female,M.Com,Business slowdown,Haryana,Product,Employee_4169,312651,IT,3.6,Hybrid,MGR1118,32,53,Low,2017,7,Experienced
323,EMP104211,2024,Google,Sales Manager,Female,Diploma,Business slowdown,Kerala,Sales,Employee_4212,1325952,HR,4.8,Remote,MGR1011,21,24,Low,2018,6,Experienced
324,EMP104281,2024,Ola,DevOps Engineer,Male,B.Sc,Business slowdown,Uttar Pradesh,Engineering,Employee_4282,1603721,HR,3.0,Remote,MGR1081,13,53,High,2017,7,Experienced
325,EMP104292,2024,Unacademy,Recruiter,Female,BBA,Performance review,Telangana,Human Resources,Employee_4293,1190863,Marketing,4.9,WFO,MGR1092,66,22,Medium,2019,5,Experienced
326,EMP104340,2024,Ola Electric,Digital Marketing Specialist,Non-binary,MCA,Business restructuring,Madhya Pradesh,Marketing,Employee_4341,610173,Support,4.1,Hybrid,MGR1140,69,48,Low,2021,3,Experienced
327,EMP104373,2024,Cult.fit,Digital Marketing Specialist,Non-binary,M.Tech,Automation adoption,Haryana,Marketing,Employee_4374,529084,Marketing,3.4,Remote,MGR1023,18,19,Medium,2022,2,Experienced
328,EMP104387,2024,Udaan,Facilities Executive,Male,M.Tech,Role redundancy,Kerala,Administration,Employee_4388,1993885,Sales,4.7,Hybrid,MGR1037,10,15,Medium,2018,6,Experienced
329,EMP104419,2024,Ola,Reporting Analyst,Non-binary,MBA,Performance review,Punjab,Analytics,Employee_4420,2053698,Operations,3.9,Hybrid,MGR1069,37,48,High,2019,5,Experienced
330,EMP104428,2024,Wipro,Inside Sales Executive,Non-binary,BCA,Role redundancy,Odisha,Sales,Employee_4429,1881051,Marketing,2.2,WFO,MGR1078,35,35,High,2021,3,Experienced
331,EMP104460,2024,Udaan,Sales Executive,Female,M.Tech,Market demand decline,Kerala,Sales,Employee_4461,1802786,Sales,4.9,Remote,MGR1110,6,31,High,2022,2,Experienced
332,EMP104537,2024,Paytm,UX Designer,Male,M.Tech,Market demand decline,Telangana,Product,Employee_4538,1852099,Support,2.1,Remote,MGR1037,65,38,Medium,2017,7,Experienced
333,EMP100066,2024,Meesho,Product Manager,Male,M.Com,Financial pressure,Maharashtra,Product,Employee_67,308565,Support,2.1,WFO,MGR1066,10,30,Low,2022,2,Experienced
334,EMP100075,2024,Swiggy,Marketing Executive,Male,B.Tech,Role redundancy,Telangana,Marketing,Employee_76,2133041,Marketing,4.4,WFO,MGR1075,29,26,High,2016,8,Experienced
335,EMP100144,2024,Ola Electric,BI Analyst,Male,BBA,Project closure,Punjab,Analytics,Employee_145,1778719,HR,3.0,WFO,MGR1144,1,28,Medium,2024,0,Fresher
336,EMP100225,2024,Wipro,Product Analyst,Non-binary,M.Tech,Business slowdown,Delhi,Product,Employee_226,2187617,Marketing,2.6,WFO,MGR1075,21,27,High,2023,1,Experienced
337,EMP100255,2024,Accenture,Product Designer,Female,CA,Workforce restructuring,Uttar Pradesh,Product,Employee_256,459938,Sales,4.4,WFO,MGR1105,18,2,High,2023,1,Experienced
338,EMP100264,2024,PhonePe,DevOps Engineer,Male,BCA,Financial pressure,Uttar Pradesh,Engineering,Employee_265,1367043,Finance,2.3,Remote,MGR1114,70,49,Low,2015,9,Experienced
339,EMP100312,2024,Swiggy,Customer Success Executive,Non-binary,MCA,Financial pressure,Uttar Pradesh,Customer Support,Employee_313,1290800,Sales,3.6,WFO,MGR1012,61,2,Low,2024,0,Fresher
340,EMP100539,2024,Infosys,Office Administrator,Male,CA,Business slowdown,West Bengal,Administration,Employee_540,1746628,HR,2.2,Remote,MGR1089,4,13,Medium,2022,2,Experienced
341,EMP100565,2024,Deloitte,Product Analyst,Male,BBA,Project closure,Odisha,Product,Employee_566,2111579,Operations,2.9,Remote,MGR1115,54,3,Medium,2022,2,Experienced
342,EMP100680,2024,Infosys,Data Scientist,Male,B.E.,Cost reduction,Rajasthan,Analytics,Employee_681,1066670,Marketing,4.3,Remote,MGR1080,24,37,Medium,2017,7,Experienced
343,EMP100700,2024,Paytm,Backend Developer,Male,BCA,Business slowdown,Karnataka,Engineering,Employee_701,1720031,Finance,4.9,WFO,MGR1100,66,34,High,2018,6,Experienced
344,EMP100769,2024,Wipro,HR Executive,Female,M.Com,Role redundancy,Odisha,Human Resources,Employee_770,1520999,Support,2.3,WFO,MGR1019,66,44,Medium,2024,0,Fresher
345,EMP100800,2024,TCS,Digital Marketing Specialist,Non-binary,Diploma,Role redundancy,Karnataka,Marketing,Employee_801,1449119,Operations,3.7,Hybrid,MGR1050,59,1,Medium,2020,4,Experienced
346,EMP100804,2024,Ola Electric,Business Analyst,Female,B.E.,Business slowdown,West Bengal,Analytics,Employee_805,1991691,Sales,3.4,Remote,MGR1054,72,31,Low,2023,1,Experienced
347,EMP100807,2024,Paytm,QA Engineer,Male,M.Com,Market demand decline,Punjab,Engineering,Employee_808,1631668,Support,3.0,Hybrid,MGR1057,56,25,Medium,2021,3,Experienced
348,EMP100816,2024,Amazon,Product Analyst,Non-binary,MBA,Business slowdown,Haryana,Product,Employee_817,1669694,Operations,2.1,Hybrid,MGR1066,65,9,Low,2017,7,Experienced
349,EMP100828,2024,Deloitte,HR Business Partner,Non-binary,BBA,Performance review,Haryana,Human Resources,Employee_829,1529057,Marketing,3.1,Hybrid,MGR1078,51,31,High,2019,5,Experienced
350,EMP100838,2024,PhonePe,DevOps Engineer,Non-binary,M.Com,Business restructuring,Rajasthan,Engineering,Employee_839,1644974,Marketing,3.3,Hybrid,MGR1088,24,1,High,2016,8,Experienced
351,EMP100870,2024,Ola Electric,HR Executive,Female,M.Tech,Business slowdown,Delhi,Human Resources,Employee_871,1983255,Finance,4.9,Hybrid,MGR1120,37,29,Low,2018,6,Experienced
352,EMP100878,2024,Paytm,Growth Manager,Female,B.E.,Role redundancy,West Bengal,Marketing,Employee_879,1109364,Finance,3.2,Remote,MGR1128,26,52,Low,2016,8,Experienced
353,EMP100882,2024,Unacademy,Technical Support Executive,Male,M.Tech,Workforce restructuring,Telangana,Customer Support,Employee_883,532330,Support,4.6,WFO,MGR1132,67,12,Medium,2021,3,Experienced
354,EMP100891,2024,PhonePe,HR Business Partner,Non-binary,MBA,Workforce restructuring,Uttar Pradesh,Human Resources,Employee_892,1206060,Support,4.4,Hybrid,MGR1141,74,9,Medium,2022,2,Experienced
355,EMP100906,2024,Infosys,HR Executive,Male,B.Sc,Project closure,Uttar Pradesh,Human Resources,Employee_907,2046005,Sales,3.2,Hybrid,MGR1006,2,14,Medium,2022,2,Experienced
356,EMP100922,2024,Paytm,Operations Manager,Non-binary,M.Tech,Business slowdown,Delhi,Operations,Employee_923,564379,IT,5.0,WFO,MGR1022,39,17,Low,2024,0,Fresher
357,EMP100927,2024,Ola Electric,Product Designer,Male,BCA,Cost reduction,Uttar Pradesh,Product,Employee_928,1452662,IT,3.9,Remote,MGR1027,30,30,Low,2023,1,Experienced
358,EMP100981,2024,Paytm,Growth Manager,Non-binary,MCA,Project closure,Rajasthan,Marketing,Employee_982,934552,IT,3.5,WFO,MGR1081,12,46,High,2022,2,Experienced
359,EMP100988,2024,Meesho,Product Analyst,Non-binary,B.Sc,Workforce restructuring,Haryana,Product,Employee_989,617616,Operations,4.5,Hybrid,MGR1088,32,59,Low,2017,7,Experienced
360,EMP100989,2024,Cult.fit,Operations Manager,Female,CA,Cost reduction,Tamil Nadu,Operations,Employee_990,657042,IT,3.9,Remote,MGR1089,1,41,Medium,2015,9,Experienced
361,EMP101069,2024,Microsoft,Reporting Analyst,Female,MBA,Business restructuring,Tamil Nadu,Analytics,Employee_1070,1532165,Finance,4.4,Hybrid,MGR1019,46,54,Medium,2017,7,Experienced
362,EMP101072,2024,Wipro,Content Manager,Male,M.Com,Automation adoption,Madhya Pradesh,Marketing,Employee_1073,2000699,HR,4.0,Hybrid,MGR1022,39,39,Low,2019,5,Experienced
363,EMP101103,2024,ShareChat,Content Manager,Female,Diploma,Cost reduction,Tamil Nadu,Marketing,Employee_1104,322939,Operations,3.4,Remote,MGR1053,53,4,Medium,2023,1,Experienced
364,EMP101138,2024,Unacademy,Reporting Analyst,Male,MBA,Automation adoption,Andhra Pradesh,Analytics,Employee_1139,2067553,HR,4.6,Hybrid,MGR1088,67,27,Medium,2024,0,Fresher
365,EMP101211,2024,Google,Product Manager,Male,BCA,Business slowdown,Andhra Pradesh,Product,Employee_1212,1955748,Sales,3.5,Hybrid,MGR1011,76,31,Low,2022,2,Experienced
366,EMP101243,2024,Microsoft,Recruiter,Male,B.Tech,Project closure,Uttar Pradesh,Human Resources,Employee_1244,1995484,Sales,2.5,WFO,MGR1043,31,10,High,2023,1,Experienced
367,EMP101275,2024,Accenture,Data Engineer,Male,M.Com,Business restructuring,Delhi,Engineering,Employee_1276,1995517,IT,2.8,Remote,MGR1075,60,52,Medium,2022,2,Experienced
368,EMP101309,2024,Accenture,UX Designer,Female,MBA,Automation adoption,Andhra Pradesh,Product,Employee_1310,643031,Support,2.2,WFO,MGR1109,16,58,Medium,2015,9,Experienced
369,EMP101336,2024,Byju's,Sales Manager,Female,M.Tech,Role redundancy,Karnataka,Sales,Employee_1337,1844758,Finance,3.9,Hybrid,MGR1136,3,35,High,2017,7,Experienced
370,EMP101495,2024,Microsoft,Recruiter,Female,B.Sc,Business restructuring,Punjab,Human Resources,Employee_1496,332689,Marketing,2.9,Hybrid,MGR1145,77,2,Medium,2023,1,Experienced
371,EMP101521,2024,Amazon,Data Analyst,Male,M.Tech,Automation adoption,Kerala,Analytics,Employee_1522,713435,Finance,3.4,WFO,MGR1021,76,58,High,2021,3,Experienced
372,EMP101529,2024,Udaan,Tech Lead,Female,B.Sc,Market demand decline,Rajasthan,Engineering,Employee_1530,1851809,Operations,3.5,WFO,MGR1029,62,37,Low,2024,0,Fresher
373,EMP101809,2024,Byju's,Operations Executive,Female,CA,Business restructuring,Gujarat,Operations,Employee_1810,1826040,Finance,4.2,Remote,MGR1009,12,34,Medium,2022,2,Experienced
374,EMP101849,2024,Infosys,Office Administrator,Male,CA,Business slowdown,West Bengal,Administration,Employee_1850,1127675,Support,2.3,Hybrid,MGR1049,64,49,High,2017,7,Experienced
375,EMP102015,2024,Google,Operations Manager,Non-binary,MBA,Business restructuring,Odisha,Operations,Employee_2016,1441524,Finance,3.1,WFO,MGR1065,73,29,High,2023,1,Experienced
376,EMP102033,2024,Byju's,Technical Support Executive,Male,B.E.,Workforce restructuring,Gujarat,Customer Support,Employee_2034,1718997,Support,4.4,Remote,MGR1083,42,33,High,2017,7,Experienced
377,EMP102089,2024,Wipro,Recruiter,Non-binary,MCA,Workforce restructuring,Andhra Pradesh,Human Resources,Employee_2090,875162,Sales,3.0,Hybrid,MGR1139,0,3,Low,2021,3,Experienced
378,EMP102309,2024,Ola Electric,Inside Sales Executive,Non-binary,B.Tech,Business slowdown,Delhi,Sales,Employee_2310,512338,Marketing,3.2,WFO,MGR1059,7,27,Low,2016,8,Experienced
379,EMP102349,2024,Accenture,Tech Lead,Male,MCA,Workforce restructuring,Tamil Nadu,Engineering,Employee_2350,2191220,HR,2.8,Hybrid,MGR1099,30,8,High,2019,5,Experienced
380,EMP102356,2024,Swiggy,Product Manager,Male,B.E.,Workforce restructuring,Delhi,Product,Employee_2357,297773,HR,2.4,WFO,MGR1106,53,28,Medium,2015,9,Experienced
381,EMP102365,2024,Paytm,Data Engineer,Male,BCA,Cost reduction,Andhra Pradesh,Engineering,Employee_2366,1890589,Sales,4.8,Hybrid,MGR1115,63,39,Low,2024,0,Fresher
382,EMP102512,2024,Meesho,Technical Support Executive,Male,BBA,Financial pressure,Rajasthan,Customer Support,Employee_2513,1821769,IT,4.0,Hybrid,MGR1112,60,14,Medium,2016,8,Experienced
383,EMP102604,2024,Ola,Customer Success Executive,Non-binary,MBA,Performance review,Karnataka,Customer Support,Employee_2605,973289,Operations,5.0,Hybrid,MGR1054,0,31,Medium,2021,3,Experienced
384,EMP102658,2024,TCS,Customer Support Executive,Male,M.Com,Project closure,Andhra Pradesh,Customer Support,Employee_2659,2180872,Marketing,2.7,WFO,MGR1108,32,11,Low,2023,1,Experienced
385,EMP102678,2024,Unacademy,Marketing Executive,Male,MCA,Performance review,Gujarat,Marketing,Employee_2679,1128868,Sales,4.3,WFO,MGR1128,54,22,Medium,2019,5,Experienced
386,EMP102691,2024,ShareChat,Admin Executive,Male,Diploma,Business restructuring,Kerala,Administration,Employee_2692,1720337,Sales,4.5,WFO,MGR1141,76,51,Low,2024,0,Fresher
387,EMP102727,2024,Wipro,Product Designer,Female,Diploma,Business restructuring,Delhi,Product,Employee_2728,1711635,IT,3.6,WFO,MGR1027,30,18,High,2020,4,Experienced
388,EMP102775,2024,Google,Product Designer,Non-binary,B.Tech,Market demand decline,Tamil Nadu,Product,Employee_2776,2108293,IT,4.0,Remote,MGR1075,14,45,Medium,2019,5,Experienced
389,EMP102800,2024,Accenture,HR Business Partner,Male,BCA,Business restructuring,Telangana,Human Resources,Employee_2801,975943,Finance,3.8,Hybrid,MGR1100,55,36,Low,2023,1,Experienced
390,EMP102839,2024,Ola Electric,Frontend Developer,Female,BCA,Project closure,West Bengal,Engineering,Employee_2840,1731464,IT,3.5,Hybrid,MGR1139,16,17,High,2022,2,Experienced
391,EMP102933,2024,Paytm,Tech Lead,Female,M.Tech,Business slowdown,Haryana,Engineering,Employee_2934,2060029,Operations,4.1,Hybrid,MGR1083,2,50,Medium,2017,7,Experienced
392,EMP102943,2024,Swiggy,Content Manager,Non-binary,Diploma,Workforce restructuring,Punjab,Marketing,Employee_2944,2156905,Finance,2.2,WFO,MGR1093,35,3,Medium,2020,4,Experienced
393,EMP102961,2024,Amazon,Tech Lead,Female,BCA,Market demand decline,Delhi,Engineering,Employee_2962,1699590,Operations,2.5,Hybrid,MGR1111,11,11,High,2016,8,Experienced
394,EMP103007,2024,Accenture,Growth Manager,Male,M.Com,Performance review,Kerala,Marketing,Employee_3008,502768,Sales,2.2,Hybrid,MGR1007,71,45,Low,2015,9,Experienced
395,EMP103037,2024,Meesho,Recruiter,Non-binary,B.E.,Business slowdown,Uttar Pradesh,Human Resources,Employee_3038,380841,Operations,3.1,Hybrid,MGR1037,31,40,High,2020,4,Experienced
396,EMP103078,2024,Google,UX Designer,Female,MCA,Project closure,Andhra Pradesh,Product,Employee_3079,1661251,Support,4.7,Hybrid,MGR1078,35,18,Medium,2018,6,Experienced
397,EMP103162,2024,Accenture,Software Developer,Non-binary,B.E.,Business slowdown,West Bengal,Engineering,Employee_3163,1027053,Sales,4.1,WFO,MGR1012,62,18,Medium,2018,6,Experienced
398,EMP103165,2024,Swiggy,Growth Manager,Male,BCA,Automation adoption,West Bengal,Marketing,Employee_3166,821517,Operations,3.5,WFO,MGR1015,55,7,Medium,2023,1,Experienced
399,EMP103231,2024,ShareChat,Finance Executive,Male,MBA,Performance review,Haryana,Finance,Employee_3232,1905045,Sales,4.6,Remote,MGR1081,20,43,High,2021,3,Experienced
400,EMP103276,2024,Ola,HR Business Partner,Female,MBA,Market demand decline,Delhi,Human Resources,Employee_3277,1881574,Support,3.4,WFO,MGR1126,19,28,Medium,2019,5,Experienced
401,EMP103338,2024,Unacademy,Growth Manager,Non-binary,Diploma,Market demand decline,Odisha,Marketing,Employee_3339,477177,Sales,3.1,Remote,MGR1038,66,9,High,2021,3,Experienced
402,EMP103343,2024,Udaan,Admin Executive,Male,MCA,Automation adoption,Rajasthan,Administration,Employee_3344,668065,HR,4.5,Remote,MGR1043,1,28,Medium,2019,5,Experienced
403,EMP103364,2024,Ola Electric,Product Analyst,Female,BBA,Workforce restructuring,Andhra Pradesh,Product,Employee_3365,1707097,Marketing,4.3,WFO,MGR1064,51,12,Medium,2024,0,Fresher
404,EMP103450,2024,ShareChat,Account Manager,Male,B.Sc,Business restructuring,Odisha,Sales,Employee_3451,1404932,HR,4.7,Remote,MGR1000,56,55,High,2015,9,Experienced
405,EMP103500,2024,Byju's,Risk Analyst,Non-binary,B.E.,Business slowdown,Odisha,Finance,Employee_3501,682964,HR,3.0,Remote,MGR1050,58,39,High,2020,4,Experienced
406,EMP103517,2024,Infosys,Financial Analyst,Male,B.Tech,Role redundancy,Kerala,Finance,Employee_3518,1878690,Operations,3.6,Remote,MGR1067,63,51,High,2024,0,Fresher
407,EMP103545,2024,Byju's,Sales Manager,Female,CA,Business slowdown,Uttar Pradesh,Sales,Employee_3546,2072111,Sales,4.5,WFO,MGR1095,77,32,High,2015,9,Experienced
408,EMP103549,2024,Wipro,Sales Manager,Male,B.Sc,Performance review,Rajasthan,Sales,Employee_3550,777538,IT,3.5,Hybrid,MGR1099,66,50,High,2022,2,Experienced
409,EMP103568,2024,ShareChat,Support Analyst,Male,CA,Business slowdown,Andhra Pradesh,Customer Support,Employee_3569,710215,Support,3.8,Remote,MGR1118,5,30,High,2017,7,Experienced
410,EMP103582,2024,Deloitte,MIS Executive,Non-binary,B.Sc,Workforce restructuring,West Bengal,Analytics,Employee_3583,1943573,Operations,4.4,Remote,MGR1132,74,3,High,2021,3,Experienced
411,EMP103634,2024,Flipkart,Support Analyst,Non-binary,BCA,Role redundancy,Gujarat,Customer Support,Employee_3635,1805143,Support,3.4,Remote,MGR1034,18,46,High,2021,3,Experienced
412,EMP103814,2024,Unacademy,Process Associate,Non-binary,B.E.,Role redundancy,Tamil Nadu,Operations,Employee_3815,2139186,HR,3.2,Remote,MGR1064,27,32,Medium,2024,0,Fresher
413,EMP103905,2024,Google,Growth Manager,Male,BBA,Market demand decline,Tamil Nadu,Marketing,Employee_3906,1204362,Support,3.4,Remote,MGR1005,45,50,Medium,2023,1,Experienced
414,EMP103924,2024,Udaan,Data Analyst,Female,B.Sc,Automation adoption,Maharashtra,Analytics,Employee_3925,849625,Operations,2.1,WFO,MGR1024,63,8,High,2020,4,Experienced
415,EMP103935,2024,Byju's,Recruiter,Non-binary,M.Com,Role redundancy,Karnataka,Human Resources,Employee_3936,427912,Sales,2.6,WFO,MGR1035,16,14,Medium,2016,8,Experienced
416,EMP103950,2024,Cult.fit,Product Manager,Male,B.E.,Market demand decline,Madhya Pradesh,Product,Employee_3951,1296131,Operations,4.5,WFO,MGR1050,51,37,High,2018,6,Experienced
417,EMP104023,2024,ShareChat,Operations Manager,Female,M.Tech,Role redundancy,Delhi,Operations,Employee_4024,2152194,Marketing,2.4,Remote,MGR1123,78,48,Low,2016,8,Experienced
418,EMP104055,2024,Unacademy,Office Administrator,Female,B.E.,Financial pressure,Telangana,Administration,Employee_4056,1796447,IT,2.3,Hybrid,MGR1005,38,50,Medium,2015,9,Experienced
419,EMP104083,2024,Swiggy,DevOps Engineer,Non-binary,BBA,Business slowdown,Haryana,Engineering,Employee_4084,285391,Sales,4.2,Remote,MGR1033,16,35,Medium,2016,8,Experienced
420,EMP104116,2024,Amazon,MIS Executive,Male,CA,Role redundancy,Tamil Nadu,Analytics,Employee_4117,1771574,HR,3.1,WFO,MGR1066,24,10,Medium,2018,6,Experienced
421,EMP104153,2024,Flipkart,DevOps Engineer,Male,M.Com,Business restructuring,Andhra Pradesh,Engineering,Employee_4154,1769113,Marketing,3.7,WFO,MGR1103,3,24,Medium,2020,4,Experienced
422,EMP104191,2024,Amazon,Technical Support Executive,Male,MBA,Automation adoption,Uttar Pradesh,Customer Support,Employee_4192,779363,Marketing,3.4,Remote,MGR1141,60,51,High,2020,4,Experienced
423,EMP104200,2024,Microsoft,Admin Executive,Female,CA,Business restructuring,West Bengal,Administration,Employee_4201,1525956,Marketing,2.6,Hybrid,MGR1000,16,57,High,2023,1,Experienced
424,EMP104242,2024,Wipro,Product Manager,Female,MCA,Business restructuring,Uttar Pradesh,Product,Employee_4243,1337278,Finance,4.1,WFO,MGR1042,78,41,Medium,2019,5,Experienced
425,EMP104267,2024,Flipkart,Business Development Executive,Non-binary,M.Tech,Project closure,Kerala,Sales,Employee_4268,1357234,IT,4.4,Hybrid,MGR1067,70,3,Medium,2020,4,Experienced
426,EMP104315,2024,Cult.fit,Recruiter,Female,MBA,Project closure,Maharashtra,Human Resources,Employee_4316,301881,Finance,4.2,Remote,MGR1115,49,34,Low,2021,3,Experienced
427,EMP104359,2024,Google,Admin Executive,Female,MBA,Performance review,Andhra Pradesh,Administration,Employee_4360,1279726,HR,2.5,WFO,MGR1009,50,20,Low,2023,1,Experienced
428,EMP104374,2024,Byju's,Backend Developer,Male,BBA,Role redundancy,Maharashtra,Engineering,Employee_4375,1331973,Support,4.7,Remote,MGR1024,42,39,High,2017,7,Experienced
429,EMP104433,2024,Accenture,Reporting Analyst,Male,CA,Business slowdown,Uttar Pradesh,Analytics,Employee_4434,972460,Marketing,2.7,Remote,MGR1083,37,20,Medium,2020,4,Experienced
430,EMP104469,2024,ShareChat,UX Designer,Male,B.Sc,Project closure,Tamil Nadu,Product,Employee_4470,1661943,IT,4.2,Hybrid,MGR1119,21,52,Low,2023,1,Experienced
431,EMP104480,2024,Ola,Data Analyst,Female,MBA,Market demand decline,Andhra Pradesh,Analytics,Employee_4481,1211867,Support,4.2,WFO,MGR1130,38,6,High,2022,2,Experienced
432,EMP100008,2024,Unacademy,Data Analyst,Female,CA,Financial pressure,Punjab,Analytics,Employee_9,1637234,Operations,3.4,WFO,MGR1008,14,11,High,2019,5,Experienced
433,EMP100043,2024,Infosys,Admin Executive,Female,B.E.,Business slowdown,Karnataka,Operations,Employee_44,1531355,Marketing,4.6,Remote,MGR1043,66,14,High,2021,3,Experienced
434,EMP100046,2024,Accenture,Support Analyst,Female,MCA,Business slowdown,Andhra Pradesh,Customer Support,Employee_47,451352,HR,3.1,WFO,MGR1046,50,32,Medium,2020,4,Experienced
435,EMP100051,2024,Ola Electric,Office Administrator,Non-binary,M.Com,Performance review,Rajasthan,Administration,Employee_52,2013672,HR,2.6,Hybrid,MGR1051,15,1,Low,2024,0,Fresher
436,EMP100082,2024,Google,Sales Manager,Non-binary,BBA,Project closure,Maharashtra,Sales,Employee_83,2011951,HR,4.9,Remote,MGR1082,53,22,High,2019,5,Experienced
437,EMP100112,2024,Infosys,Support Analyst,Non-binary,M.Tech,Financial pressure,Maharashtra,Customer Support,Employee_113,1765527,HR,3.1,Remote,MGR1112,63,8,Medium,2023,1,Experienced
438,EMP100133,2024,Udaan,Accountant,Male,Diploma,Financial pressure,Telangana,Finance,Employee_134,250082,Support,4.8,WFO,MGR1133,8,53,High,2024,0,Fresher
439,EMP100138,2024,Accenture,Financial Analyst,Non-binary,BBA,Performance review,Andhra Pradesh,Finance,Employee_139,260730,Support,2.9,WFO,MGR1138,54,40,Medium,2019,5,Experienced
440,EMP100164,2024,ShareChat,Facilities Executive,Male,M.Com,Business slowdown,West Bengal,Administration,Employee_165,1593786,IT,4.7,Hybrid,MGR1014,6,29,Low,2019,5,Experienced
441,EMP100169,2024,Ola,Marketing Executive,Non-binary,M.Tech,Financial pressure,Uttar Pradesh,Marketing,Employee_170,791662,Operations,2.2,WFO,MGR1019,18,9,Low,2018,6,Experienced
442,EMP100177,2024,Byju's,Admin Executive,Non-binary,B.Tech,Automation adoption,Telangana,Administration,Employee_178,1525937,Operations,3.9,Remote,MGR1027,62,13,Low,2017,7,Experienced
443,EMP100187,2024,Flipkart,Operations Executive,Male,B.E.,Performance review,Tamil Nadu,Operations,Employee_188,349378,Support,4.1,Hybrid,MGR1037,37,20,High,2021,3,Experienced
444,EMP100210,2024,Udaan,Recruiter,Female,MCA,Project closure,Tamil Nadu,Human Resources,Employee_211,1069917,IT,2.9,Remote,MGR1060,3,17,Medium,2019,5,Experienced
445,EMP100257,2024,Infosys,Admin Executive,Non-binary,M.Com,Financial pressure,Karnataka,Administration,Employee_258,1447963,Operations,4.8,WFO,MGR1107,69,2,Medium,2019,5,Experienced
446,EMP100280,2024,Ola,QA Engineer,Male,MCA,Project closure,Kerala,Engineering,Employee_281,2041526,Finance,2.5,Remote,MGR1130,49,49,Low,2015,9,Experienced
447,EMP100379,2024,Byju's,Customer Success Executive,Female,M.Com,Financial pressure,Madhya Pradesh,Customer Support,Employee_380,1675492,Marketing,2.7,Remote,MGR1079,42,16,High,2022,2,Experienced
448,EMP100387,2024,Google,Business Analyst,Female,M.Com,Business slowdown,Karnataka,Analytics,Employee_388,2197894,Sales,2.5,Remote,MGR1087,36,48,Low,2015,9,Experienced
449,EMP100503,2024,Ola,Finance Executive,Male,CA,Automation adoption,Tamil Nadu,Finance,Employee_504,1470999,Marketing,4.4,WFO,MGR1053,50,8,Low,2018,6,Experienced
450,EMP100546,2024,Ola Electric,Inside Sales Executive,Female,B.Sc,Financial pressure,Odisha,Sales,Employee_547,2033640,Finance,2.6,Hybrid,MGR1096,75,57,High,2019,5,Experienced
451,EMP100547,2024,Deloitte,Finance Executive,Non-binary,M.Tech,Performance review,Madhya Pradesh,Finance,Employee_548,753749,Sales,3.8,WFO,MGR1097,74,24,Low,2021,3,Experienced
452,EMP100560,2024,Udaan,Operations Manager,Female,B.Tech,Business restructuring,Tamil Nadu,Operations,Employee_561,1104314,Support,3.5,Remote,MGR1110,69,29,Medium,2022,2,Experienced
453,EMP100594,2024,Wipro,Account Manager,Male,B.E.,Business slowdown,Maharashtra,Sales,Employee_595,1699169,HR,2.4,Hybrid,MGR1144,37,52,Medium,2017,7,Experienced
454,EMP100620,2024,Ola,Tech Lead,Male,B.Sc,Business slowdown,Tamil Nadu,Engineering,Employee_621,1011916,Operations,2.5,Remote,MGR1020,71,49,High,2020,4,Experienced
455,EMP100687,2024,Infosys,Office Administrator,Male,B.E.,Performance review,Rajasthan,Administration,Employee_688,720599,Operations,4.6,WFO,MGR1087,23,17,High,2022,2,Experienced
456,EMP100691,2024,Udaan,Office Administrator,Male,B.Tech,Automation adoption,Gujarat,Administration,Employee_692,709043,Sales,4.6,Hybrid,MGR1091,64,58,Medium,2022,2,Experienced
457,EMP100737,2024,Swiggy,Business Development Executive,Male,MCA,Automation adoption,Gujarat,Sales,Employee_738,933494,Operations,4.1,Hybrid,MGR1137,25,28,Low,2024,0,Fresher
458,EMP100861,2024,Flipkart,Operations Analyst,Male,M.Com,Role redundancy,Odisha,Operations,Employee_862,1079061,Marketing,3.8,WFO,MGR1111,37,58,High,2020,4,Experienced
459,EMP100972,2024,Wipro,Technical Support Executive,Female,M.Tech,Market demand decline,Haryana,Customer Support,Employee_973,1755970,Operations,2.2,Hybrid,MGR1072,36,12,Low,2015,9,Experienced
460,EMP101007,2024,Unacademy,Operations Analyst,Male,M.Com,Project closure,Haryana,Operations,Employee_1008,1296725,HR,3.1,Remote,MGR1107,16,21,Low,2021,3,Experienced
461,EMP101067,2024,Meesho,Talent Acquisition Specialist,Non-binary,MBA,Market demand decline,Telangana,Human Resources,Employee_1068,1752876,Sales,4.2,Remote,MGR1017,13,38,Low,2021,3,Experienced
462,EMP101090,2024,Ola Electric,Data Analyst,Male,BBA,Project closure,Telangana,Analytics,Employee_1091,1268019,Finance,2.5,Hybrid,MGR1040,43,25,Medium,2017,7,Experienced
463,EMP101143,2024,PhonePe,Software Engineer,Female,BBA,Business slowdown,Punjab,Engineering,Employee_1144,824975,Marketing,4.5,Remote,MGR1093,29,32,Low,2018,6,Experienced
464,EMP101177,2024,Ola Electric,Growth Manager,Male,CA,Cost reduction,Rajasthan,Marketing,Employee_1178,580092,Operations,2.9,Hybrid,MGR1127,69,21,Low,2015,9,Experienced
465,EMP101220,2024,Udaan,DevOps Engineer,Non-binary,BBA,Business slowdown,Telangana,Engineering,Employee_1221,1228667,Operations,4.6,Remote,MGR1020,60,9,Medium,2017,7,Experienced
466,EMP101245,2024,Deloitte,Admin Executive,Non-binary,BCA,Role redundancy,West Bengal,Human Resources,Employee_1246,353932,Sales,4.4,WFO,MGR1045,41,32,Low,2019,5,Experienced
467,EMP101288,2024,Ola,Content Manager,Non-binary,BBA,Automation adoption,Tamil Nadu,Marketing,Employee_1289,973001,Finance,3.2,Remote,MGR1088,75,50,Low,2018,6,Experienced
468,EMP101306,2024,Microsoft,Support Analyst,Non-binary,M.Tech,Workforce restructuring,Madhya Pradesh,Customer Support,Employee_1307,1486339,Marketing,2.9,WFO,MGR1106,71,36,Medium,2016,8,Experienced
469,EMP101325,2024,Microsoft,Facilities Executive,Male,M.Tech,Workforce restructuring,Punjab,Administration,Employee_1326,1773522,Operations,3.4,Hybrid,MGR1125,3,18,Medium,2018,6,Experienced
470,EMP101343,2024,Meesho,Reporting Analyst,Female,Diploma,Role redundancy,Madhya Pradesh,Analytics,Employee_1344,1330808,Support,3.4,WFO,MGR1143,38,37,High,2019,5,Experienced
471,EMP101346,2024,Ola Electric,HR Business Partner,Female,B.Sc,Financial pressure,Maharashtra,Human Resources,Employee_1347,730497,Finance,2.2,WFO,MGR1146,17,8,High,2019,5,Experienced
472,EMP101362,2024,Ola,Facilities Executive,Non-binary,MBA,Business restructuring,Rajasthan,Administration,Employee_1363,1266984,IT,3.8,Remote,MGR1012,41,33,Medium,2018,6,Experienced
473,EMP101372,2024,Cult.fit,Sales Manager,Male,B.Tech,Performance review,Madhya Pradesh,Sales,Employee_1373,1297505,Operations,3.2,Hybrid,MGR1022,64,18,Low,2023,1,Experienced
474,EMP101420,2024,Ola Electric,Account Manager,Female,B.Sc,Workforce restructuring,Tamil Nadu,Sales,Employee_1421,1474606,Marketing,3.0,Hybrid,MGR1070,73,13,Medium,2021,3,Experienced
475,EMP101457,2024,Udaan,DevOps Engineer,Female,M.Com,Financial pressure,Kerala,Engineering,Employee_1458,415382,Finance,3.2,Hybrid,MGR1107,7,55,Low,2017,7,Experienced
476,EMP101484,2024,Infosys,Technical Support Executive,Male,CA,Market demand decline,Telangana,Customer Support,Employee_1485,1164519,IT,4.0,Hybrid,MGR1134,53,26,High,2019,5,Experienced
477,EMP101491,2024,Infosys,HR Executive,Male,CA,Workforce restructuring,Madhya Pradesh,Human Resources,Employee_1492,1307433,Support,4.9,Hybrid,MGR1141,29,26,Low,2023,1,Experienced
478,EMP101501,2024,Ola,QA Engineer,Male,BCA,Role redundancy,Odisha,Engineering,Employee_1502,1742965,Finance,3.8,WFO,MGR1001,39,54,Low,2020,4,Experienced
479,EMP101549,2024,Paytm,Operations Executive,Non-binary,Diploma,Business slowdown,West Bengal,Operations,Employee_1550,1531561,IT,4.1,WFO,MGR1049,47,46,High,2018,6,Experienced
480,EMP101575,2024,Ola,Growth Manager,Non-binary,CA,Role redundancy,Delhi,Marketing,Employee_1576,1018685,Support,3.5,Hybrid,MGR1075,70,46,Low,2019,5,Experienced
481,EMP101643,2024,Unacademy,HR Business Partner,Female,B.E.,Role redundancy,Karnataka,Human Resources,Employee_1644,2177914,Operations,3.4,WFO,MGR1143,66,22,High,2015,9,Experienced
482,EMP101699,2024,Google,Process Associate,Female,Diploma,Role redundancy,West Bengal,Operations,Employee_1700,1910032,Finance,4.2,Remote,MGR1049,17,52,High,2017,7,Experienced
483,EMP101705,2024,Unacademy,Frontend Developer,Non-binary,M.Com,Performance review,West Bengal,Engineering,Employee_1706,1069804,IT,2.4,Remote,MGR1055,46,6,Low,2021,3,Experienced
484,EMP101773,2024,Wipro,Admin Executive,Non-binary,BCA,Workforce restructuring,West Bengal,Administration,Employee_1774,1389163,Sales,3.7,WFO,MGR1123,0,37,Low,2024,0,Fresher
485,EMP101810,2024,Ola,Technical Support Executive,Non-binary,B.Tech,Cost reduction,Andhra Pradesh,Customer Support,Employee_1811,797736,Sales,4.4,Hybrid,MGR1010,71,32,Low,2021,3,Experienced
486,EMP101870,2024,Cult.fit,Sales Manager,Male,B.Tech,Performance review,Madhya Pradesh,Sales,Employee_1871,1579100,HR,3.7,WFO,MGR1070,73,43,Low,2015,9,Experienced
487,EMP101890,2024,Google,HR Business Partner,Non-binary,BCA,Workforce restructuring,Andhra Pradesh,Human Resources,Employee_1891,1825335,Marketing,3.9,WFO,MGR1090,17,48,Medium,2018,6,Experienced
488,EMP101943,2024,Unacademy,Reporting Analyst,Male,BCA,Performance review,Gujarat,Analytics,Employee_1944,802559,Operations,2.6,Hybrid,MGR1143,17,41,Medium,2022,2,Experienced
489,EMP101964,2024,Accenture,Risk Analyst,Non-binary,MBA,Cost reduction,Maharashtra,Finance,Employee_1965,688933,IT,4.0,Hybrid,MGR1014,43,11,Low,2015,9,Experienced
490,EMP101969,2024,Cult.fit,Growth Manager,Male,MBA,Business slowdown,Madhya Pradesh,Marketing,Employee_1970,273908,Sales,3.6,WFO,MGR1019,63,41,Low,2020,4,Experienced
491,EMP102042,2024,TCS,Software Developer,Non-binary,B.E.,Business restructuring,Delhi,Engineering,Employee_2043,2016761,Sales,3.0,Remote,MGR1092,72,20,High,2020,4,Experienced
492,EMP102046,2024,Byju's,Inside Sales Executive,Male,BBA,Role redundancy,Madhya Pradesh,Sales,Employee_2047,1160210,Marketing,2.9,WFO,MGR1096,35,45,High,2015,9,Experienced
493,EMP102067,2024,Unacademy,Finance Executive,Male,M.Tech,Performance review,Gujarat,Finance,Employee_2068,989720,HR,3.0,Hybrid,MGR1117,52,35,High,2016,8,Experienced
494,EMP102158,2024,Google,Process Associate,Non-binary,M.Com,Role redundancy,Andhra Pradesh,Operations,Employee_2159,1302877,Sales,2.3,WFO,MGR1058,12,40,High,2022,2,Experienced
495,EMP102171,2024,TCS,Operations Executive,Female,B.Sc,Cost reduction,Uttar Pradesh,Operations,Employee_2172,2143511,Finance,4.5,Remote,MGR1071,2,36,Medium,2023,1,Experienced
496,EMP102212,2024,Google,HR Business Partner,Non-binary,BCA,Workforce restructuring,Andhra Pradesh,Human Resources,Employee_2213,880854,Support,3.8,Hybrid,MGR1112,76,43,Medium,2016,8,Experienced
497,EMP102254,2024,Meesho,Sales Manager,Female,MBA,Financial pressure,Kerala,Sales,Employee_2255,1150734,Sales,4.6,Hybrid,MGR1004,48,9,Medium,2016,8,Experienced
498,EMP102263,2024,Swiggy,Admin Executive,Male,M.Tech,Cost reduction,Uttar Pradesh,Administration,Employee_2264,434382,Operations,3.5,Hybrid,MGR1013,10,40,High,2016,8,Experienced
499,EMP102305,2024,Meesho,BI Analyst,Male,Diploma,Business restructuring,Madhya Pradesh,Analytics,Employee_2306,1419688,Marketing,4.7,Remote,MGR1055,64,35,Medium,2018,6,Experienced
500,EMP102332,2024,Amazon,HR Executive,Non-binary,B.E.,Cost reduction,Haryana,Human Resources,Employee_2333,1571559,HR,3.2,Hybrid,MGR1082,16,20,Low,2021,3,Experienced
501,EMP102340,2024,Udaan,Customer Success Executive,Male,M.Com,Project closure,Uttar Pradesh,Customer Support,Employee_2341,796576,HR,2.9,Hybrid,MGR1090,44,40,Medium,2022,2,Experienced
502,EMP102351,2024,Wipro,Digital Marketing Specialist,Female,M.Tech,Business slowdown,Madhya Pradesh,Marketing,Employee_2352,428853,Finance,3.5,Hybrid,MGR1101,33,45,High,2024,0,Fresher
503,EMP102362,2024,Google,Operations Executive,Male,B.E.,Financial pressure,Haryana,Operations,Employee_2363,1033802,Sales,3.9,WFO,MGR1112,4,14,Low,2024,0,Fresher
504,EMP102376,2024,Ola,Senior Software Engineer,Female,MBA,Market demand decline,Haryana,Engineering,Employee_2377,2122219,Sales,3.4,Hybrid,MGR1126,3,51,High,2022,2,Experienced
505,EMP102410,2024,TCS,Account Manager,Non-binary,M.Tech,Market demand decline,Delhi,Sales,Employee_2411,1164262,IT,3.4,Hybrid,MGR1010,45,24,Low,2024,0,Fresher
506,EMP102419,2024,Byju's,Accountant,Non-binary,MCA,Project closure,Karnataka,Finance,Employee_2420,793889,Sales,4.3,Remote,MGR1019,19,22,Low,2015,9,Experienced
507,EMP102420,2024,Flipkart,Accountant,Non-binary,M.Tech,Automation adoption,Odisha,Finance,Employee_2421,1333109,Finance,3.0,WFO,MGR1020,33,3,High,2019,5,Experienced
508,EMP102424,2024,Google,Finance Executive,Female,B.Sc,Performance review,Rajasthan,Finance,Employee_2425,2149876,IT,2.5,Remote,MGR1024,49,31,High,2017,7,Experienced
509,EMP102559,2024,Udaan,BI Analyst,Non-binary,M.Com,Workforce restructuring,Telangana,Analytics,Employee_2560,1720723,Operations,3.7,Hybrid,MGR1009,1,1,Medium,2017,7,Experienced
510,EMP102606,2024,Cult.fit,Operations Analyst,Non-binary,B.E.,Workforce restructuring,West Bengal,Operations,Employee_2607,1612135,IT,4.5,Remote,MGR1056,18,35,Medium,2019,5,Experienced
511,EMP102621,2024,PhonePe,Financial Analyst,Non-binary,CA,Business slowdown,West Bengal,Finance,Employee_2622,364238,IT,4.9,Hybrid,MGR1071,75,6,Low,2019,5,Experienced
512,EMP102699,2024,Paytm,Admin Executive,Female,Diploma,Automation adoption,Haryana,Administration,Employee_2700,356365,Sales,4.3,Hybrid,MGR1149,24,5,High,2016,8,Experienced
513,EMP102757,2024,Accenture,Talent Acquisition Specialist,Non-binary,M.Com,Business restructuring,West Bengal,Human Resources,Employee_2758,684786,HR,2.6,Hybrid,MGR1057,53,39,High,2023,1,Experienced
514,EMP102846,2024,Infosys,Support Analyst,Female,MCA,Cost reduction,Delhi,Customer Support,Employee_2847,1407731,Finance,4.6,Hybrid,MGR1146,22,7,Low,2018,6,Experienced
515,EMP102950,2024,PhonePe,Product Analyst,Male,MBA,Automation adoption,Haryana,Product,Employee_2951,861262,Operations,4.1,Hybrid,MGR1100,6,50,Low,2018,6,Experienced
516,EMP102987,2024,Microsoft,Facilities Executive,Male,MCA,Performance review,Tamil Nadu,Administration,Employee_2988,481766,Marketing,2.1,Remote,MGR1137,45,44,Low,2020,4,Experienced
517,EMP102996,2024,Cult.fit,Data Analyst,Non-binary,M.Com,Workforce restructuring,Tamil Nadu,Analytics,Employee_2997,803276,Support,4.1,Hybrid,MGR1146,28,2,Low,2018,6,Experienced
518,EMP103033,2024,PhonePe,Technical Support Executive,Male,Diploma,Business restructuring,Telangana,Customer Support,Employee_3034,1334094,HR,2.9,WFO,MGR1033,41,30,Low,2021,3,Experienced
519,EMP103091,2024,Paytm,Content Manager,Non-binary,BBA,Cost reduction,Madhya Pradesh,Marketing,Employee_3092,1821448,HR,2.0,Remote,MGR1091,26,12,Medium,2024,0,Fresher
520,EMP103150,2024,Meesho,BI Analyst,Female,BBA,Financial pressure,Kerala,Analytics,Employee_3151,693932,IT,3.1,Remote,MGR1000,15,19,Low,2018,6,Experienced
521,EMP103210,2024,ShareChat,Business Development Executive,Non-binary,Diploma,Business restructuring,Telangana,Sales,Employee_3211,1836642,Operations,3.0,Remote,MGR1060,37,18,Medium,2018,6,Experienced
522,EMP103233,2024,Infosys,Talent Acquisition Specialist,Non-binary,BBA,Financial pressure,Uttar Pradesh,Human Resources,Employee_3234,872690,Support,4.6,WFO,MGR1083,19,40,Low,2024,0,Fresher
523,EMP103255,2024,Udaan,Customer Success Executive,Non-binary,BBA,Workforce restructuring,West Bengal,Customer Support,Employee_3256,1216666,Sales,4.2,Remote,MGR1105,63,55,High,2018,6,Experienced
524,EMP103321,2024,Accenture,Marketing Executive,Male,MCA,Financial pressure,Haryana,Marketing,Employee_3322,402556,Finance,4.9,WFO,MGR1021,12,2,Medium,2018,6,Experienced
525,EMP103389,2024,Meesho,Operations Manager,Female,M.Tech,Business restructuring,Tamil Nadu,Operations,Employee_3390,2012606,IT,2.6,Hybrid,MGR1089,12,47,Low,2016,8,Experienced
526,EMP103399,2024,Byju's,Data Analyst,Female,BBA,Role redundancy,Andhra Pradesh,Analytics,Employee_3400,1608493,Support,4.8,Remote,MGR1099,43,15,High,2015,9,Experienced
527,EMP103413,2024,Wipro,Accountant,Female,B.Sc,Performance review,Andhra Pradesh,Finance,Employee_3414,671710,HR,4.0,Remote,MGR1113,67,9,Low,2019,5,Experienced
528,EMP103437,2024,Swiggy,Recruiter,Non-binary,MBA,Performance review,Maharashtra,Human Resources,Employee_3438,1792978,Marketing,2.0,WFO,MGR1137,7,12,High,2020,4,Experienced
529,EMP103456,2024,Byju's,Financial Analyst,Non-binary,B.Sc,Business restructuring,Punjab,Finance,Employee_3457,273144,IT,2.9,WFO,MGR1006,32,49,High,2015,9,Experienced
530,EMP103472,2024,Wipro,MIS Executive,Male,MBA,Business slowdown,West Bengal,Analytics,Employee_3473,2087467,Marketing,3.5,Remote,MGR1022,15,10,Medium,2016,8,Experienced
531,EMP103563,2024,Meesho,BI Analyst,Female,CA,Automation adoption,Gujarat,Analytics,Employee_3564,2174525,HR,2.7,Remote,MGR1113,60,32,High,2019,5,Experienced
532,EMP103569,2024,Wipro,HR Executive,Male,B.E.,Project closure,Telangana,Human Resources,Employee_3570,1898144,Operations,3.4,Remote,MGR1119,26,55,High,2021,3,Experienced
533,EMP103595,2024,TCS,Account Manager,Non-binary,CA,Market demand decline,Rajasthan,Sales,Employee_3596,464823,Operations,2.9,Hybrid,MGR1145,41,8,High,2019,5,Experienced
534,EMP103631,2024,ShareChat,Customer Success Executive,Female,CA,Performance review,Tamil Nadu,Customer Support,Employee_3632,1781071,Operations,4.5,Remote,MGR1031,50,42,Low,2016,8,Experienced
535,EMP103662,2024,Cult.fit,Facilities Executive,Non-binary,MCA,Business restructuring,Delhi,Administration,Employee_3663,1953485,HR,4.4,Remote,MGR1062,35,12,High,2018,6,Experienced
536,EMP103724,2024,ShareChat,Business Analyst,Non-binary,M.Tech,Business restructuring,Odisha,Analytics,Employee_3725,298273,Finance,4.1,WFO,MGR1124,23,36,High,2017,7,Experienced
537,EMP103852,2024,Flipkart,Accountant,Non-binary,BCA,Cost reduction,Punjab,Finance,Employee_3853,1157591,Sales,2.1,WFO,MGR1102,56,53,High,2016,8,Experienced
538,EMP103908,2024,PhonePe,Operations Analyst,Non-binary,BBA,Market demand decline,Karnataka,Operations,Employee_3909,626492,Marketing,2.3,WFO,MGR1008,67,40,High,2016,8,Experienced
539,EMP103978,2024,Ola Electric,Product Analyst,Male,BBA,Role redundancy,Maharashtra,Product,Employee_3979,1825104,Operations,2.5,WFO,MGR1078,49,28,High,2022,2,Experienced
540,EMP104000,2024,Udaan,Finance Executive,Female,BBA,Financial pressure,Telangana,Finance,Employee_4001,478412,Marketing,3.9,Remote,MGR1100,16,24,Low,2024,0,Fresher
541,EMP104016,2024,Meesho,DevOps Engineer,Female,Diploma,Workforce restructuring,Uttar Pradesh,Engineering,Employee_4017,758958,Operations,2.8,Remote,MGR1116,37,21,High,2022,2,Experienced
542,EMP104122,2024,Meesho,BI Analyst,Female,BBA,Financial pressure,Kerala,Analytics,Employee_4123,942236,IT,2.5,Hybrid,MGR1072,12,10,Medium,2018,6,Experienced
543,EMP104123,2024,Unacademy,Sales Executive,Non-binary,B.E.,Market demand decline,West Bengal,Sales,Employee_4124,774109,Marketing,2.6,Hybrid,MGR1073,75,57,High,2017,7,Experienced
544,EMP104226,2024,Deloitte,Product Manager,Male,B.Tech,Workforce restructuring,Karnataka,Product,Employee_4227,953357,Sales,2.3,Remote,MGR1026,20,8,Medium,2019,5,Experienced
545,EMP104233,2024,Cult.fit,Recruiter,Non-binary,B.Sc,Financial pressure,Kerala,Human Resources,Employee_4234,1515160,HR,3.6,Hybrid,MGR1033,43,49,Low,2019,5,Experienced
546,EMP104249,2024,Ola,Customer Support Executive,Female,Diploma,Role redundancy,Haryana,Customer Support,Employee_4250,1041329,HR,2.2,WFO,MGR1049,75,39,High,2022,2,Experienced
547,EMP104286,2024,Microsoft,Admin Executive,Male,CA,Cost reduction,Gujarat,Administration,Employee_4287,1260238,Operations,2.1,Remote,MGR1086,12,30,Medium,2021,3,Experienced
548,EMP104302,2024,Ola Electric,Talent Acquisition Specialist,Male,MCA,Automation adoption,West Bengal,Human Resources,Employee_4303,1061009,Sales,4.3,Remote,MGR1102,76,37,Low,2021,3,Experienced
549,EMP104314,2024,TCS,Admin Executive,Female,B.E.,Performance review,Rajasthan,Administration,Employee_4315,524477,Sales,3.6,WFO,MGR1114,36,40,Medium,2021,3,Experienced
550,EMP104402,2024,Byju's,Reporting Analyst,Female,B.Sc,Business restructuring,Punjab,Analytics,Employee_4403,2156255,Marketing,2.1,Remote,MGR1052,56,39,High,2015,9,Experienced
551,EMP104518,2024,Wipro,Tech Lead,Non-binary,M.Com,Performance review,Andhra Pradesh,Engineering,Employee_4519,348442,Support,2.6,Hybrid,MGR1018,44,23,Medium,2022,2,Experienced
552,EMP104538,2024,Paytm,Data Scientist,Female,B.Tech,Role redundancy,Telangana,Analytics,Employee_4539,824530,Support,4.4,Remote,MGR1038,30,49,High,2024,0,Fresher
553,EMP104546,2024,Wipro,Sales Executive,Male,MCA,Project closure,Maharashtra,Sales,Employee_4547,1712679,Support,4.6,Remote,MGR1046,7,19,Low,2019,5,Experienced
554,EMP100012,2024,Cult.fit,Operations Manager,Male,MCA,Market demand decline,Gujarat,Operations,Employee_13,1606459,Support,4.0,WFO,MGR1012,53,48,Low,2019,5,Experienced
555,EMP100027,2024,Deloitte,Product Designer,Male,MBA,Project closure,Uttar Pradesh,Product,Employee_28,504362,Sales,2.4,Hybrid,MGR1027,45,25,High,2017,7,Experienced
556,EMP100044,2024,ShareChat,Data Analyst,Non-binary,CA,Financial pressure,Haryana,Analytics,Employee_45,1505588,Operations,4.6,WFO,MGR1044,10,56,Medium,2019,5,Experienced
557,EMP100067,2024,TCS,Operations Analyst,Female,MBA,Business slowdown,Karnataka,Operations,Employee_68,755247,IT,3.6,Remote,MGR1067,14,4,Low,2020,4,Experienced
558,EMP100071,2024,Cult.fit,Operations Analyst,Female,Diploma,Cost reduction,Madhya Pradesh,Operations,Employee_72,482576,IT,4.1,Remote,MGR1071,30,49,Medium,2024,0,Fresher
559,EMP100270,2024,Flipkart,Product Designer,Female,CA,Automation adoption,Haryana,Product,Employee_271,828453,Marketing,3.6,Remote,MGR1120,59,14,Medium,2024,0,Fresher
560,EMP100331,2024,Deloitte,Data Engineer,Male,CA,Cost reduction,Odisha,Engineering,Employee_332,283918,HR,4.4,Remote,MGR1031,60,51,High,2024,0,Fresher
561,EMP100341,2024,ShareChat,Software Developer,Female,Diploma,Performance review,Kerala,Engineering,Employee_342,1368610,Operations,4.1,WFO,MGR1041,64,22,Medium,2017,7,Experienced
562,EMP100490,2024,Amazon,Operations Analyst,Non-binary,BCA,Cost reduction,Punjab,Operations,Employee_491,416815,Operations,3.5,Remote,MGR1040,48,12,High,2016,8,Experienced
563,EMP100493,2024,PhonePe,Operations Manager,Non-binary,BCA,Project closure,Odisha,Operations,Employee_494,927598,Marketing,2.8,Hybrid,MGR1043,57,0,Low,2020,4,Experienced
564,EMP100593,2024,Udaan,Reporting Analyst,Non-binary,BBA,Financial pressure,Maharashtra,Analytics,Employee_594,500974,Operations,3.9,Hybrid,MGR1143,52,21,High,2021,3,Experienced
565,EMP100651,2024,Accenture,Inside Sales Executive,Male,B.E.,Business slowdown,Tamil Nadu,Sales,Employee_652,1746190,HR,4.8,Hybrid,MGR1051,28,10,Medium,2016,8,Experienced
566,EMP100835,2024,Paytm,Business Analyst,Female,MCA,Automation adoption,Karnataka,Analytics,Employee_836,1982909,IT,2.4,Remote,MGR1085,53,34,Medium,2019,5,Experienced
567,EMP100837,2024,Google,Risk Analyst,Non-binary,B.Sc,Performance review,Odisha,Finance,Employee_838,822257,Operations,3.4,Hybrid,MGR1087,26,3,Low,2023,1,Experienced
568,EMP100852,2024,Flipkart,Sales Manager,Male,MCA,Market demand decline,Uttar Pradesh,Sales,Employee_853,678622,Support,2.0,WFO,MGR1102,78,25,High,2016,8,Experienced
569,EMP100918,2024,TCS,Business Analyst,Male,B.E.,Business slowdown,Karnataka,Analytics,Employee_919,1569386,Sales,2.8,Hybrid,MGR1018,21,25,Low,2021,3,Experienced
570,EMP100962,2024,Udaan,Reporting Analyst,Non-binary,BBA,Financial pressure,Odisha,Analytics,Employee_963,736545,HR,4.4,WFO,MGR1062,67,38,High,2020,4,Experienced
571,EMP101028,2024,Microsoft,Financial Analyst,Male,MBA,Market demand decline,Odisha,Finance,Employee_1029,303792,HR,2.7,Hybrid,MGR1128,31,57,High,2016,8,Experienced
572,EMP101030,2024,Paytm,Operations Executive,Male,MBA,Financial pressure,Karnataka,Operations,Employee_1031,1913936,Finance,4.8,Hybrid,MGR1130,11,6,Medium,2021,3,Experienced
573,EMP101044,2024,Swiggy,Product Analyst,Female,Diploma,Market demand decline,Punjab,Product,Employee_1045,1141762,Marketing,4.3,Hybrid,MGR1144,3,21,Medium,2017,7,Experienced
574,EMP101127,2024,Infosys,HR Executive,Non-binary,M.Tech,Business restructuring,Telangana,Human Resources,Employee_1128,423029,Marketing,3.0,Hybrid,MGR1077,57,19,Low,2021,3,Experienced
575,EMP101136,2024,Udaan,Process Associate,Non-binary,B.Tech,Business restructuring,Telangana,Operations,Employee_1137,1024891,Marketing,3.9,Hybrid,MGR1086,29,46,High,2023,1,Experienced
576,EMP101139,2024,Deloitte,HR Executive,Male,BBA,Market demand decline,Kerala,Human Resources,Employee_1140,1561252,Support,2.9,Hybrid,MGR1089,29,5,Low,2015,9,Experienced
577,EMP101140,2024,Wipro,Operations Manager,Female,B.Sc,Performance review,Maharashtra,Operations,Employee_1141,1000871,Support,4.9,Remote,MGR1090,18,39,High,2020,4,Experienced
578,EMP101158,2024,Deloitte,Finance Executive,Non-binary,M.Com,Workforce restructuring,Odisha,Finance,Employee_1159,358404,HR,4.8,Hybrid,MGR1108,6,18,High,2017,7,Experienced
579,EMP101160,2024,ShareChat,Operations Manager,Male,M.Tech,Market demand decline,Maharashtra,Operations,Employee_1161,915809,Support,4.5,Remote,MGR1110,45,49,Low,2016,8,Experienced
580,EMP101194,2024,Ola Electric,HR Executive,Female,MBA,Role redundancy,Tamil Nadu,Human Resources,Employee_1195,1177576,HR,2.7,Hybrid,MGR1144,11,46,Medium,2020,4,Experienced
581,EMP101226,2024,TCS,Customer Success Executive,Female,B.E.,Cost reduction,Rajasthan,Customer Support,Employee_1227,603197,IT,2.2,Remote,MGR1026,7,19,Medium,2018,6,Experienced
582,EMP101246,2024,Amazon,Facilities Executive,Female,B.Sc,Market demand decline,Gujarat,Administration,Employee_1247,925466,Support,4.2,Remote,MGR1046,77,3,Low,2019,5,Experienced
583,EMP101283,2024,Microsoft,MIS Executive,Non-binary,BCA,Automation adoption,Delhi,Analytics,Employee_1284,1206355,IT,4.6,WFO,MGR1083,6,25,Low,2020,4,Experienced
584,EMP101314,2024,Paytm,Risk Analyst,Male,B.Sc,Market demand decline,Telangana,Finance,Employee_1315,1999185,Marketing,3.2,Remote,MGR1114,47,9,Medium,2024,0,Fresher
585,EMP101326,2024,Amazon,Talent Acquisition Specialist,Female,B.E.,Project closure,Madhya Pradesh,Human Resources,Employee_1327,1940816,Marketing,2.6,Hybrid,MGR1126,56,57,High,2023,1,Experienced
586,EMP101358,2024,Ola,Accountant,Female,Diploma,Role redundancy,Karnataka,Finance,Employee_1359,1616984,Support,3.1,WFO,MGR1008,35,50,Medium,2020,4,Experienced
587,EMP101370,2024,Google,Finance Executive,Non-binary,Diploma,Role redundancy,Delhi,Finance,Employee_1371,2060313,Operations,4.4,WFO,MGR1020,46,19,Medium,2020,4,Experienced
588,EMP101371,2024,Microsoft,Support Analyst,Female,Diploma,Performance review,Delhi,Customer Support,Employee_1372,804813,Finance,2.3,Remote,MGR1021,17,57,Medium,2021,3,Experienced
589,EMP101382,2024,ShareChat,HR Business Partner,Non-binary,M.Com,Business slowdown,Gujarat,Human Resources,Employee_1383,596730,Sales,4.5,Hybrid,MGR1032,57,55,High,2019,5,Experienced
590,EMP101410,2024,Deloitte,Product Designer,Female,M.Com,Workforce restructuring,Odisha,Product,Employee_1411,948564,Finance,3.6,WFO,MGR1060,13,20,Low,2019,5,Experienced
591,EMP101427,2024,ShareChat,Recruiter,Male,CA,Market demand decline,Haryana,Human Resources,Employee_1428,1290176,Finance,4.5,WFO,MGR1077,75,21,Medium,2018,6,Experienced
592,EMP101428,2024,Ola,Inside Sales Executive,Male,B.E.,Cost reduction,Telangana,Sales,Employee_1429,979171,Operations,4.6,Hybrid,MGR1078,7,33,High,2020,4,Experienced
593,EMP101454,2024,Wipro,Product Manager,Non-binary,Diploma,Project closure,Punjab,Product,Employee_1455,2144787,Finance,3.2,WFO,MGR1104,23,26,Low,2023,1,Experienced
594,EMP101510,2024,Byju's,Digital Marketing Specialist,Non-binary,M.Com,Workforce restructuring,Kerala,Marketing,Employee_1511,416541,HR,4.0,Remote,MGR1010,13,20,High,2016,8,Experienced
595,EMP101641,2024,Ola,Tech Lead,Male,MBA,Project closure,Karnataka,Engineering,Employee_1642,2101110,Marketing,4.7,WFO,MGR1141,15,11,Medium,2016,8,Experienced
596,EMP101658,2024,Unacademy,Admin Executive,Female,MBA,Business restructuring,Karnataka,Administration,Employee_1659,1179073,Marketing,4.3,Remote,MGR1008,69,13,Low,2017,7,Experienced
597,EMP101673,2024,Paytm,Frontend Developer,Non-binary,MBA,Market demand decline,Uttar Pradesh,Engineering,Employee_1674,2189002,Finance,4.9,WFO,MGR1023,33,33,High,2019,5,Experienced
598,EMP101678,2024,Unacademy,Business Analyst,Non-binary,M.Com,Business restructuring,Uttar Pradesh,Analytics,Employee_1679,773355,IT,2.4,Hybrid,MGR1028,9,0,High,2019,5,Experienced
599,EMP101685,2024,Udaan,QA Engineer,Female,Diploma,Role redundancy,Odisha,Engineering,Employee_1686,1734135,Marketing,3.3,WFO,MGR1035,26,13,Low,2015,9,Experienced
600,EMP101711,2024,Unacademy,Process Associate,Non-binary,B.E.,Business restructuring,Madhya Pradesh,Operations,Employee_1712,321041,Finance,2.7,WFO,MGR1061,57,33,Low,2017,7,Experienced
601,EMP101727,2024,Deloitte,Digital Marketing Specialist,Male,MCA,Project closure,Andhra Pradesh,Marketing,Employee_1728,808859,Marketing,4.3,WFO,MGR1077,61,7,Low,2018,6,Experienced
602,EMP101734,2024,TCS,HR Executive,Male,CA,Performance review,Gujarat,Human Resources,Employee_1735,314506,IT,2.0,Remote,MGR1084,55,26,Medium,2017,7,Experienced
603,EMP101752,2024,Deloitte,Risk Analyst,Female,B.E.,Financial pressure,Uttar Pradesh,Finance,Employee_1753,268510,HR,2.4,WFO,MGR1102,1,28,High,2017,7,Experienced
604,EMP101755,2024,Accenture,Admin Executive,Non-binary,BCA,Project closure,Uttar Pradesh,Administration,Employee_1756,832285,Marketing,4.6,Remote,MGR1105,37,20,High,2017,7,Experienced
605,EMP101756,2024,TCS,Customer Success Executive,Non-binary,B.E.,Role redundancy,Gujarat,Customer Support,Employee_1757,1671900,Sales,2.4,Remote,MGR1106,74,1,Low,2018,6,Experienced
606,EMP101823,2024,Accenture,Product Analyst,Male,MCA,Business restructuring,Uttar Pradesh,Product,Employee_1824,1916792,Operations,4.5,Remote,MGR1023,67,1,Medium,2024,0,Fresher
607,EMP101832,2024,Swiggy,Account Manager,Female,BCA,Workforce restructuring,Karnataka,Sales,Employee_1833,1608968,Support,3.7,Remote,MGR1032,50,32,Low,2019,5,Experienced
608,EMP101852,2024,Accenture,Operations Manager,Male,MCA,Workforce restructuring,Rajasthan,Operations,Employee_1853,1147184,Support,3.5,Hybrid,MGR1052,22,16,High,2021,3,Experienced
609,EMP101877,2024,Paytm,Process Associate,Non-binary,BCA,Cost reduction,Rajasthan,Operations,Employee_1878,1715976,IT,3.2,WFO,MGR1077,34,38,Low,2015,9,Experienced
610,EMP101891,2024,Byju's,Accountant,Female,M.Com,Performance review,Tamil Nadu,Finance,Employee_1892,775711,Finance,2.7,WFO,MGR1091,0,51,Low,2019,5,Experienced
611,EMP101896,2024,Amazon,Digital Marketing Specialist,Non-binary,B.Tech,Workforce restructuring,Delhi,Marketing,Employee_1897,910829,Sales,4.9,Hybrid,MGR1096,74,32,Low,2019,5,Experienced
612,EMP101914,2024,PhonePe,Reporting Analyst,Non-binary,BBA,Business restructuring,Haryana,Analytics,Employee_1915,260294,Finance,2.1,WFO,MGR1114,32,23,Low,2022,2,Experienced
613,EMP101935,2024,PhonePe,Frontend Developer,Female,B.E.,Business slowdown,Gujarat,Engineering,Employee_1936,724100,Operations,4.1,Hybrid,MGR1135,72,39,Medium,2016,8,Experienced
614,EMP101962,2024,Amazon,Sales Executive,Male,MCA,Project closure,Tamil Nadu,Sales,Employee_1963,1186527,Marketing,3.0,WFO,MGR1012,18,24,Medium,2020,4,Experienced
615,EMP101991,2024,Deloitte,Finance Executive,Non-binary,M.Com,Workforce restructuring,Odisha,Finance,Employee_1992,581744,Support,4.2,WFO,MGR1041,62,48,High,2018,6,Experienced
616,EMP102010,2024,Ola,Business Development Executive,Non-binary,MBA,Role redundancy,Andhra Pradesh,Sales,Employee_2011,359468,Operations,4.0,Remote,MGR1060,54,5,High,2021,3,Experienced
617,EMP102014,2024,Unacademy,Data Analyst,Female,M.Tech,Role redundancy,Haryana,Analytics,Employee_2015,877292,Finance,3.2,Hybrid,MGR1064,12,33,Medium,2016,8,Experienced
618,EMP102019,2024,Ola,Software Developer,Male,B.Sc,Business restructuring,Haryana,Engineering,Employee_2020,717274,Operations,3.7,WFO,MGR1069,41,9,High,2016,8,Experienced
619,EMP102057,2024,Paytm,Account Manager,Female,BBA,Performance review,Madhya Pradesh,Sales,Employee_2058,2164797,Marketing,4.8,Hybrid,MGR1107,65,2,High,2018,6,Experienced
620,EMP102090,2024,Wipro,Backend Developer,Male,MCA,Market demand decline,Punjab,Engineering,Employee_2091,1769650,Marketing,2.3,Remote,MGR1140,22,22,Low,2017,7,Experienced
621,EMP102165,2024,Wipro,UX Designer,Female,MCA,Workforce restructuring,Odisha,Product,Employee_2166,1872928,IT,4.7,Remote,MGR1065,10,12,High,2022,2,Experienced
622,EMP102174,2024,Google,Inside Sales Executive,Non-binary,M.Com,Financial pressure,Maharashtra,Sales,Employee_2175,534557,Support,3.6,Hybrid,MGR1074,5,37,High,2017,7,Experienced
623,EMP102209,2024,Unacademy,Technical Support Executive,Non-binary,CA,Performance review,Punjab,Customer Support,Employee_2210,486173,Sales,4.6,Hybrid,MGR1109,70,59,Medium,2017,7,Experienced
624,EMP102211,2024,Paytm,Product Manager,Male,M.Com,Automation adoption,Maharashtra,Product,Employee_2212,743615,Marketing,3.2,WFO,MGR1111,55,46,Low,2024,0,Fresher
625,EMP102216,2024,Paytm,Marketing Executive,Female,B.Tech,Cost reduction,Delhi,Marketing,Employee_2217,2001497,Sales,4.1,Hybrid,MGR1116,26,47,Medium,2015,9,Experienced
626,EMP102243,2024,Byju's,DevOps Engineer,Female,MCA,Financial pressure,Telangana,Engineering,Employee_2244,1622409,Marketing,4.6,WFO,MGR1143,32,6,Low,2018,6,Experienced
627,EMP102270,2024,Amazon,Talent Acquisition Specialist,Female,B.Tech,Business restructuring,Kerala,Human Resources,Employee_2271,1880833,Operations,4.5,WFO,MGR1020,56,2,Medium,2018,6,Experienced
628,EMP102323,2024,Ola Electric,QA Engineer,Female,M.Com,Workforce restructuring,Maharashtra,Engineering,Employee_2324,1779155,Marketing,3.2,WFO,MGR1073,2,50,Low,2024,0,Fresher
629,EMP102345,2024,Infosys,Digital Marketing Specialist,Female,B.Tech,Cost reduction,Tamil Nadu,Marketing,Employee_2346,1107674,Marketing,4.5,WFO,MGR1095,51,28,High,2016,8,Experienced
630,EMP102350,2024,Infosys,Sales Manager,Non-binary,MCA,Business slowdown,Andhra Pradesh,Sales,Employee_2351,1008760,HR,3.1,Remote,MGR1100,65,21,Low,2017,7,Experienced
631,EMP102353,2024,Infosys,Risk Analyst,Non-binary,B.Tech,Business restructuring,Uttar Pradesh,Finance,Employee_2354,377082,Support,3.0,WFO,MGR1103,79,59,Medium,2015,9,Experienced
632,EMP102361,2024,PhonePe,Digital Marketing Specialist,Non-binary,MBA,Workforce restructuring,Telangana,Marketing,Employee_2362,300420,Operations,3.4,Hybrid,MGR1111,58,32,Medium,2019,5,Experienced
633,EMP102396,2024,Flipkart,Business Development Executive,Male,M.Com,Market demand decline,Haryana,Sales,Employee_2397,1730852,Operations,4.9,WFO,MGR1146,7,15,Low,2022,2,Experienced
634,EMP102421,2024,Flipkart,Backend Developer,Male,B.Sc,Market demand decline,Madhya Pradesh,Engineering,Employee_2422,751821,Operations,2.7,Hybrid,MGR1021,39,39,Low,2021,3,Experienced
635,EMP102442,2024,Meesho,Operations Manager,Female,B.E.,Market demand decline,West Bengal,Operations,Employee_2443,1929795,HR,2.7,Hybrid,MGR1042,3,49,Medium,2015,9,Experienced
636,EMP102521,2024,Amazon,Product Manager,Female,B.Tech,Role redundancy,Uttar Pradesh,Product,Employee_2522,1586124,Sales,2.4,Hybrid,MGR1121,58,13,Medium,2016,8,Experienced
637,EMP102527,2024,Amazon,Office Administrator,Male,M.Com,Role redundancy,Uttar Pradesh,Administration,Employee_2528,1970947,IT,3.2,Hybrid,MGR1127,36,3,Medium,2024,0,Fresher
638,EMP102580,2024,Byju's,Growth Manager,Female,B.Sc,Market demand decline,Delhi,Marketing,Employee_2581,1004495,HR,5.0,Remote,MGR1030,17,33,High,2018,6,Experienced
639,EMP102624,2024,Ola Electric,Operations Manager,Female,CA,Financial pressure,Odisha,Operations,Employee_2625,1630362,Marketing,2.3,Hybrid,MGR1074,10,23,High,2022,2,Experienced
640,EMP102693,2024,Wipro,Office Administrator,Non-binary,Diploma,Business restructuring,Delhi,Administration,Employee_2694,1647821,IT,4.6,Hybrid,MGR1143,54,45,High,2017,7,Experienced
641,EMP102725,2024,Byju's,Finance Executive,Non-binary,MCA,Market demand decline,Tamil Nadu,Finance,Employee_2726,1374551,Sales,2.0,WFO,MGR1025,59,52,Medium,2023,1,Experienced
642,EMP102728,2024,Accenture,Customer Support Executive,Female,CA,Role redundancy,Uttar Pradesh,Customer Support,Employee_2729,1671395,Marketing,2.5,Remote,MGR1028,50,57,Medium,2016,8,Experienced
643,EMP102738,2024,Wipro,Finance Executive,Male,MCA,Project closure,Rajasthan,Finance,Employee_2739,768121,Support,3.6,Hybrid,MGR1038,19,24,High,2024,0,Fresher
644,EMP102751,2024,Cult.fit,Process Associate,Non-binary,B.E.,Cost reduction,Gujarat,Operations,Employee_2752,2073591,IT,3.4,Hybrid,MGR1051,16,10,Medium,2016,8,Experienced
645,EMP102770,2024,ShareChat,Inside Sales Executive,Non-binary,Diploma,Performance review,Uttar Pradesh,Sales,Employee_2771,558601,HR,2.4,Hybrid,MGR1070,23,18,High,2022,2,Experienced
646,EMP102782,2024,Unacademy,Customer Support Executive,Female,MCA,Performance review,Uttar Pradesh,Customer Support,Employee_2783,1178272,HR,2.6,Remote,MGR1082,17,51,Low,2019,5,Experienced
647,EMP102803,2024,Unacademy,Senior Software Engineer,Non-binary,MBA,Automation adoption,Uttar Pradesh,Engineering,Employee_2804,891195,Operations,3.4,WFO,MGR1103,67,21,High,2016,8,Experienced
648,EMP102805,2024,Byju's,Office Administrator,Non-binary,BCA,Cost reduction,Punjab,Administration,Employee_2806,1358226,Sales,3.0,Hybrid,MGR1105,75,9,High,2022,2,Experienced
649,EMP102811,2024,Microsoft,Operations Manager,Non-binary,MCA,Business restructuring,Rajasthan,Operations,Employee_2812,452550,IT,3.1,Hybrid,MGR1111,68,50,Low,2018,6,Experienced
650,EMP102834,2024,Google,Software Developer,Male,M.Tech,Business restructuring,Odisha,Engineering,Employee_2835,1591938,Operations,4.7,Remote,MGR1134,1,39,High,2020,4,Experienced
651,EMP102837,2024,Google,Product Analyst,Non-binary,M.Tech,Workforce restructuring,Andhra Pradesh,Product,Employee_2838,518258,Sales,2.8,WFO,MGR1137,64,32,Medium,2020,4,Experienced
652,EMP102968,2024,Accenture,HR Business Partner,Male,Diploma,Financial pressure,Punjab,Human Resources,Employee_2969,683589,Sales,3.6,Remote,MGR1118,56,49,High,2015,9,Experienced
653,EMP102998,2024,Accenture,Customer Success Executive,Female,MBA,Business slowdown,Gujarat,Customer Support,Employee_2999,1244142,Marketing,3.4,WFO,MGR1148,51,46,Low,2023,1,Experienced
654,EMP103013,2024,Paytm,Facilities Executive,Non-binary,BBA,Workforce restructuring,Rajasthan,Administration,Employee_3014,1895301,Finance,2.8,Hybrid,MGR1013,13,8,High,2018,6,Experienced
655,EMP103046,2024,Wipro,Office Administrator,Non-binary,B.Sc,Automation adoption,Madhya Pradesh,Administration,Employee_3047,1449986,HR,3.4,Hybrid,MGR1046,32,42,Low,2016,8,Experienced
656,EMP103066,2024,Microsoft,Business Analyst,Female,B.Tech,Project closure,Madhya Pradesh,Analytics,Employee_3067,2065245,Sales,4.3,Remote,MGR1066,22,30,Medium,2016,8,Experienced
657,EMP103143,2024,Google,Technical Support Executive,Male,B.Tech,Performance review,Andhra Pradesh,Customer Support,Employee_3144,1035480,HR,4.7,Hybrid,MGR1143,15,11,High,2016,8,Experienced
658,EMP103185,2024,Google,Talent Acquisition Specialist,Non-binary,M.Com,Role redundancy,Tamil Nadu,Human Resources,Employee_3186,1277171,Support,2.7,Hybrid,MGR1035,63,33,Low,2016,8,Experienced
659,EMP103205,2024,Flipkart,Process Associate,Non-binary,M.Com,Business restructuring,Andhra Pradesh,Operations,Employee_3206,1014430,Sales,4.8,WFO,MGR1055,45,25,High,2017,7,Experienced
660,EMP103287,2024,PhonePe,Process Associate,Male,B.Tech,Automation adoption,Delhi,Operations,Employee_3288,1911293,Sales,2.8,WFO,MGR1137,69,54,Low,2022,2,Experienced
661,EMP103402,2024,Ola,Inside Sales Executive,Male,M.Com,Cost reduction,Maharashtra,Sales,Employee_3403,656438,Finance,2.2,Remote,MGR1102,21,2,Low,2020,4,Experienced
662,EMP103419,2024,Google,Operations Analyst,Non-binary,M.Com,Business restructuring,Uttar Pradesh,Operations,Employee_3420,518809,Support,5.0,Hybrid,MGR1119,3,16,Low,2020,4,Experienced
663,EMP103430,2024,ShareChat,Operations Executive,Male,B.E.,Automation adoption,Madhya Pradesh,Operations,Employee_3431,547871,Sales,4.4,WFO,MGR1130,7,29,High,2023,1,Experienced
664,EMP103431,2024,Infosys,Operations Analyst,Female,MCA,Automation adoption,Maharashtra,Operations,Employee_3432,312830,Sales,2.5,WFO,MGR1131,42,59,Medium,2021,3,Experienced
665,EMP103467,2024,Infosys,Software Engineer,Female,B.E.,Financial pressure,West Bengal,Engineering,Employee_3468,660922,HR,3.6,Remote,MGR1017,2,32,Medium,2016,8,Experienced
666,EMP103483,2024,Ola Electric,Operations Executive,Male,Diploma,Performance review,West Bengal,Operations,Employee_3484,517520,Operations,4.7,Hybrid,MGR1033,76,52,Medium,2017,7,Experienced
667,EMP103558,2024,Google,Reporting Analyst,Non-binary,MBA,Market demand decline,Kerala,Analytics,Employee_3559,1013234,Finance,3.1,Remote,MGR1108,34,28,High,2017,7,Experienced
668,EMP103603,2024,Accenture,Support Analyst,Non-binary,B.E.,Project closure,Madhya Pradesh,Customer Support,Employee_3604,330280,Finance,3.7,WFO,MGR1003,43,12,Medium,2023,1,Experienced
669,EMP103670,2024,Paytm,Office Administrator,Male,B.Sc,Role redundancy,Madhya Pradesh,Administration,Employee_3671,1336830,IT,2.6,Remote,MGR1070,68,52,High,2022,2,Experienced
670,EMP103749,2024,Udaan,Technical Support Executive,Female,B.Tech,Workforce restructuring,Tamil Nadu,Customer Support,Employee_3750,1427769,IT,2.8,WFO,MGR1149,76,38,Low,2016,8,Experienced
671,EMP103752,2024,Swiggy,Customer Success Executive,Non-binary,B.Tech,Business slowdown,Odisha,Customer Support,Employee_3753,1410833,Marketing,4.3,Remote,MGR1002,47,14,Medium,2020,4,Experienced
672,EMP103757,2024,Cult.fit,Product Manager,Non-binary,M.Tech,Market demand decline,Haryana,Product,Employee_3758,2145237,HR,3.1,Hybrid,MGR1007,4,36,Medium,2023,1,Experienced
673,EMP103765,2024,Ola Electric,Admin Executive,Female,M.Com,Automation adoption,Punjab,Administration,Employee_3766,1205062,Operations,2.4,WFO,MGR1015,32,59,High,2017,7,Experienced
674,EMP103777,2024,Meesho,Product Designer,Non-binary,BBA,Cost reduction,Rajasthan,Product,Employee_3778,1932792,Operations,4.5,WFO,MGR1027,50,53,Medium,2016,8,Experienced
675,EMP103861,2024,Udaan,Process Associate,Non-binary,M.Tech,Market demand decline,Delhi,Operations,Employee_3862,665459,Marketing,2.9,Remote,MGR1111,38,15,Low,2023,1,Experienced
676,EMP103885,2024,Byju's,Process Associate,Male,BBA,Workforce restructuring,Gujarat,Operations,Employee_3886,635342,Sales,2.2,Hybrid,MGR1135,46,59,Medium,2022,2,Experienced
677,EMP103887,2024,Microsoft,Product Analyst,Non-binary,M.Tech,Market demand decline,Karnataka,Product,Employee_3888,2193318,Sales,4.3,Hybrid,MGR1137,42,36,Medium,2020,4,Experienced
678,EMP103921,2024,Byju's,Operations Analyst,Non-binary,B.Tech,Business restructuring,West Bengal,Operations,Employee_3922,1711281,Sales,2.8,WFO,MGR1021,41,38,Medium,2020,4,Experienced
679,EMP104028,2024,Cult.fit,Operations Analyst,Male,B.Sc,Financial pressure,Punjab,Operations,Employee_4029,474072,IT,2.6,Remote,MGR1128,33,2,Medium,2023,1,Experienced
680,EMP104043,2024,Accenture,Accountant,Male,M.Com,Role redundancy,Punjab,Finance,Employee_4044,689517,Operations,4.3,Remote,MGR1143,74,25,Low,2021,3,Experienced
681,EMP104050,2024,Byju's,BI Analyst,Female,M.Tech,Workforce restructuring,Madhya Pradesh,Analytics,Employee_4051,640318,Finance,3.0,WFO,MGR1000,23,58,Low,2020,4,Experienced
682,EMP104063,2024,TCS,Sales Executive,Non-binary,Diploma,Business restructuring,Telangana,Sales,Employee_4064,1420777,Marketing,2.3,Remote,MGR1013,65,21,Low,2022,2,Experienced
683,EMP104097,2024,Wipro,Data Scientist,Male,BCA,Role redundancy,West Bengal,Analytics,Employee_4098,532725,Marketing,2.9,Remote,MGR1047,49,51,Medium,2015,9,Experienced
684,EMP104154,2024,Swiggy,Sales Manager,Female,BCA,Performance review,Tamil Nadu,Sales,Employee_4155,823030,Sales,4.5,WFO,MGR1104,62,1,High,2018,6,Experienced
685,EMP104274,2024,ShareChat,Process Associate,Non-binary,CA,Role redundancy,Odisha,Operations,Employee_4275,575688,Marketing,4.6,Hybrid,MGR1074,51,35,Medium,2023,1,Experienced
686,EMP104325,2024,Meesho,Finance Executive,Female,MCA,Role redundancy,Punjab,Finance,Employee_4326,1936746,Support,3.2,Remote,MGR1125,69,50,High,2017,7,Experienced
687,EMP104347,2024,Google,Product Designer,Non-binary,BCA,Cost reduction,Telangana,Product,Employee_4348,426214,Finance,3.9,Hybrid,MGR1147,3,51,Medium,2024,0,Fresher
688,EMP104384,2024,Amazon,Account Manager,Male,B.E.,Project closure,Rajasthan,Sales,Employee_4385,1873013,Support,3.5,Remote,MGR1034,27,3,Low,2024,0,Fresher
689,EMP104388,2024,Ola Electric,Content Manager,Non-binary,CA,Financial pressure,Karnataka,Marketing,Employee_4389,1527551,Support,4.5,Remote,MGR1038,37,45,High,2020,4,Experienced
690,EMP104399,2024,Google,Product Designer,Non-binary,BCA,Cost reduction,Telangana,Product,Employee_4400,403241,HR,3.4,WFO,MGR1049,3,50,Medium,2021,3,Experienced
691,EMP104475,2024,Udaan,Product Manager,Non-binary,B.Tech,Financial pressure,Tamil Nadu,Product,Employee_4476,1721791,HR,2.3,Hybrid,MGR1125,49,12,Medium,2016,8,Experienced
692,EMP104523,2024,Paytm,Content Manager,Male,Diploma,Cost reduction,Madhya Pradesh,Marketing,Employee_4524,2106684,Marketing,2.2,Hybrid,MGR1023,4,8,Low,2024,0,Fresher
693,EMP104533,2024,Byju's,Frontend Developer,Female,M.Tech,Workforce restructuring,Kerala,Engineering,Employee_4534,1506843,IT,3.1,Hybrid,MGR1033,70,27,Low,2016,8,Experienced
694,EMP104544,2024,Accenture,Financial Analyst,Non-binary,MCA,Automation adoption,Maharashtra,Finance,Employee_4545,546743,Sales,2.8,Hybrid,MGR1044,53,49,Medium,2017,7,Experienced
695,EMP100005,2024,Deloitte,Financial Analyst,Non-binary,MCA,Automation adoption,Tamil Nadu,Finance,Employee_6,1236972,Support,3.0,WFO,MGR1005,2,42,Low,2024,0,Fresher
696,EMP100029,2024,Accenture,Account Manager,Female,BBA,Cost reduction,Maharashtra,Sales,Employee_30,1672576,Finance,4.7,WFO,MGR1029,26,24,Low,2022,2,Experienced
697,EMP100134,2024,Paytm,Admin Executive,Non-binary,B.Sc,Workforce restructuring,Tamil Nadu,Administration,Employee_135,569892,Finance,4.3,WFO,MGR1134,71,11,Low,2015,9,Experienced
698,EMP100167,2024,Flipkart,Inside Sales Executive,Male,Diploma,Business slowdown,Haryana,Sales,Employee_168,1571756,Sales,2.6,Remote,MGR1017,30,17,Low,2016,8,Experienced
699,EMP100176,2024,Flipkart,Reporting Analyst,Non-binary,Diploma,Market demand decline,Maharashtra,Analytics,Employee_177,2060089,IT,4.8,WFO,MGR1026,66,9,Low,2018,6,Experienced
700,EMP100218,2024,Cult.fit,Risk Analyst,Male,BBA,Market demand decline,Madhya Pradesh,Finance,Employee_219,1973244,Finance,2.7,Remote,MGR1068,34,21,High,2016,8,Experienced
701,EMP100311,2024,Meesho,Operations Manager,Female,MCA,Performance review,Punjab,Operations,Employee_312,1661746,Finance,2.3,Hybrid,MGR1011,52,59,Low,2023,1,Experienced
702,EMP100317,2024,Meesho,MIS Executive,Female,MCA,Performance review,Karnataka,Analytics,Employee_318,905710,Sales,2.9,Remote,MGR1017,27,4,Medium,2019,5,Experienced
703,EMP100325,2024,Infosys,Backend Developer,Male,M.Com,Performance review,Punjab,Engineering,Employee_326,1434185,IT,2.2,Remote,MGR1025,28,55,Medium,2021,3,Experienced
704,EMP100333,2024,Cult.fit,Reporting Analyst,Male,B.Sc,Workforce restructuring,Karnataka,Analytics,Employee_334,1500210,Finance,4.2,Hybrid,MGR1033,25,54,High,2020,4,Experienced
705,EMP100351,2024,Ola Electric,Facilities Executive,Male,B.Sc,Market demand decline,Haryana,Administration,Employee_352,1209330,IT,3.9,Remote,MGR1051,48,48,Low,2023,1,Experienced
706,EMP100358,2024,Udaan,Financial Analyst,Non-binary,M.Tech,Business slowdown,Rajasthan,Finance,Employee_359,303227,Operations,4.3,WFO,MGR1058,29,52,Medium,2016,8,Experienced
707,EMP100359,2024,Wipro,Office Administrator,Female,BCA,Market demand decline,Karnataka,Administration,Employee_360,2034287,Finance,2.9,Remote,MGR1059,75,58,High,2019,5,Experienced
708,EMP100410,2024,Infosys,UX Designer,Non-binary,MBA,Cost reduction,Delhi,Product,Employee_411,435007,HR,4.6,WFO,MGR1110,40,30,Low,2019,5,Experienced
709,EMP100450,2024,Deloitte,Growth Manager,Non-binary,B.E.,Business restructuring,Haryana,Marketing,Employee_451,2053350,Sales,3.0,Hybrid,MGR1000,30,58,High,2023,1,Experienced
710,EMP100464,2024,Paytm,Recruiter,Male,B.Sc,Cost reduction,West Bengal,Human Resources,Employee_465,1295693,Marketing,2.8,WFO,MGR1014,57,30,Low,2023,1,Experienced
711,EMP100485,2024,Swiggy,Facilities Executive,Female,B.Sc,Automation adoption,Delhi,Administration,Employee_486,924842,Operations,2.7,Hybrid,MGR1035,49,22,High,2016,8,Experienced
712,EMP100500,2024,Infosys,Operations Analyst,Non-binary,MCA,Business slowdown,Rajasthan,Operations,Employee_501,2047606,Support,3.1,WFO,MGR1050,2,49,Medium,2021,3,Experienced
713,EMP100586,2024,Infosys,Process Associate,Female,BCA,Performance review,Karnataka,Operations,Employee_587,1362989,Finance,3.7,Hybrid,MGR1136,15,30,High,2023,1,Experienced
714,EMP100602,2024,Microsoft,Recruiter,Female,Diploma,Business slowdown,Delhi,Human Resources,Employee_603,351480,IT,3.2,Remote,MGR1002,44,31,Medium,2020,4,Experienced
715,EMP100629,2024,Amazon,Account Manager,Non-binary,B.E.,Market demand decline,Madhya Pradesh,Sales,Employee_630,1928446,Operations,2.6,WFO,MGR1029,13,25,Medium,2022,2,Experienced
716,EMP100633,2024,Google,Growth Manager,Male,BBA,Role redundancy,Madhya Pradesh,Marketing,Employee_634,1448210,HR,4.6,Remote,MGR1033,36,14,Medium,2018,6,Experienced
717,EMP100648,2024,PhonePe,Product Analyst,Non-binary,B.E.,Financial pressure,West Bengal,Product,Employee_649,465108,Operations,3.8,Hybrid,MGR1048,12,35,Low,2016,8,Experienced
718,EMP100656,2024,Flipkart,Customer Support Executive,Male,MBA,Business restructuring,Uttar Pradesh,Customer Support,Employee_657,1430150,Support,3.0,WFO,MGR1056,30,56,High,2018,6,Experienced
719,EMP100699,2024,Meesho,Technical Support Executive,Female,CA,Business slowdown,Haryana,Customer Support,Employee_700,1101193,IT,2.7,Hybrid,MGR1099,32,49,Low,2019,5,Experienced
720,EMP100750,2024,Meesho,Growth Manager,Female,M.Com,Cost reduction,Uttar Pradesh,Marketing,Employee_751,1065838,IT,4.4,WFO,MGR1000,72,28,High,2023,1,Experienced
721,EMP100777,2024,Ola,Accountant,Female,CA,Project closure,Kerala,Finance,Employee_778,1625922,Finance,3.4,Hybrid,MGR1027,40,1,High,2016,8,Experienced
722,EMP100834,2024,Deloitte,Data Analyst,Male,BCA,Workforce restructuring,Haryana,Analytics,Employee_835,1009185,Operations,2.1,Hybrid,MGR1084,16,0,High,2020,4,Experienced
723,EMP100945,2024,Microsoft,Marketing Executive,Non-binary,B.Sc,Business slowdown,Punjab,Marketing,Employee_946,1940499,Finance,4.1,Remote,MGR1045,21,15,High,2018,6,Experienced
724,EMP101014,2024,Microsoft,Operations Executive,Female,MCA,Business slowdown,Andhra Pradesh,Operations,Employee_1015,1719566,HR,3.9,WFO,MGR1114,45,0,High,2018,6,Experienced
725,EMP101065,2024,Amazon,Finance Executive,Non-binary,BCA,Business restructuring,Gujarat,Finance,Employee_1066,628066,Sales,3.8,WFO,MGR1015,76,25,High,2021,3,Experienced
726,EMP101110,2024,Microsoft,Reporting Analyst,Non-binary,B.Tech,Financial pressure,Uttar Pradesh,Analytics,Employee_1111,270815,Finance,4.3,WFO,MGR1060,45,44,Low,2019,5,Experienced
727,EMP101135,2024,Ola Electric,Risk Analyst,Non-binary,M.Com,Cost reduction,Uttar Pradesh,Finance,Employee_1136,1204873,Sales,3.5,Remote,MGR1085,24,51,Low,2020,4,Experienced
728,EMP101152,2024,TCS,HR Executive,Non-binary,CA,Performance review,Karnataka,Human Resources,Employee_1153,486812,Finance,2.3,Hybrid,MGR1102,15,9,High,2018,6,Experienced
729,EMP101199,2024,Accenture,Product Analyst,Male,M.Com,Project closure,Telangana,Product,Employee_1200,1006443,HR,2.7,Hybrid,MGR1149,27,46,Low,2017,7,Experienced
730,EMP101267,2024,Deloitte,Data Engineer,Female,M.Com,Project closure,West Bengal,Engineering,Employee_1268,448051,Support,2.3,Remote,MGR1067,36,10,High,2017,7,Experienced
731,EMP101308,2024,Meesho,Software Developer,Male,M.Com,Project closure,Telangana,Engineering,Employee_1309,1932502,HR,4.5,Remote,MGR1108,25,3,Medium,2016,8,Experienced
732,EMP101330,2024,Deloitte,Account Manager,Non-binary,MCA,Cost reduction,Gujarat,Sales,Employee_1331,1852447,Sales,3.5,WFO,MGR1130,28,42,Medium,2016,8,Experienced
733,EMP101507,2024,Ola,DevOps Engineer,Female,CA,Performance review,West Bengal,Engineering,Employee_1508,1865952,Support,4.1,Remote,MGR1007,64,13,Low,2021,3,Experienced
734,EMP101598,2024,Ola Electric,Financial Analyst,Male,B.Sc,Workforce restructuring,Madhya Pradesh,Finance,Employee_1599,1806646,HR,3.1,WFO,MGR1098,49,39,Medium,2024,0,Fresher
735,EMP101602,2024,Ola Electric,Content Manager,Female,CA,Automation adoption,Gujarat,Human Resources,Employee_1603,477764,IT,3.9,Hybrid,MGR1102,10,13,Medium,2018,6,Experienced
736,EMP101612,2024,Ola Electric,Risk Analyst,Female,MBA,Market demand decline,Telangana,Finance,Employee_1613,1014836,HR,3.9,Remote,MGR1112,5,26,Low,2015,9,Experienced
737,EMP101619,2024,Accenture,Content Manager,Female,MCA,Automation adoption,Delhi,Marketing,Employee_1620,2126257,Operations,3.9,Hybrid,MGR1119,23,39,Low,2015,9,Experienced
738,EMP101622,2024,Wipro,Digital Marketing Specialist,Male,M.Com,Role redundancy,Kerala,Marketing,Employee_1623,1109868,Finance,3.6,Hybrid,MGR1122,32,42,Medium,2019,5,Experienced
739,EMP101659,2024,Paytm,Technical Support Executive,Male,M.Com,Project closure,Madhya Pradesh,Customer Support,Employee_1660,1216195,Finance,2.9,Remote,MGR1009,49,48,Medium,2024,0,Fresher
740,EMP101684,2024,TCS,Accountant,Female,M.Com,Performance review,Tamil Nadu,Finance,Employee_1685,1161930,Sales,3.9,Hybrid,MGR1034,74,1,High,2016,8,Experienced
741,EMP101729,2024,Google,Talent Acquisition Specialist,Female,M.Com,Performance review,Haryana,Human Resources,Employee_1730,716215,Finance,5.0,Hybrid,MGR1079,1,58,Low,2017,7,Experienced
742,EMP101741,2024,Infosys,Growth Manager,Male,BCA,Role redundancy,Haryana,Marketing,Employee_1742,1421575,Sales,3.4,Hybrid,MGR1091,42,18,Low,2023,1,Experienced
743,EMP101787,2024,Udaan,Risk Analyst,Non-binary,MCA,Market demand decline,Andhra Pradesh,Finance,Employee_1788,2107186,Sales,2.3,WFO,MGR1137,29,30,Medium,2021,3,Experienced
744,EMP101793,2024,Infosys,Data Analyst,Female,B.Sc,Automation adoption,Gujarat,Analytics,Employee_1794,734243,Marketing,4.1,Hybrid,MGR1143,54,3,Low,2018,6,Experienced
745,EMP101837,2024,Microsoft,Talent Acquisition Specialist,Male,M.Com,Workforce restructuring,Karnataka,Human Resources,Employee_1838,1995131,Marketing,2.6,Hybrid,MGR1037,77,14,High,2022,2,Experienced
746,EMP101895,2024,Swiggy,Accountant,Male,M.Tech,Automation adoption,Maharashtra,Finance,Employee_1896,1191627,Sales,2.6,WFO,MGR1095,41,32,Low,2024,0,Fresher
747,EMP101912,2024,Accenture,Marketing Executive,Male,B.E.,Automation adoption,Maharashtra,Marketing,Employee_1913,2084299,IT,4.3,WFO,MGR1112,48,19,Medium,2017,7,Experienced
748,EMP101989,2024,Byju's,Account Manager,Male,Diploma,Cost reduction,Karnataka,Sales,Employee_1990,453342,Finance,2.2,Hybrid,MGR1039,0,50,Low,2019,5,Experienced
749,EMP102006,2024,Deloitte,Risk Analyst,Female,MBA,Performance review,Gujarat,Finance,Employee_2007,1746130,Finance,4.5,Hybrid,MGR1056,32,10,High,2017,7,Experienced
750,EMP102013,2024,Wipro,Product Designer,Non-binary,CA,Performance review,Odisha,Product,Employee_2014,643329,Marketing,4.0,WFO,MGR1063,53,15,Low,2018,6,Experienced
751,EMP102035,2024,Cult.fit,Finance Executive,Male,M.Tech,Market demand decline,Kerala,Finance,Employee_2036,1746677,HR,3.2,Hybrid,MGR1085,5,41,Medium,2022,2,Experienced
752,EMP102069,2024,Deloitte,Data Analyst,Male,M.Com,Cost reduction,Maharashtra,Analytics,Employee_2070,1223973,IT,3.1,Remote,MGR1119,10,5,Medium,2020,4,Experienced
753,EMP102087,2024,Cult.fit,Technical Support Executive,Non-binary,Diploma,Performance review,Maharashtra,Customer Support,Employee_2088,1473748,IT,3.9,Remote,MGR1137,14,50,Medium,2017,7,Experienced
754,EMP102105,2024,Unacademy,BI Analyst,Male,MCA,Financial pressure,Kerala,Analytics,Employee_2106,884993,Support,4.1,WFO,MGR1005,50,55,Medium,2019,5,Experienced
755,EMP102111,2024,Meesho,Operations Manager,Female,BCA,Performance review,Madhya Pradesh,Operations,Employee_2112,1448659,Operations,3.1,Hybrid,MGR1011,74,54,Medium,2021,3,Experienced
756,EMP102144,2024,Flipkart,Data Engineer,Male,MCA,Workforce restructuring,Andhra Pradesh,Engineering,Employee_2145,1675409,HR,3.9,WFO,MGR1044,77,18,Medium,2018,6,Experienced
757,EMP102161,2024,Infosys,Technical Support Executive,Non-binary,MCA,Market demand decline,Tamil Nadu,Customer Support,Employee_2162,1249141,Operations,2.2,Remote,MGR1061,78,46,Low,2021,3,Experienced
758,EMP102173,2024,Cult.fit,HR Business Partner,Male,B.Tech,Business restructuring,Tamil Nadu,Human Resources,Employee_2174,2095582,Finance,2.6,Hybrid,MGR1073,14,45,Low,2019,5,Experienced
759,EMP102191,2024,Deloitte,Support Analyst,Non-binary,CA,Market demand decline,Delhi,Customer Support,Employee_2192,521481,Support,3.4,Remote,MGR1091,53,36,High,2021,3,Experienced
760,EMP102199,2024,ShareChat,Product Analyst,Female,BCA,Cost reduction,Punjab,Product,Employee_2200,993159,Sales,4.2,Remote,MGR1099,16,52,High,2021,3,Experienced
761,EMP102220,2024,Ola Electric,Technical Support Executive,Male,B.Tech,Cost reduction,Delhi,Customer Support,Employee_2221,1291982,Support,3.9,WFO,MGR1120,49,56,Medium,2017,7,Experienced
762,EMP102261,2024,Deloitte,Office Administrator,Non-binary,B.E.,Business slowdown,Telangana,Administration,Employee_2262,1789405,Operations,3.6,WFO,MGR1011,61,5,Low,2016,8,Experienced
763,EMP102281,2024,Meesho,Software Developer,Female,Diploma,Business restructuring,Uttar Pradesh,Engineering,Employee_2282,956345,Sales,2.5,Hybrid,MGR1031,53,35,High,2021,3,Experienced
764,EMP102346,2024,Swiggy,Sales Executive,Non-binary,BCA,Business slowdown,Madhya Pradesh,Sales,Employee_2347,1171687,Support,2.9,WFO,MGR1096,17,55,Low,2015,9,Experienced
765,EMP102383,2024,Flipkart,QA Engineer,Female,M.Tech,Financial pressure,West Bengal,Engineering,Employee_2384,990471,Finance,2.7,Hybrid,MGR1133,49,49,Medium,2023,1,Experienced
766,EMP102387,2024,Amazon,UX Designer,Male,MBA,Role redundancy,Punjab,Product,Employee_2388,439815,Sales,4.3,Remote,MGR1137,70,39,High,2024,0,Fresher
767,EMP102395,2024,Amazon,Digital Marketing Specialist,Non-binary,CA,Financial pressure,Kerala,Marketing,Employee_2396,1448290,IT,3.2,WFO,MGR1145,53,42,Low,2021,3,Experienced
768,EMP102494,2024,Swiggy,Accountant,Non-binary,M.Tech,Performance review,Punjab,Finance,Employee_2495,1571179,Operations,4.5,WFO,MGR1094,67,3,Medium,2018,6,Experienced
769,EMP102525,2024,Paytm,Facilities Executive,Female,M.Com,Business slowdown,West Bengal,Administration,Employee_2526,784326,HR,2.7,WFO,MGR1125,15,4,Medium,2024,0,Fresher
770,EMP102535,2024,PhonePe,Recruiter,Female,Diploma,Financial pressure,Andhra Pradesh,Human Resources,Employee_2536,2101491,HR,2.5,Remote,MGR1135,45,48,Medium,2017,7,Experienced
771,EMP102609,2024,ShareChat,Technical Support Executive,Non-binary,B.Tech,Business restructuring,Karnataka,Customer Support,Employee_2610,1493726,Operations,2.2,Remote,MGR1059,4,53,Medium,2020,4,Experienced
772,EMP102661,2024,Infosys,Growth Manager,Female,M.Com,Cost reduction,Tamil Nadu,Marketing,Employee_2662,1312042,IT,4.6,WFO,MGR1111,65,55,Medium,2023,1,Experienced
773,EMP102674,2024,ShareChat,UX Designer,Male,M.Tech,Project closure,Madhya Pradesh,Product,Employee_2675,890442,HR,3.8,WFO,MGR1124,3,56,Medium,2017,7,Experienced
774,EMP102752,2024,Unacademy,Sales Executive,Male,MCA,Cost reduction,Andhra Pradesh,Sales,Employee_2753,731403,Support,4.4,Hybrid,MGR1052,27,23,Low,2021,3,Experienced
775,EMP102760,2024,Paytm,Talent Acquisition Specialist,Male,CA,Cost reduction,West Bengal,Human Resources,Employee_2761,2114380,Finance,3.9,Hybrid,MGR1060,19,27,Low,2022,2,Experienced
776,EMP102821,2024,Swiggy,Product Manager,Female,B.Sc,Automation adoption,Punjab,Product,Employee_2822,744096,IT,3.4,Remote,MGR1121,56,4,High,2017,7,Experienced
777,EMP102838,2024,PhonePe,Marketing Executive,Non-binary,BBA,Role redundancy,Karnataka,Marketing,Employee_2839,1503002,Operations,2.3,Hybrid,MGR1138,0,12,High,2021,3,Experienced
778,EMP102882,2024,Google,DevOps Engineer,Male,CA,Role redundancy,Andhra Pradesh,Engineering,Employee_2883,381596,Marketing,4.5,WFO,MGR1032,74,22,High,2021,3,Experienced
779,EMP102910,2024,PhonePe,Digital Marketing Specialist,Female,BCA,Business restructuring,Odisha,Marketing,Employee_2911,258852,HR,2.4,WFO,MGR1060,75,8,Low,2016,8,Experienced
780,EMP102937,2024,Swiggy,Facilities Executive,Male,CA,Performance review,Andhra Pradesh,Administration,Employee_2938,1529087,Sales,3.4,WFO,MGR1087,33,48,High,2020,4,Experienced
781,EMP102949,2024,Ola Electric,Business Development Executive,Female,BBA,Business slowdown,Tamil Nadu,Sales,Employee_2950,1152648,Operations,4.4,WFO,MGR1099,38,9,Medium,2018,6,Experienced
782,EMP102959,2024,Wipro,Data Scientist,Non-binary,B.E.,Project closure,Haryana,Analytics,Employee_2960,904130,Operations,2.5,Remote,MGR1109,60,5,High,2023,1,Experienced
783,EMP102969,2024,TCS,Inside Sales Executive,Female,M.Tech,Cost reduction,West Bengal,Sales,Employee_2970,2133151,Operations,2.1,Remote,MGR1119,0,28,High,2017,7,Experienced
784,EMP102992,2024,TCS,Admin Executive,Non-binary,BCA,Business slowdown,Telangana,Administration,Employee_2993,846027,Operations,3.3,Remote,MGR1142,34,10,Low,2016,8,Experienced
785,EMP103006,2024,Wipro,Content Manager,Non-binary,MBA,Workforce restructuring,Odisha,Marketing,Employee_3007,1618758,IT,4.1,WFO,MGR1006,9,38,Medium,2015,9,Experienced
786,EMP103014,2024,PhonePe,Financial Analyst,Male,B.E.,Role redundancy,Karnataka,Finance,Employee_3015,848473,Operations,2.9,Remote,MGR1014,43,19,Low,2020,4,Experienced
787,EMP103092,2024,Ola,Sales Manager,Male,B.E.,Role redundancy,Punjab,Sales,Employee_3093,1547294,Sales,3.8,WFO,MGR1092,3,56,Medium,2018,6,Experienced
788,EMP103125,2024,Google,Marketing Executive,Non-binary,M.Com,Business restructuring,Madhya Pradesh,Marketing,Employee_3126,1328440,Support,4.1,WFO,MGR1125,4,31,Medium,2021,3,Experienced
789,EMP103130,2024,Microsoft,Product Analyst,Male,BBA,Role redundancy,Gujarat,Product,Employee_3131,1035041,IT,3.2,Hybrid,MGR1130,39,15,Medium,2024,0,Fresher
790,EMP103137,2024,Wipro,HR Executive,Non-binary,Diploma,Business restructuring,Uttar Pradesh,Human Resources,Employee_3138,257525,Support,4.0,Remote,MGR1137,49,0,High,2020,4,Experienced
791,EMP103191,2024,Byju's,Inside Sales Executive,Non-binary,B.E.,Workforce restructuring,Rajasthan,Sales,Employee_3192,1514697,Support,3.3,Hybrid,MGR1041,39,50,High,2015,9,Experienced
792,EMP103206,2024,Ola,HR Business Partner,Female,BCA,Financial pressure,Rajasthan,Human Resources,Employee_3207,304011,Finance,2.1,Remote,MGR1056,52,47,High,2023,1,Experienced
793,EMP103252,2024,Swiggy,QA Engineer,Non-binary,CA,Business restructuring,Delhi,Engineering,Employee_3253,741832,Operations,2.3,WFO,MGR1102,51,53,High,2016,8,Experienced
794,EMP103271,2024,Byju's,Backend Developer,Non-binary,MBA,Business restructuring,West Bengal,Engineering,Employee_3272,1932685,Support,4.5,Hybrid,MGR1121,58,54,Medium,2021,3,Experienced
795,EMP103286,2024,Wipro,Process Associate,Female,CA,Business slowdown,West Bengal,Operations,Employee_3287,1142258,Operations,3.4,Remote,MGR1136,53,45,High,2015,9,Experienced
796,EMP103314,2024,Infosys,Customer Success Executive,Male,B.Sc,Financial pressure,Tamil Nadu,Customer Support,Employee_3315,961049,Sales,3.5,WFO,MGR1014,79,6,High,2022,2,Experienced
797,EMP103319,2024,ShareChat,HR Business Partner,Female,Diploma,Business slowdown,Uttar Pradesh,Human Resources,Employee_3320,1023078,IT,3.5,Remote,MGR1019,28,9,High,2021,3,Experienced
798,EMP103359,2024,Ola,Office Administrator,Female,M.Com,Cost reduction,Maharashtra,Administration,Employee_3360,1022898,IT,2.7,WFO,MGR1059,63,13,Low,2016,8,Experienced
799,EMP103452,2024,Flipkart,Financial Analyst,Non-binary,BBA,Workforce restructuring,Karnataka,Finance,Employee_3453,2118054,HR,4.3,WFO,MGR1002,75,0,Medium,2018,6,Experienced
800,EMP103547,2024,Accenture,Account Manager,Female,MCA,Business slowdown,Maharashtra,Sales,Employee_3548,1009871,Operations,2.8,Remote,MGR1097,13,5,Low,2018,6,Experienced
801,EMP103551,2024,Byju's,Marketing Executive,Male,Diploma,Workforce restructuring,Andhra Pradesh,Marketing,Employee_3552,296119,Finance,3.5,Hybrid,MGR1101,49,38,Low,2017,7,Experienced
802,EMP103564,2024,Ola Electric,BI Analyst,Non-binary,MBA,Financial pressure,Madhya Pradesh,Analytics,Employee_3565,891875,Finance,4.2,Remote,MGR1114,13,55,High,2017,7,Experienced
803,EMP103629,2024,Wipro,Tech Lead,Non-binary,M.Tech,Business restructuring,Andhra Pradesh,Engineering,Employee_3630,2093131,Operations,4.4,Remote,MGR1029,8,48,High,2024,0,Fresher
804,EMP103648,2024,TCS,Product Manager,Female,M.Com,Market demand decline,Kerala,Product,Employee_3649,597395,Finance,4.5,WFO,MGR1048,33,36,High,2015,9,Experienced
805,EMP103664,2024,Ola Electric,DevOps Engineer,Non-binary,MBA,Business slowdown,Gujarat,Engineering,Employee_3665,2027269,Support,4.9,WFO,MGR1064,59,8,Low,2015,9,Experienced
806,EMP103809,2024,PhonePe,Tech Lead,Non-binary,B.Tech,Financial pressure,Karnataka,Engineering,Employee_3810,702088,Marketing,2.5,Hybrid,MGR1059,68,39,Low,2016,8,Experienced
807,EMP103848,2024,Ola,Support Analyst,Non-binary,MCA,Market demand decline,West Bengal,Customer Support,Employee_3849,370455,HR,4.5,Hybrid,MGR1098,29,55,Medium,2019,5,Experienced
808,EMP103858,2024,TCS,Software Developer,Female,M.Tech,Project closure,Andhra Pradesh,Engineering,Employee_3859,897366,Sales,3.7,WFO,MGR1108,20,2,High,2015,9,Experienced
809,EMP103880,2024,Unacademy,UX Designer,Non-binary,M.Tech,Automation adoption,Uttar Pradesh,Product,Employee_3881,749962,HR,4.5,WFO,MGR1130,14,38,Low,2024,0,Fresher
810,EMP103893,2024,Accenture,Senior Software Engineer,Female,BBA,Cost reduction,Haryana,Engineering,Employee_3894,891362,Sales,3.9,WFO,MGR1143,5,6,Medium,2024,0,Fresher
811,EMP103902,2024,Accenture,HR Executive,Female,Diploma,Workforce restructuring,Rajasthan,Human Resources,Employee_3903,1260439,HR,2.3,WFO,MGR1002,70,1,High,2024,0,Fresher
812,EMP103913,2024,ShareChat,Risk Analyst,Female,B.Sc,Role redundancy,Odisha,Finance,Employee_3914,1533335,HR,4.9,Hybrid,MGR1013,61,33,Low,2023,1,Experienced
813,EMP104017,2024,Flipkart,Facilities Executive,Male,B.Sc,Role redundancy,Haryana,Administration,Employee_4018,741749,Sales,2.0,Hybrid,MGR1117,58,26,Low,2015,9,Experienced
814,EMP104019,2024,Deloitte,Sales Executive,Male,MBA,Performance review,Kerala,Sales,Employee_4020,401991,HR,4.8,WFO,MGR1119,13,9,Low,2024,0,Fresher
815,EMP104124,2024,Accenture,Operations Analyst,Male,B.E.,Business restructuring,Haryana,Operations,Employee_4125,608328,Marketing,3.2,WFO,MGR1074,44,51,High,2015,9,Experienced
816,EMP104127,2024,Paytm,Product Designer,Non-binary,B.E.,Role redundancy,Karnataka,Product,Employee_4128,1613295,Finance,3.1,Hybrid,MGR1077,18,1,High,2020,4,Experienced
817,EMP104250,2024,Google,Operations Analyst,Female,B.E.,Role redundancy,Maharashtra,Operations,Employee_4251,1208363,Support,2.0,Remote,MGR1050,43,38,High,2021,3,Experienced
818,EMP104271,2024,Flipkart,Finance Executive,Female,MCA,Business slowdown,West Bengal,Finance,Employee_4272,1621999,HR,4.8,WFO,MGR1071,31,5,High,2019,5,Experienced
819,EMP104291,2024,Ola Electric,Operations Executive,Non-binary,BBA,Market demand decline,Rajasthan,Operations,Employee_4292,979898,Operations,4.1,Remote,MGR1091,15,16,Medium,2015,9,Experienced
820,EMP104335,2024,Unacademy,Reporting Analyst,Non-binary,BBA,Financial pressure,Uttar Pradesh,Analytics,Employee_4336,285900,HR,2.7,Remote,MGR1135,42,31,Medium,2020,4,Experienced
821,EMP104472,2024,Unacademy,UX Designer,Female,M.Tech,Cost reduction,Maharashtra,Product,Employee_4473,961678,Support,2.7,WFO,MGR1122,60,44,Medium,2021,3,Experienced
822,EMP104482,2024,Deloitte,Data Engineer,Female,BCA,Cost reduction,Uttar Pradesh,Engineering,Employee_4483,546906,Finance,4.6,Hybrid,MGR1132,41,58,High,2021,3,Experienced
823,EMP104488,2024,ShareChat,Sales Manager,Non-binary,M.Tech,Role redundancy,Andhra Pradesh,Sales,Employee_4489,1301871,Operations,4.6,WFO,MGR1138,42,17,High,2024,0,Fresher
824,EMP104497,2024,Microsoft,HR Business Partner,Non-binary,B.Tech,Cost reduction,Karnataka,Human Resources,Employee_4498,1106837,Support,2.6,WFO,MGR1147,5,33,Medium,2022,2,Experienced
825,EMP104508,2024,ShareChat,Frontend Developer,Male,BCA,Financial pressure,Maharashtra,Engineering,Employee_4509,1686528,Support,4.6,WFO,MGR1008,4,21,Low,2019,5,Experienced
826,EMP104527,2024,TCS,Senior Software Engineer,Female,CA,Role redundancy,Rajasthan,Engineering,Employee_4528,569784,Sales,4.9,Remote,MGR1027,26,44,High,2020,4,Experienced
827,EMP104539,2024,Swiggy,Support Analyst,Non-binary,MBA,Financial pressure,Kerala,Customer Support,Employee_4540,1423402,Support,3.1,Remote,MGR1039,68,53,Low,2021,3,Experienced
828,EMP100058,2024,Ola,Risk Analyst,Non-binary,BCA,Business restructuring,Maharashtra,Finance,Employee_59,574973,IT,3.9,Remote,MGR1058,18,36,Low,2024,0,Fresher
829,EMP100060,2024,Cult.fit,Technical Support Executive,Female,MBA,Project closure,Rajasthan,Customer Support,Employee_61,1526891,Operations,4.9,Hybrid,MGR1060,21,1,Medium,2024,0,Fresher
830,EMP100070,2024,TCS,Technical Support Executive,Male,MBA,Business slowdown,Rajasthan,Customer Support,Employee_71,410682,Operations,4.8,WFO,MGR1070,0,19,Medium,2016,8,Experienced
831,EMP100076,2024,Cult.fit,Product Analyst,Female,B.Tech,Business restructuring,Haryana,Product,Employee_77,1872854,Finance,2.1,WFO,MGR1076,76,57,High,2015,9,Experienced
832,EMP100099,2024,PhonePe,Facilities Executive,Non-binary,B.Sc,Business restructuring,Maharashtra,Administration,Employee_100,1943625,Marketing,3.6,WFO,MGR1099,65,25,Medium,2024,0,Fresher
833,EMP100179,2024,TCS,Inside Sales Executive,Non-binary,BCA,Financial pressure,West Bengal,Sales,Employee_180,1110259,IT,2.5,WFO,MGR1029,16,11,Medium,2022,2,Experienced
834,EMP100184,2024,Ola Electric,Product Manager,Female,M.Tech,Cost reduction,Telangana,Product,Employee_185,663414,Marketing,2.4,WFO,MGR1034,33,46,Medium,2016,8,Experienced
835,EMP100272,2024,Unacademy,Data Engineer,Non-binary,B.Tech,Business slowdown,Karnataka,Engineering,Employee_273,957091,Operations,4.0,Remote,MGR1122,24,37,Medium,2023,1,Experienced
836,EMP100289,2024,Accenture,Admin Executive,Male,B.Sc,Workforce restructuring,Karnataka,Administration,Employee_290,1743075,Finance,2.4,Hybrid,MGR1139,42,45,High,2019,5,Experienced
837,EMP100346,2024,Ola,Recruiter,Male,B.Tech,Performance review,Kerala,Human Resources,Employee_347,2146649,Marketing,3.2,Remote,MGR1046,48,53,Medium,2023,1,Experienced
838,EMP100371,2024,Unacademy,Office Administrator,Male,M.Com,Cost reduction,Haryana,Administration,Employee_372,793315,Support,3.8,WFO,MGR1071,28,9,Medium,2023,1,Experienced
839,EMP100374,2024,Accenture,Data Engineer,Male,MCA,Market demand decline,Telangana,Engineering,Employee_375,1781994,Sales,2.8,Hybrid,MGR1074,64,51,Low,2020,4,Experienced
840,EMP100474,2024,Byju's,Operations Manager,Male,B.E.,Project closure,Gujarat,Operations,Employee_475,942143,Operations,4.6,WFO,MGR1024,64,50,High,2024,0,Fresher
841,EMP100481,2024,Swiggy,HR Business Partner,Male,Diploma,Performance review,Odisha,Human Resources,Employee_482,572037,Finance,3.0,WFO,MGR1031,5,12,Medium,2020,4,Experienced
842,EMP100519,2024,Unacademy,HR Executive,Non-binary,M.Tech,Project closure,Haryana,Human Resources,Employee_520,1060264,Marketing,2.2,Remote,MGR1069,14,40,High,2016,8,Experienced
843,EMP100522,2024,ShareChat,Digital Marketing Specialist,Male,M.Tech,Business restructuring,Odisha,Marketing,Employee_523,507544,Support,3.1,Remote,MGR1072,41,29,High,2023,1,Experienced
844,EMP100571,2024,Flipkart,Content Manager,Non-binary,MBA,Project closure,Karnataka,Marketing,Employee_572,1360748,Finance,4.0,Remote,MGR1121,39,26,Low,2020,4,Experienced
845,EMP100590,2024,Ola Electric,Process Associate,Female,B.E.,Project closure,Punjab,Operations,Employee_591,479495,Operations,2.1,Hybrid,MGR1140,26,51,Medium,2017,7,Experienced
846,EMP100625,2024,Byju's,Sales Manager,Male,B.E.,Automation adoption,Uttar Pradesh,Sales,Employee_626,372462,Operations,2.7,Hybrid,MGR1025,25,50,High,2021,3,Experienced
847,EMP100640,2024,Wipro,Marketing Executive,Male,CA,Cost reduction,Telangana,Marketing,Employee_641,1543030,Support,3.9,WFO,MGR1040,36,29,Medium,2021,3,Experienced
848,EMP100731,2024,Paytm,Finance Executive,Non-binary,BBA,Business slowdown,West Bengal,Finance,Employee_732,1641359,IT,4.9,Remote,MGR1131,49,15,Low,2016,8,Experienced
849,EMP100776,2024,Accenture,Reporting Analyst,Female,MBA,Business restructuring,Odisha,Analytics,Employee_777,786299,IT,4.1,WFO,MGR1026,60,18,Low,2018,6,Experienced
850,EMP100914,2024,Paytm,Operations Manager,Male,MBA,Cost reduction,Karnataka,Operations,Employee_915,767009,Operations,2.6,Hybrid,MGR1014,25,52,Low,2020,4,Experienced
851,EMP100919,2024,Infosys,Facilities Executive,Male,B.Tech,Cost reduction,Kerala,Administration,Employee_920,1598955,Marketing,3.5,WFO,MGR1019,72,49,Low,2020,4,Experienced
852,EMP100997,2024,Meesho,Financial Analyst,Female,BBA,Financial pressure,Tamil Nadu,Finance,Employee_998,931773,Finance,2.8,WFO,MGR1097,35,0,Low,2017,7,Experienced
853,EMP101046,2024,Wipro,Software Engineer,Non-binary,M.Com,Business restructuring,Delhi,Engineering,Employee_1047,640511,IT,2.8,Remote,MGR1146,27,46,Medium,2015,9,Experienced
854,EMP101061,2024,Ola Electric,Talent Acquisition Specialist,Female,Diploma,Market demand decline,Punjab,Human Resources,Employee_1062,1397599,Operations,4.3,Remote,MGR1011,71,13,High,2017,7,Experienced
855,EMP101062,2024,Amazon,Facilities Executive,Male,CA,Business restructuring,Punjab,Administration,Employee_1063,1748537,Sales,4.5,WFO,MGR1012,25,19,High,2022,2,Experienced
856,EMP101088,2024,ShareChat,Account Manager,Non-binary,B.E.,Role redundancy,Telangana,Sales,Employee_1089,1358671,Finance,3.7,Hybrid,MGR1038,53,46,Low,2024,0,Fresher
857,EMP101106,2024,Byju's,Product Designer,Female,M.Com,Performance review,Haryana,Product,Employee_1107,545255,Finance,4.6,Hybrid,MGR1056,50,24,Low,2023,1,Experienced
858,EMP101130,2024,Ola,Product Designer,Female,B.Sc,Role redundancy,Madhya Pradesh,Product,Employee_1131,1277577,Sales,4.5,Remote,MGR1080,26,16,Medium,2023,1,Experienced
859,EMP101157,2024,Paytm,Operations Analyst,Male,CA,Cost reduction,Delhi,Operations,Employee_1158,1630112,Finance,4.0,Remote,MGR1107,15,50,Medium,2022,2,Experienced
860,EMP101197,2024,ShareChat,Product Analyst,Male,MBA,Business slowdown,Andhra Pradesh,Product,Employee_1198,1191369,Finance,2.2,WFO,MGR1147,37,44,Medium,2024,0,Fresher
861,EMP101230,2024,Google,Frontend Developer,Male,B.Tech,Automation adoption,Odisha,Engineering,Employee_1231,1956993,Marketing,2.4,Remote,MGR1030,25,30,Medium,2015,9,Experienced
862,EMP101278,2024,Unacademy,Operations Analyst,Non-binary,MCA,Financial pressure,Kerala,Operations,Employee_1279,1721444,HR,4.1,Remote,MGR1078,60,56,Low,2024,0,Fresher
863,EMP101303,2024,Unacademy,Recruiter,Female,M.Tech,Workforce restructuring,West Bengal,Human Resources,Employee_1304,1113208,Finance,2.6,WFO,MGR1103,72,50,High,2016,8,Experienced
864,EMP101333,2024,Amazon,Digital Marketing Specialist,Male,BBA,Market demand decline,Kerala,Marketing,Employee_1334,655789,IT,3.2,Hybrid,MGR1133,59,11,Low,2019,5,Experienced
865,EMP101467,2024,Swiggy,Content Manager,Non-binary,M.Tech,Workforce restructuring,Tamil Nadu,Marketing,Employee_1468,653349,HR,4.2,Hybrid,MGR1117,57,15,Low,2015,9,Experienced
866,EMP101480,2024,Microsoft,Business Development Executive,Non-binary,M.Tech,Workforce restructuring,Kerala,Sales,Employee_1481,968192,Sales,2.4,Hybrid,MGR1130,3,11,High,2016,8,Experienced
867,EMP101616,2024,TCS,Accountant,Non-binary,M.Com,Financial pressure,Gujarat,Finance,Employee_1617,1116189,IT,3.5,Hybrid,MGR1116,49,53,Low,2019,5,Experienced
868,EMP101688,2024,Ola,Process Associate,Female,B.E.,Financial pressure,Delhi,Operations,Employee_1689,313554,Finance,4.7,Remote,MGR1038,7,2,High,2018,6,Experienced
869,EMP101695,2024,Cult.fit,Data Engineer,Male,MCA,Role redundancy,Madhya Pradesh,Engineering,Employee_1696,632976,Sales,3.6,WFO,MGR1045,58,52,Low,2017,7,Experienced
870,EMP101704,2024,Udaan,Data Scientist,Non-binary,MBA,Business slowdown,Odisha,Analytics,Employee_1705,1600737,Marketing,2.1,Hybrid,MGR1054,57,39,High,2018,6,Experienced
871,EMP101713,2024,Meesho,HR Business Partner,Non-binary,MCA,Business slowdown,Rajasthan,Human Resources,Employee_1714,1563965,Marketing,2.9,Hybrid,MGR1063,77,44,Low,2017,7,Experienced
872,EMP101737,2024,Paytm,HR Business Partner,Male,MCA,Performance review,Haryana,Human Resources,Employee_1738,293509,Finance,4.0,WFO,MGR1087,21,12,Medium,2024,0,Fresher
873,EMP101740,2024,Accenture,Risk Analyst,Male,B.Sc,Business slowdown,Karnataka,Finance,Employee_1741,499252,HR,3.0,Remote,MGR1090,5,55,Low,2015,9,Experienced
874,EMP101744,2024,Meesho,Data Engineer,Non-binary,MCA,Performance review,Karnataka,Engineering,Employee_1745,1561778,Finance,3.7,Remote,MGR1094,20,33,Low,2017,7,Experienced
875,EMP101760,2024,Udaan,Admin Executive,Male,M.Tech,Market demand decline,Telangana,Administration,Employee_1761,1853005,Operations,2.3,WFO,MGR1110,41,0,Medium,2020,4,Experienced
876,EMP101772,2024,ShareChat,Talent Acquisition Specialist,Non-binary,B.Tech,Workforce restructuring,Kerala,Human Resources,Employee_1773,1419414,Support,2.6,Hybrid,MGR1122,13,27,Medium,2024,0,Fresher
877,EMP101847,2024,Unacademy,Recruiter,Male,MCA,Financial pressure,Telangana,Human Resources,Employee_1848,747634,Operations,4.3,Hybrid,MGR1047,19,43,Low,2017,7,Experienced
878,EMP101850,2024,Unacademy,UX Designer,Non-binary,MBA,Workforce restructuring,Odisha,Product,Employee_1851,1340371,Support,4.1,WFO,MGR1050,54,12,High,2021,3,Experienced
879,EMP101859,2024,Amazon,Business Analyst,Non-binary,MBA,Role redundancy,Punjab,Analytics,Employee_1860,1567686,Sales,3.4,Hybrid,MGR1059,73,2,Low,2019,5,Experienced
880,EMP101884,2024,Deloitte,Accountant,Male,M.Tech,Performance review,Andhra Pradesh,Finance,Employee_1885,2162427,HR,3.4,Remote,MGR1084,12,23,Low,2021,3,Experienced
881,EMP101892,2024,Google,Account Manager,Male,CA,Performance review,Karnataka,Sales,Employee_1893,1208261,Sales,3.6,Hybrid,MGR1092,5,51,Medium,2021,3,Experienced
882,EMP101974,2024,Infosys,Talent Acquisition Specialist,Male,BBA,Business restructuring,Gujarat,Human Resources,Employee_1975,1768328,HR,3.7,Hybrid,MGR1024,46,1,Medium,2015,9,Experienced
883,EMP101982,2024,Amazon,Marketing Executive,Female,MBA,Workforce restructuring,Madhya Pradesh,Marketing,Employee_1983,345130,Finance,4.8,WFO,MGR1032,0,57,Medium,2015,9,Experienced
884,EMP102003,2024,Swiggy,Product Designer,Non-binary,Diploma,Business slowdown,Delhi,Product,Employee_2004,958748,IT,4.2,Remote,MGR1053,51,14,Low,2020,4,Experienced
885,EMP102021,2024,ShareChat,HR Business Partner,Non-binary,MCA,Financial pressure,Karnataka,Human Resources,Employee_2022,488560,Operations,2.3,WFO,MGR1071,10,7,High,2021,3,Experienced
886,EMP102040,2024,Meesho,Recruiter,Male,MCA,Cost reduction,Karnataka,Human Resources,Employee_2041,495275,Support,4.9,WFO,MGR1090,56,19,High,2021,3,Experienced
887,EMP102052,2024,Unacademy,Finance Executive,Female,B.Sc,Performance review,Kerala,Finance,Employee_2053,2036939,Marketing,2.0,Remote,MGR1102,74,58,Medium,2016,8,Experienced
888,EMP102066,2024,Microsoft,Operations Manager,Non-binary,B.Sc,Market demand decline,Uttar Pradesh,Operations,Employee_2067,1357869,HR,4.4,Hybrid,MGR1116,61,27,High,2022,2,Experienced
889,EMP102140,2024,Udaan,BI Analyst,Male,B.E.,Automation adoption,Madhya Pradesh,Analytics,Employee_2141,1443864,Operations,4.2,WFO,MGR1040,48,55,Low,2018,6,Experienced
890,EMP102187,2024,Microsoft,Customer Success Executive,Non-binary,BCA,Business slowdown,West Bengal,Customer Support,Employee_2188,1639805,Sales,4.9,Remote,MGR1087,39,41,Medium,2024,0,Fresher
891,EMP102188,2024,Amazon,Office Administrator,Male,MCA,Project closure,Telangana,Administration,Employee_2189,375628,HR,3.0,WFO,MGR1088,73,43,High,2020,4,Experienced
892,EMP102219,2024,Infosys,Product Manager,Female,MCA,Business slowdown,Madhya Pradesh,Product,Employee_2220,1921476,Sales,4.8,Remote,MGR1119,33,33,High,2016,8,Experienced
893,EMP102233,2024,Ola Electric,Accountant,Male,MCA,Business restructuring,Maharashtra,Finance,Employee_2234,2188399,Operations,3.9,WFO,MGR1133,16,38,High,2023,1,Experienced
894,EMP102252,2024,Deloitte,Senior Software Engineer,Non-binary,MCA,Financial pressure,Kerala,Engineering,Employee_2253,1649730,Sales,4.5,WFO,MGR1002,66,4,Medium,2015,9,Experienced
895,EMP102267,2024,Udaan,Account Manager,Male,BCA,Role redundancy,West Bengal,Sales,Employee_2268,1570011,Finance,3.4,Remote,MGR1017,74,43,Low,2019,5,Experienced
896,EMP102300,2024,Byju's,Tech Lead,Male,CA,Workforce restructuring,Gujarat,Engineering,Employee_2301,536070,Sales,3.1,Remote,MGR1050,13,9,Low,2016,8,Experienced
897,EMP102308,2024,Unacademy,HR Executive,Non-binary,B.Tech,Automation adoption,Kerala,Human Resources,Employee_2309,1818410,Marketing,4.5,WFO,MGR1058,68,33,High,2017,7,Experienced
898,EMP102336,2024,Ola,Finance Executive,Non-binary,MBA,Business restructuring,Delhi,Finance,Employee_2337,1294045,Finance,2.1,Remote,MGR1086,52,58,High,2023,1,Experienced
899,EMP102385,2024,Ola Electric,Talent Acquisition Specialist,Male,Diploma,Business slowdown,Uttar Pradesh,Human Resources,Employee_2386,643267,Marketing,2.8,WFO,MGR1135,29,45,Low,2015,9,Experienced
900,EMP102391,2024,Deloitte,Inside Sales Executive,Male,BBA,Cost reduction,Haryana,Sales,Employee_2392,374530,Operations,3.9,Remote,MGR1141,59,32,High,2022,2,Experienced
901,EMP102448,2024,Byju's,Customer Support Executive,Non-binary,B.Tech,Business restructuring,Madhya Pradesh,Customer Support,Employee_2449,1132718,HR,3.8,WFO,MGR1048,8,6,High,2020,4,Experienced
902,EMP102452,2024,Flipkart,Accountant,Non-binary,MCA,Performance review,Kerala,Finance,Employee_2453,1392336,Finance,4.1,Hybrid,MGR1052,13,50,Medium,2024,0,Fresher
903,EMP102459,2024,ShareChat,Office Administrator,Male,M.Tech,Cost reduction,Haryana,Administration,Employee_2460,521472,Operations,4.0,Remote,MGR1059,8,15,Low,2020,4,Experienced
904,EMP102469,2024,Udaan,Sales Manager,Non-binary,B.Tech,Performance review,West Bengal,Sales,Employee_2470,2183248,IT,3.2,Remote,MGR1069,60,34,Medium,2024,0,Fresher
905,EMP102509,2024,Cult.fit,Software Developer,Non-binary,CA,Workforce restructuring,Rajasthan,Engineering,Employee_2510,1865686,IT,2.4,WFO,MGR1109,31,51,Medium,2024,0,Fresher
906,EMP102543,2024,Unacademy,Operations Manager,Female,MBA,Business restructuring,Delhi,Operations,Employee_2544,1848620,Operations,4.8,WFO,MGR1143,26,30,Low,2018,6,Experienced
907,EMP102546,2024,Wipro,Product Designer,Female,B.Tech,Financial pressure,Maharashtra,Product,Employee_2547,1418928,Marketing,3.8,Remote,MGR1146,70,24,Medium,2024,0,Fresher
908,EMP102574,2024,Cult.fit,Digital Marketing Specialist,Non-binary,B.Tech,Cost reduction,Maharashtra,Marketing,Employee_2575,1378455,Operations,4.5,Hybrid,MGR1024,29,0,Low,2015,9,Experienced
909,EMP102583,2024,Microsoft,Marketing Executive,Non-binary,Diploma,Financial pressure,Karnataka,Marketing,Employee_2584,1259891,Marketing,2.7,WFO,MGR1033,76,18,High,2019,5,Experienced
910,EMP102607,2024,Flipkart,Content Manager,Non-binary,MBA,Project closure,Uttar Pradesh,Marketing,Employee_2608,819140,HR,2.3,Remote,MGR1057,74,19,Low,2016,8,Experienced
911,EMP102614,2024,Udaan,Recruiter,Male,BCA,Cost reduction,Punjab,Human Resources,Employee_2615,1862055,Marketing,3.5,Remote,MGR1064,21,22,Medium,2019,5,Experienced
912,EMP102616,2024,Ola,Accountant,Female,MCA,Cost reduction,Karnataka,Finance,Employee_2617,1785323,Sales,3.8,Hybrid,MGR1066,56,14,Medium,2023,1,Experienced
913,EMP102639,2024,Microsoft,Business Analyst,Female,BCA,Project closure,Delhi,Analytics,Employee_2640,1403659,Operations,2.6,Remote,MGR1089,40,14,High,2024,0,Fresher
914,EMP102662,2024,Swiggy,Customer Success Executive,Non-binary,Diploma,Role redundancy,Telangana,Customer Support,Employee_2663,1178975,HR,2.9,Hybrid,MGR1112,1,22,Medium,2019,5,Experienced
915,EMP102791,2024,Amazon,Customer Success Executive,Non-binary,MCA,Project closure,Andhra Pradesh,Customer Support,Employee_2792,1003038,Finance,2.4,Remote,MGR1091,79,31,High,2015,9,Experienced
916,EMP102844,2024,Google,Admin Executive,Non-binary,B.Sc,Business restructuring,Tamil Nadu,Administration,Employee_2845,1162645,Marketing,4.8,Hybrid,MGR1144,47,45,Low,2020,4,Experienced
917,EMP102878,2024,Flipkart,BI Analyst,Female,B.E.,Performance review,West Bengal,Analytics,Employee_2879,1353009,Marketing,2.2,Remote,MGR1028,46,8,High,2019,5,Experienced
918,EMP102911,2024,Udaan,Data Analyst,Male,M.Com,Business restructuring,Andhra Pradesh,Analytics,Employee_2912,278921,Marketing,2.2,Hybrid,MGR1061,59,36,Medium,2023,1,Experienced
919,EMP102940,2024,Cult.fit,Risk Analyst,Female,BCA,Automation adoption,Karnataka,Finance,Employee_2941,1517213,Operations,2.8,Remote,MGR1090,9,57,Medium,2022,2,Experienced
920,EMP102962,2024,Amazon,Product Designer,Male,Diploma,Performance review,Madhya Pradesh,Product,Employee_2963,1684717,HR,3.4,WFO,MGR1112,32,36,High,2016,8,Experienced
921,EMP102972,2024,PhonePe,Talent Acquisition Specialist,Non-binary,B.Sc,Financial pressure,Maharashtra,Human Resources,Employee_2973,2157221,Sales,2.3,WFO,MGR1122,4,3,High,2019,5,Experienced
922,EMP102990,2024,Microsoft,Product Analyst,Male,BCA,Cost reduction,West Bengal,Product,Employee_2991,1909505,HR,2.7,Hybrid,MGR1140,44,15,Low,2019,5,Experienced
923,EMP102995,2024,Microsoft,Accountant,Male,M.Tech,Automation adoption,Rajasthan,Finance,Employee_2996,2083316,HR,2.7,WFO,MGR1145,48,28,Low,2023,1,Experienced
924,EMP103224,2024,Flipkart,Talent Acquisition Specialist,Male,B.E.,Project closure,Gujarat,Human Resources,Employee_3225,1314726,Sales,2.8,Remote,MGR1074,60,20,High,2017,7,Experienced
925,EMP103256,2024,Ola,Sales Executive,Male,MBA,Financial pressure,Gujarat,Sales,Employee_3257,1192119,Operations,2.1,WFO,MGR1106,32,45,Low,2023,1,Experienced
926,EMP103269,2024,Infosys,Business Development Executive,Female,B.Tech,Cost reduction,Andhra Pradesh,Sales,Employee_3270,1221434,Sales,3.3,WFO,MGR1119,69,33,Low,2017,7,Experienced
927,EMP103295,2024,Google,Content Manager,Non-binary,Diploma,Financial pressure,Tamil Nadu,Marketing,Employee_3296,862605,IT,4.6,Remote,MGR1145,55,38,High,2016,8,Experienced
928,EMP103315,2024,Wipro,Support Analyst,Non-binary,MCA,Performance review,Uttar Pradesh,Customer Support,Employee_3316,1658446,Operations,4.3,Remote,MGR1015,2,33,Low,2015,9,Experienced
929,EMP103348,2024,Accenture,Support Analyst,Male,BBA,Performance review,Karnataka,Customer Support,Employee_3349,2158836,Marketing,3.3,Remote,MGR1048,48,47,Low,2022,2,Experienced
930,EMP103416,2024,Cult.fit,Financial Analyst,Female,B.Sc,Financial pressure,Maharashtra,Finance,Employee_3417,390781,Finance,4.3,WFO,MGR1116,59,44,High,2015,9,Experienced
931,EMP103480,2024,Meesho,HR Executive,Male,B.E.,Project closure,Odisha,Human Resources,Employee_3481,1763865,Finance,4.0,Hybrid,MGR1030,13,12,Medium,2023,1,Experienced
932,EMP103501,2024,Wipro,Operations Manager,Female,MCA,Business restructuring,Rajasthan,Operations,Employee_3502,2153739,Sales,3.8,Hybrid,MGR1051,0,59,High,2016,8,Experienced
933,EMP103505,2024,TCS,Customer Success Executive,Non-binary,BCA,Performance review,Haryana,Customer Support,Employee_3506,2030825,Marketing,3.4,Hybrid,MGR1055,79,25,High,2016,8,Experienced
934,EMP103535,2024,PhonePe,Customer Success Executive,Male,M.Com,Business restructuring,Odisha,Customer Support,Employee_3536,1983689,Marketing,4.0,Hybrid,MGR1085,23,26,High,2021,3,Experienced
935,EMP103623,2024,Meesho,Software Developer,Male,MCA,Financial pressure,Punjab,Engineering,Employee_3624,2198303,Sales,2.1,WFO,MGR1023,71,33,Low,2017,7,Experienced
936,EMP103637,2024,Ola Electric,Sales Manager,Male,BCA,Business slowdown,West Bengal,Sales,Employee_3638,1828289,Finance,3.3,Remote,MGR1037,23,44,Low,2015,9,Experienced
937,EMP103665,2024,Udaan,Process Associate,Male,MBA,Role redundancy,Punjab,Operations,Employee_3666,1828417,IT,2.1,WFO,MGR1065,76,27,Medium,2024,0,Fresher
938,EMP103680,2024,Google,Recruiter,Female,MBA,Market demand decline,Andhra Pradesh,Human Resources,Employee_3681,1272169,Finance,3.4,Hybrid,MGR1080,54,22,Medium,2022,2,Experienced
939,EMP103683,2024,Accenture,Sales Manager,Male,MCA,Workforce restructuring,Karnataka,Sales,Employee_3684,794160,Marketing,3.0,Remote,MGR1083,61,9,Medium,2017,7,Experienced
940,EMP103689,2024,Infosys,Finance Executive,Male,B.E.,Cost reduction,Karnataka,Finance,Employee_3690,318326,IT,2.9,Hybrid,MGR1089,20,26,Low,2022,2,Experienced
941,EMP103783,2024,Cult.fit,Customer Support Executive,Female,BBA,Performance review,Tamil Nadu,Customer Support,Employee_3784,833195,Finance,2.0,Hybrid,MGR1033,19,26,Low,2023,1,Experienced
942,EMP103813,2024,Byju's,Talent Acquisition Specialist,Female,B.E.,Workforce restructuring,Uttar Pradesh,Human Resources,Employee_3814,1657883,Marketing,2.4,WFO,MGR1063,47,5,High,2015,9,Experienced
943,EMP103864,2024,Infosys,Inside Sales Executive,Non-binary,B.E.,Business slowdown,Maharashtra,Sales,Employee_3865,898500,Operations,2.4,WFO,MGR1114,69,15,High,2015,9,Experienced
944,EMP103865,2024,Accenture,Support Analyst,Female,M.Tech,Performance review,Andhra Pradesh,Customer Support,Employee_3866,1600320,IT,4.7,WFO,MGR1115,1,54,Low,2022,2,Experienced
945,EMP103930,2024,Unacademy,HR Executive,Non-binary,B.Tech,Business slowdown,Telangana,Human Resources,Employee_3931,1011064,IT,4.0,WFO,MGR1030,55,55,Medium,2015,9,Experienced
946,EMP104044,2024,Wipro,HR Business Partner,Non-binary,BBA,Automation adoption,Telangana,Human Resources,Employee_4045,2050141,Operations,2.6,WFO,MGR1144,1,56,Medium,2020,4,Experienced
947,EMP104078,2024,Paytm,Office Administrator,Female,B.Sc,Workforce restructuring,Telangana,Administration,Employee_4079,2172753,Operations,3.8,Remote,MGR1028,22,39,Medium,2022,2,Experienced
948,EMP104089,2024,Amazon,Content Manager,Male,B.E.,Workforce restructuring,Andhra Pradesh,Marketing,Employee_4090,619620,HR,2.7,Remote,MGR1039,29,26,Medium,2016,8,Experienced
949,EMP104133,2024,Cult.fit,Data Scientist,Female,B.Tech,Project closure,Delhi,Analytics,Employee_4134,1143345,HR,2.5,Hybrid,MGR1083,56,17,High,2022,2,Experienced
950,EMP104138,2024,PhonePe,Financial Analyst,Non-binary,B.Sc,Workforce restructuring,Maharashtra,Finance,Employee_4139,296652,Sales,3.2,WFO,MGR1088,34,26,High,2022,2,Experienced
951,EMP104141,2024,Ola Electric,Growth Manager,Male,MCA,Financial pressure,Gujarat,Marketing,Employee_4142,877962,IT,4.9,Hybrid,MGR1091,70,52,High,2022,2,Experienced
952,EMP104155,2024,TCS,Business Development Executive,Non-binary,MCA,Business slowdown,Punjab,Sales,Employee_4156,960162,HR,4.8,Remote,MGR1105,37,47,Medium,2016,8,Experienced
953,EMP104163,2024,Accenture,Frontend Developer,Male,B.Tech,Cost reduction,Rajasthan,Engineering,Employee_4164,1441207,IT,3.6,Remote,MGR1113,60,22,Medium,2015,9,Experienced
954,EMP104166,2024,Paytm,Growth Manager,Female,M.Com,Financial pressure,Karnataka,Marketing,Employee_4167,1391783,Marketing,3.4,Hybrid,MGR1116,10,41,Low,2016,8,Experienced
955,EMP104172,2024,Accenture,Customer Success Executive,Male,BCA,Performance review,Madhya Pradesh,Customer Support,Employee_4173,447954,Marketing,3.9,WFO,MGR1122,38,28,High,2015,9,Experienced
956,EMP104178,2024,Amazon,Data Analyst,Non-binary,B.E.,Role redundancy,Haryana,Analytics,Employee_4179,1237874,Operations,4.2,Hybrid,MGR1128,29,8,Low,2019,5,Experienced
957,EMP104198,2024,Wipro,Risk Analyst,Non-binary,Diploma,Project closure,Odisha,Finance,Employee_4199,1344375,Support,3.9,Hybrid,MGR1148,0,10,Medium,2017,7,Experienced
958,EMP104199,2024,ShareChat,Operations Manager,Female,CA,Role redundancy,Rajasthan,Operations,Employee_4200,305914,HR,3.3,WFO,MGR1149,36,50,Low,2020,4,Experienced
959,EMP104253,2024,Ola Electric,Growth Manager,Male,BBA,Cost reduction,Uttar Pradesh,Marketing,Employee_4254,601088,Marketing,2.8,Hybrid,MGR1053,57,57,Low,2020,4,Experienced
960,EMP104300,2024,Ola Electric,Operations Manager,Non-binary,M.Com,Financial pressure,Telangana,Operations,Employee_4301,2017005,IT,3.2,WFO,MGR1100,18,0,Medium,2015,9,Experienced
961,EMP104319,2024,Google,UX Designer,Female,BCA,Automation adoption,Madhya Pradesh,Product,Employee_4320,1043490,Support,3.0,Hybrid,MGR1119,68,10,High,2021,3,Experienced
962,EMP104327,2024,Cult.fit,Data Analyst,Male,Diploma,Cost reduction,Tamil Nadu,Analytics,Employee_4328,352290,Operations,3.0,Hybrid,MGR1127,5,21,Medium,2023,1,Experienced
963,EMP104338,2024,Paytm,Account Manager,Non-binary,B.Sc,Project closure,Odisha,Sales,Employee_4339,421932,Support,4.2,WFO,MGR1138,2,24,Medium,2022,2,Experienced
964,EMP104344,2024,Google,Operations Executive,Female,CA,Performance review,Gujarat,Operations,Employee_4345,2087637,Sales,4.1,Remote,MGR1144,61,49,Medium,2020,4,Experienced
965,EMP104381,2024,PhonePe,Risk Analyst,Non-binary,B.Tech,Business slowdown,Karnataka,Finance,Employee_4382,1537132,Support,2.2,Hybrid,MGR1031,28,35,Medium,2016,8,Experienced
966,EMP104426,2024,Unacademy,Operations Manager,Male,BBA,Financial pressure,Karnataka,Operations,Employee_4427,1127009,Marketing,4.3,WFO,MGR1076,36,37,Low,2023,1,Experienced
967,EMP104427,2024,Amazon,Business Development Executive,Male,BCA,Workforce restructuring,Odisha,Sales,Employee_4428,414610,Support,4.3,WFO,MGR1077,48,49,High,2018,6,Experienced
968,EMP104464,2024,Wipro,Technical Support Executive,Female,B.Sc,Financial pressure,Haryana,Customer Support,Employee_4465,267821,Operations,4.3,Hybrid,MGR1114,69,44,Low,2017,7,Experienced
969,EMP104510,2024,Udaan,Operations Manager,Female,CA,Role redundancy,Rajasthan,Operations,Employee_4511,575115,Support,4.5,Hybrid,MGR1010,10,41,High,2021,3,Experienced
970,EMP104513,2024,Cult.fit,Sales Executive,Female,Diploma,Role redundancy,Gujarat,Sales,Employee_4514,813625,Finance,4.5,Remote,MGR1013,0,51,Low,2020,4,Experienced
971,EMP104525,2024,TCS,UX Designer,Non-binary,M.Tech,Business slowdown,Odisha,Product,Employee_4526,2075259,Marketing,5.0,Hybrid,MGR1025,6,24,Low,2021,3,Experienced
972,EMP100007,2024,Google,Backend Developer,Male,B.Sc,Cost reduction,Gujarat,Engineering,Employee_8,1957831,HR,2.6,Remote,MGR1007,0,10,High,2015,9,Experienced
973,EMP100023,2024,Cult.fit,HR Business Partner,Male,B.E.,Performance review,Gujarat,Human Resources,Employee_24,1766551,Finance,3.8,Remote,MGR1023,51,37,High,2021,3,Experienced
974,EMP100033,2024,Meesho,Sales Manager,Non-binary,BCA,Automation adoption,Kerala,Sales,Employee_34,518392,Finance,2.4,WFO,MGR1033,39,5,Low,2021,3,Experienced
975,EMP100059,2024,PhonePe,Software Engineer,Male,Diploma,Business slowdown,Tamil Nadu,Engineering,Employee_60,834065,Finance,3.0,Hybrid,MGR1059,48,3,Medium,2024,0,Fresher
976,EMP100079,2024,Swiggy,Growth Manager,Male,B.E.,Workforce restructuring,Haryana,Marketing,Employee_80,1598785,HR,4.0,Remote,MGR1079,74,40,Low,2015,9,Experienced
977,EMP100081,2024,Flipkart,Sales Executive,Male,M.Com,Role redundancy,Andhra Pradesh,Sales,Employee_82,852743,Marketing,3.5,WFO,MGR1081,37,44,High,2023,1,Experienced
978,EMP100103,2024,Microsoft,Digital Marketing Specialist,Female,B.Tech,Role redundancy,Gujarat,Marketing,Employee_104,518732,Support,2.2,Hybrid,MGR1103,14,31,High,2016,8,Experienced
979,EMP100123,2024,Unacademy,Content Manager,Non-binary,CA,Automation adoption,Delhi,Marketing,Employee_124,687752,Finance,4.2,Hybrid,MGR1123,50,34,Medium,2023,1,Experienced
980,EMP100165,2024,ShareChat,Process Associate,Non-binary,B.E.,Business restructuring,West Bengal,Operations,Employee_166,1811033,IT,4.8,Remote,MGR1015,43,55,Low,2023,1,Experienced
981,EMP100168,2024,Flipkart,Risk Analyst,Female,M.Com,Automation adoption,Karnataka,Finance,Employee_169,1762493,IT,3.1,WFO,MGR1018,75,32,Medium,2023,1,Experienced
982,EMP100173,2024,Wipro,Admin Executive,Non-binary,MCA,Performance review,Kerala,Administration,Employee_174,1006306,Marketing,2.3,WFO,MGR1023,76,41,Medium,2024,0,Fresher
983,EMP100190,2024,Swiggy,Content Manager,Male,B.E.,Market demand decline,West Bengal,Marketing,Employee_191,277171,IT,2.6,Hybrid,MGR1040,13,45,High,2023,1,Experienced
984,EMP100195,2024,Ola,Admin Executive,Non-binary,MBA,Market demand decline,Rajasthan,Administration,Employee_196,2152387,HR,2.2,Hybrid,MGR1045,17,2,High,2018,6,Experienced
985,EMP100204,2024,Ola,HR Executive,Non-binary,BBA,Financial pressure,West Bengal,Human Resources,Employee_205,1504248,Sales,4.6,Remote,MGR1054,67,53,Medium,2018,6,Experienced
986,EMP100254,2024,Amazon,Technical Support Executive,Male,B.Tech,Performance review,Delhi,Customer Support,Employee_255,1800807,Operations,4.5,Remote,MGR1104,47,18,Medium,2019,5,Experienced
987,EMP100301,2024,Swiggy,Digital Marketing Specialist,Non-binary,Diploma,Financial pressure,Madhya Pradesh,Marketing,Employee_302,719410,Operations,2.7,WFO,MGR1001,6,1,Low,2015,9,Experienced
988,EMP100365,2024,Paytm,Technical Support Executive,Non-binary,M.Tech,Business slowdown,Andhra Pradesh,Customer Support,Employee_366,1102547,HR,2.6,Hybrid,MGR1065,47,11,High,2015,9,Experienced
989,EMP100383,2024,PhonePe,Marketing Executive,Male,MBA,Performance review,Punjab,Marketing,Employee_384,1568421,Sales,2.2,WFO,MGR1083,49,19,Medium,2015,9,Experienced
990,EMP100411,2024,PhonePe,Risk Analyst,Female,MBA,Financial pressure,Delhi,Finance,Employee_412,2067151,Sales,3.7,WFO,MGR1111,24,50,Medium,2022,2,Experienced
991,EMP100416,2024,Ola Electric,Inside Sales Executive,Female,Diploma,Market demand decline,Tamil Nadu,Sales,Employee_417,789229,Operations,4.0,Remote,MGR1116,77,2,Low,2016,8,Experienced
992,EMP100475,2024,Ola,Digital Marketing Specialist,Female,B.E.,Cost reduction,Tamil Nadu,Marketing,Employee_476,1453942,Marketing,2.4,Remote,MGR1025,47,1,Medium,2024,0,Fresher
993,EMP100487,2024,TCS,Accountant,Non-binary,B.Tech,Business slowdown,West Bengal,Finance,Employee_488,976091,HR,4.7,WFO,MGR1037,61,39,High,2018,6,Experienced
994,EMP100672,2024,Deloitte,Risk Analyst,Non-binary,BBA,Business restructuring,Gujarat,Finance,Employee_673,964067,Finance,2.8,Remote,MGR1072,2,5,Low,2020,4,Experienced
995,EMP100701,2024,TCS,Office Administrator,Non-binary,B.Sc,Performance review,Odisha,Administration,Employee_702,286909,Marketing,3.2,Hybrid,MGR1101,76,34,Low,2020,4,Experienced
996,EMP100710,2024,Meesho,Marketing Executive,Female,B.Tech,Financial pressure,Uttar Pradesh,Marketing,Employee_711,1160716,Operations,3.7,Hybrid,MGR1110,74,25,High,2019,5,Experienced
997,EMP100752,2024,Infosys,Technical Support Executive,Male,BBA,Business slowdown,Punjab,Customer Support,Employee_753,1297372,Sales,3.6,Hybrid,MGR1002,39,1,High,2024,0,Fresher
998,EMP100795,2024,Swiggy,Technical Support Executive,Non-binary,Diploma,Workforce restructuring,West Bengal,Customer Support,Employee_796,1587477,Support,2.2,Hybrid,MGR1045,35,22,Medium,2021,3,Experienced
999,EMP100859,2024,PhonePe,Product Manager,Non-binary,CA,Performance review,Maharashtra,Product,Employee_860,478721,Sales,4.8,Hybrid,MGR1109,27,1,High,2016,8,Experienced
1000,EMP100873,2024,Google,Talent Acquisition Specialist,Non-binary,BBA,Automation adoption,Kerala,Human Resources,Employee_874,1853878,Marketing,4.1,Remote,MGR1123,6,14,High,2018,6,Experienced
1001,EMP100885,2024,Microsoft,QA Engineer,Female,M.Tech,Automation adoption,Maharashtra,Engineering,Employee_886,259204,Support,4.4,Remote,MGR1135,58,26,High,2018,6,Experienced
1002,EMP100915,2024,Wipro,Facilities Executive,Non-binary,M.Com,Business slowdown,Karnataka,Administration,Employee_916,2048088,Marketing,3.9,Hybrid,MGR1015,20,11,Medium,2018,6,Experienced
1003,EMP100968,2024,TCS,Data Scientist,Non-binary,B.Tech,Role redundancy,Karnataka,Analytics,Employee_969,334712,Marketing,4.1,Hybrid,MGR1068,68,3,High,2017,7,Experienced
1004,EMP101037,2024,Infosys,BI Analyst,Female,M.Com,Workforce restructuring,Haryana,Analytics,Employee_1038,1193395,Support,4.3,WFO,MGR1137,19,14,Low,2016,8,Experienced
1005,EMP101039,2024,Microsoft,Facilities Executive,Non-binary,CA,Business restructuring,Telangana,Administration,Employee_1040,1573562,Sales,2.5,WFO,MGR1139,11,20,Medium,2017,7,Experienced
1006,EMP101041,2024,TCS,Operations Executive,Non-binary,BCA,Business slowdown,Tamil Nadu,Operations,Employee_1042,1284959,Support,4.6,WFO,MGR1141,11,10,Medium,2022,2,Experienced
1007,EMP101054,2024,Infosys,Data Analyst,Female,B.E.,Workforce restructuring,Tamil Nadu,Analytics,Employee_1055,1737870,HR,4.0,Remote,MGR1004,71,0,Low,2021,3,Experienced
1008,EMP101133,2024,Amazon,Risk Analyst,Non-binary,CA,Financial pressure,Punjab,Finance,Employee_1134,589207,Support,3.1,Hybrid,MGR1083,3,29,Low,2015,9,Experienced
1009,EMP101212,2024,Microsoft,Accountant,Non-binary,M.Com,Cost reduction,Karnataka,Finance,Employee_1213,2143743,Operations,3.7,WFO,MGR1012,37,12,Low,2015,9,Experienced
1010,EMP101251,2024,Deloitte,Business Analyst,Non-binary,B.Tech,Business slowdown,Uttar Pradesh,Analytics,Employee_1252,737533,HR,2.9,WFO,MGR1051,58,37,Medium,2017,7,Experienced
1011,EMP101259,2024,Cult.fit,Sales Manager,Male,MCA,Workforce restructuring,Rajasthan,Sales,Employee_1260,532433,Support,2.4,Hybrid,MGR1059,67,21,High,2017,7,Experienced
1012,EMP101318,2024,Microsoft,Facilities Executive,Female,B.E.,Project closure,Delhi,Administration,Employee_1319,439576,IT,2.1,Remote,MGR1118,28,16,Medium,2024,0,Fresher
1013,EMP101347,2024,Google,Inside Sales Executive,Male,BCA,Market demand decline,West Bengal,Sales,Employee_1348,1829985,Marketing,5.0,WFO,MGR1147,10,42,Low,2021,3,Experienced
1014,EMP101354,2024,Infosys,Risk Analyst,Non-binary,MCA,Workforce restructuring,West Bengal,Finance,Employee_1355,2094321,IT,2.7,WFO,MGR1004,17,59,Medium,2021,3,Experienced
1015,EMP101378,2024,Swiggy,Office Administrator,Non-binary,B.E.,Role redundancy,Karnataka,Administration,Employee_1379,1936785,IT,3.7,WFO,MGR1028,59,18,High,2017,7,Experienced
1016,EMP101387,2024,Paytm,Finance Executive,Non-binary,M.Com,Project closure,Andhra Pradesh,Finance,Employee_1388,257289,Finance,3.6,WFO,MGR1037,68,50,High,2017,7,Experienced
1017,EMP101435,2024,ShareChat,Technical Support Executive,Male,B.Tech,Role redundancy,Odisha,Customer Support,Employee_1436,2127411,HR,3.2,Remote,MGR1085,34,44,Medium,2017,7,Experienced
1018,EMP101442,2024,Wipro,HR Business Partner,Female,M.Com,Business restructuring,Gujarat,Human Resources,Employee_1443,438407,Marketing,4.8,Hybrid,MGR1092,59,51,Medium,2016,8,Experienced
1019,EMP101514,2024,Byju's,Sales Manager,Female,M.Com,Role redundancy,Andhra Pradesh,Sales,Employee_1515,1855738,Support,3.5,WFO,MGR1014,33,48,High,2024,0,Fresher
1020,EMP101546,2024,Accenture,Customer Support Executive,Female,BBA,Financial pressure,Maharashtra,Customer Support,Employee_1547,303142,HR,4.1,Remote,MGR1046,10,1,High,2016,8,Experienced
1021,EMP101615,2024,Swiggy,Digital Marketing Specialist,Female,MBA,Performance review,Rajasthan,Marketing,Employee_1616,2054104,Marketing,3.9,WFO,MGR1115,33,24,Low,2016,8,Experienced
1022,EMP101638,2024,Unacademy,Operations Executive,Male,B.Tech,Market demand decline,Haryana,Operations,Employee_1639,2026123,Operations,3.6,Hybrid,MGR1138,61,53,High,2020,4,Experienced
1023,EMP101644,2024,Meesho,Marketing Executive,Female,B.Tech,Financial pressure,Uttar Pradesh,Marketing,Employee_1645,1449072,Finance,4.9,Hybrid,MGR1144,66,41,High,2017,7,Experienced
1024,EMP101661,2024,Accenture,Business Development Executive,Female,B.Sc,Automation adoption,Madhya Pradesh,Sales,Employee_1662,448231,Operations,3.4,Remote,MGR1011,10,7,Medium,2016,8,Experienced
1025,EMP101668,2024,Wipro,Customer Support Executive,Male,B.Tech,Market demand decline,Kerala,Customer Support,Employee_1669,1169776,Support,2.4,WFO,MGR1018,26,25,Medium,2015,9,Experienced
1026,EMP101716,2024,ShareChat,DevOps Engineer,Female,M.Tech,Market demand decline,Andhra Pradesh,Engineering,Employee_1717,530508,IT,3.1,Remote,MGR1066,28,22,High,2022,2,Experienced
1027,EMP101719,2024,Flipkart,Customer Support Executive,Female,BBA,Business restructuring,Punjab,Customer Support,Employee_1720,448916,Marketing,3.4,Remote,MGR1069,58,19,Medium,2016,8,Experienced
1028,EMP101769,2024,Ola,Facilities Executive,Male,M.Tech,Performance review,West Bengal,Administration,Employee_1770,398643,IT,4.3,Remote,MGR1119,69,48,Low,2020,4,Experienced
1029,EMP101774,2024,Ola Electric,HR Executive,Non-binary,B.Sc,Cost reduction,Telangana,Human Resources,Employee_1775,1102483,Finance,4.5,Hybrid,MGR1124,57,55,High,2019,5,Experienced
1030,EMP101866,2024,Microsoft,Customer Support Executive,Non-binary,M.Tech,Role redundancy,Kerala,Customer Support,Employee_1867,1142804,IT,2.3,Hybrid,MGR1066,19,42,Low,2015,9,Experienced
1031,EMP101899,2024,PhonePe,Support Analyst,Male,Diploma,Business slowdown,Karnataka,Customer Support,Employee_1900,1771088,HR,4.1,Hybrid,MGR1099,48,53,Low,2021,3,Experienced
1032,EMP101971,2024,Paytm,Recruiter,Female,B.E.,Business restructuring,Punjab,Human Resources,Employee_1972,1016982,IT,2.2,Hybrid,MGR1021,75,36,Low,2019,5,Experienced
1033,EMP102034,2024,Amazon,Admin Executive,Non-binary,B.Sc,Cost reduction,Maharashtra,Administration,Employee_2035,716985,Sales,4.8,Hybrid,MGR1084,42,37,Low,2022,2,Experienced
1034,EMP102059,2024,Swiggy,HR Executive,Female,B.Sc,Cost reduction,Tamil Nadu,Human Resources,Employee_2060,1335287,IT,4.9,Remote,MGR1109,41,21,Medium,2022,2,Experienced
1035,EMP102076,2024,Google,Operations Analyst,Non-binary,B.Sc,Business restructuring,Madhya Pradesh,Operations,Employee_2077,641788,IT,2.1,Hybrid,MGR1126,3,16,High,2023,1,Experienced
1036,EMP102103,2024,Microsoft,MIS Executive,Male,B.Sc,Business slowdown,Kerala,Analytics,Employee_2104,2170223,Support,3.5,Hybrid,MGR1003,79,49,Low,2015,9,Experienced
1037,EMP102110,2024,Udaan,Sales Executive,Female,M.Tech,Market demand decline,Andhra Pradesh,Sales,Employee_2111,2074898,Operations,4.3,Remote,MGR1010,32,10,High,2023,1,Experienced
1038,EMP102135,2024,Accenture,Software Developer,Female,MCA,Business restructuring,Gujarat,Engineering,Employee_2136,1381352,Marketing,5.0,WFO,MGR1035,50,3,Medium,2018,6,Experienced
1039,EMP102146,2024,PhonePe,Content Manager,Male,M.Com,Workforce restructuring,Kerala,Marketing,Employee_2147,1965146,Operations,3.1,Remote,MGR1046,74,47,Medium,2020,4,Experienced
1040,EMP102155,2024,Wipro,UX Designer,Non-binary,M.Com,Workforce restructuring,Madhya Pradesh,Product,Employee_2156,967087,IT,3.9,Hybrid,MGR1055,23,1,Medium,2020,4,Experienced
1041,EMP102176,2024,PhonePe,Support Analyst,Female,MCA,Automation adoption,Andhra Pradesh,Customer Support,Employee_2177,905487,Operations,2.9,Hybrid,MGR1076,4,18,Medium,2024,0,Fresher
1042,EMP102205,2024,ShareChat,Customer Support Executive,Female,MCA,Business restructuring,Gujarat,Customer Support,Employee_2206,768612,Marketing,3.1,Hybrid,MGR1105,46,0,Medium,2020,4,Experienced
1043,EMP102229,2024,Infosys,Operations Manager,Non-binary,B.Tech,Business restructuring,Andhra Pradesh,Operations,Employee_2230,1930522,Operations,4.6,Remote,MGR1129,50,15,Medium,2017,7,Experienced
1044,EMP102255,2024,Microsoft,Product Analyst,Non-binary,B.E.,Cost reduction,Delhi,Product,Employee_2256,1576961,IT,2.7,Hybrid,MGR1005,52,50,Low,2015,9,Experienced
1045,EMP102258,2024,Ola Electric,Account Manager,Male,MCA,Workforce restructuring,West Bengal,Sales,Employee_2259,1135763,Finance,3.5,WFO,MGR1008,70,30,Medium,2023,1,Experienced
1046,EMP102282,2024,Amazon,Digital Marketing Specialist,Female,M.Tech,Financial pressure,West Bengal,Marketing,Employee_2283,1744931,Support,4.2,Remote,MGR1032,38,53,High,2023,1,Experienced
1047,EMP102301,2024,Ola Electric,UX Designer,Female,B.Sc,Project closure,Andhra Pradesh,Product,Employee_2302,1649334,Finance,4.0,WFO,MGR1051,44,15,Low,2019,5,Experienced
1048,EMP102339,2024,Google,Product Analyst,Non-binary,B.E.,Market demand decline,Delhi,Product,Employee_2340,621857,Finance,3.4,WFO,MGR1089,65,25,Low,2016,8,Experienced
1049,EMP102406,2024,Amazon,Marketing Executive,Female,CA,Business restructuring,Andhra Pradesh,Marketing,Employee_2407,1942797,HR,4.4,WFO,MGR1006,52,37,Medium,2021,3,Experienced
1050,EMP102440,2024,Paytm,Accountant,Non-binary,M.Com,Business slowdown,Tamil Nadu,Finance,Employee_2441,790918,Support,4.0,Remote,MGR1040,8,48,Medium,2016,8,Experienced
1051,EMP102443,2024,Meesho,Product Analyst,Non-binary,M.Com,Performance review,Punjab,Product,Employee_2444,2104484,HR,2.4,Hybrid,MGR1043,19,40,Medium,2023,1,Experienced
1052,EMP102451,2024,Infosys,Frontend Developer,Female,B.Sc,Automation adoption,Tamil Nadu,Engineering,Employee_2452,1452235,Marketing,2.5,WFO,MGR1051,25,9,Medium,2021,3,Experienced
1053,EMP102473,2024,Amazon,Software Engineer,Male,B.Sc,Business slowdown,Maharashtra,Engineering,Employee_2474,2191609,Support,3.0,WFO,MGR1073,0,21,Low,2016,8,Experienced
1054,EMP102520,2024,Unacademy,Reporting Analyst,Non-binary,Diploma,Financial pressure,Rajasthan,Analytics,Employee_2521,928841,Finance,2.9,Remote,MGR1120,79,42,Medium,2021,3,Experienced
1055,EMP102526,2024,ShareChat,Marketing Executive,Male,MCA,Business slowdown,Tamil Nadu,Marketing,Employee_2527,1142685,IT,4.2,Hybrid,MGR1126,16,24,High,2017,7,Experienced
1056,EMP102545,2024,Ola Electric,Office Administrator,Male,BCA,Automation adoption,Delhi,Administration,Employee_2546,1080782,Support,4.3,WFO,MGR1145,41,28,Medium,2020,4,Experienced
1057,EMP102557,2024,Meesho,Digital Marketing Specialist,Male,M.Com,Business restructuring,Gujarat,Marketing,Employee_2558,1749986,Finance,2.0,Remote,MGR1007,42,45,Low,2022,2,Experienced
1058,EMP102564,2024,Amazon,Growth Manager,Female,B.Tech,Automation adoption,Odisha,Marketing,Employee_2565,1519555,Marketing,4.0,WFO,MGR1014,62,9,Low,2023,1,Experienced
1059,EMP102640,2024,Ola,Admin Executive,Non-binary,B.E.,Project closure,Karnataka,Product,Employee_2641,2134189,Operations,2.7,Remote,MGR1090,36,4,Low,2020,4,Experienced
1060,EMP102643,2024,Accenture,Digital Marketing Specialist,Male,MCA,Role redundancy,Uttar Pradesh,Marketing,Employee_2644,1998475,Sales,3.7,WFO,MGR1093,59,50,Low,2024,0,Fresher
1061,EMP102700,2024,ShareChat,Accountant,Male,BCA,Performance review,Rajasthan,Finance,Employee_2701,1458579,Sales,4.3,Hybrid,MGR1000,78,18,Medium,2020,4,Experienced
1062,EMP102756,2024,Ola,MIS Executive,Male,BCA,Automation adoption,West Bengal,Analytics,Employee_2757,997344,Operations,4.4,Hybrid,MGR1056,75,3,Medium,2016,8,Experienced
1063,EMP102792,2024,Flipkart,Facilities Executive,Male,MCA,Market demand decline,Uttar Pradesh,Administration,Employee_2793,840873,Operations,2.2,Remote,MGR1092,14,31,High,2016,8,Experienced
1064,EMP102849,2024,Cult.fit,Admin Executive,Male,M.Tech,Workforce restructuring,Kerala,Administration,Employee_2850,690616,Sales,4.4,WFO,MGR1149,4,6,High,2021,3,Experienced
1065,EMP102893,2024,Accenture,Growth Manager,Female,BCA,Financial pressure,Maharashtra,Marketing,Employee_2894,2076881,Marketing,2.3,WFO,MGR1043,28,44,High,2019,5,Experienced
1066,EMP102896,2024,Flipkart,Facilities Executive,Male,BBA,Automation adoption,West Bengal,Administration,Employee_2897,554692,Operations,4.7,Hybrid,MGR1046,9,20,Low,2020,4,Experienced
1067,EMP102966,2024,Google,Office Administrator,Non-binary,MCA,Cost reduction,Andhra Pradesh,Human Resources,Employee_2967,1136057,Operations,2.8,WFO,MGR1116,55,26,Low,2020,4,Experienced
1068,EMP102967,2024,Paytm,HR Business Partner,Male,M.Com,Business slowdown,Odisha,Human Resources,Employee_2968,1374707,Finance,2.3,Remote,MGR1117,19,50,Medium,2015,9,Experienced
1069,EMP102993,2024,Unacademy,Operations Analyst,Male,B.Sc,Business slowdown,Haryana,Operations,Employee_2994,1612054,Support,4.4,Hybrid,MGR1143,31,46,Low,2019,5,Experienced
1070,EMP103017,2024,Infosys,Operations Executive,Female,MBA,Market demand decline,Uttar Pradesh,Operations,Employee_3018,803123,Operations,2.3,Hybrid,MGR1017,6,59,Low,2021,3,Experienced
1071,EMP103079,2024,Deloitte,Inside Sales Executive,Non-binary,M.Tech,Automation adoption,Uttar Pradesh,Sales,Employee_3080,929522,HR,4.8,Remote,MGR1079,21,28,High,2024,0,Fresher
1072,EMP103085,2024,Ola,Sales Manager,Female,M.Tech,Automation adoption,Punjab,Sales,Employee_3086,823278,Finance,4.5,Hybrid,MGR1085,19,48,Low,2016,8,Experienced
1073,EMP103095,2024,Paytm,Office Administrator,Non-binary,CA,Role redundancy,Kerala,Administration,Employee_3096,1775389,Marketing,3.7,WFO,MGR1095,10,38,Medium,2021,3,Experienced
1074,EMP103129,2024,Byju's,Operations Manager,Female,CA,Automation adoption,Kerala,Operations,Employee_3130,539107,Support,2.7,WFO,MGR1129,8,56,Low,2024,0,Fresher
1075,EMP103139,2024,Paytm,Product Analyst,Non-binary,M.Com,Business restructuring,Uttar Pradesh,Product,Employee_3140,466202,HR,4.3,Remote,MGR1139,56,28,Low,2019,5,Experienced
1076,EMP103170,2024,Udaan,Software Developer,Female,M.Tech,Business restructuring,Karnataka,Engineering,Employee_3171,568566,IT,3.6,Remote,MGR1020,12,1,Medium,2017,7,Experienced
1077,EMP103179,2024,Meesho,Accountant,Male,B.E.,Cost reduction,West Bengal,Finance,Employee_3180,2045322,Support,2.9,Remote,MGR1029,31,44,Low,2024,0,Fresher
1078,EMP103189,2024,Google,Product Designer,Male,B.Tech,Project closure,Kerala,Product,Employee_3190,923083,Marketing,2.8,Remote,MGR1039,50,22,Low,2024,0,Fresher
1079,EMP103212,2024,Byju's,Business Analyst,Male,B.E.,Financial pressure,Odisha,Analytics,Employee_3213,1508255,Operations,2.8,WFO,MGR1062,11,25,Low,2023,1,Experienced
1080,EMP103250,2024,Amazon,HR Executive,Female,CA,Project closure,Maharashtra,Human Resources,Employee_3251,371527,IT,4.5,Hybrid,MGR1100,43,9,High,2019,5,Experienced
1081,EMP103296,2024,Ola Electric,Customer Success Executive,Female,M.Tech,Cost reduction,Odisha,Customer Support,Employee_3297,2059838,IT,3.4,WFO,MGR1146,38,22,Medium,2017,7,Experienced
1082,EMP103303,2024,Flipkart,Digital Marketing Specialist,Non-binary,BCA,Performance review,Karnataka,Marketing,Employee_3304,792945,Sales,4.8,Hybrid,MGR1003,33,12,High,2019,5,Experienced
1083,EMP103342,2024,Accenture,Technical Support Executive,Male,CA,Business slowdown,Uttar Pradesh,Customer Support,Employee_3343,1624327,Support,2.8,WFO,MGR1042,65,6,Low,2015,9,Experienced
1084,EMP103369,2024,Google,Customer Success Executive,Male,B.E.,Cost reduction,Andhra Pradesh,Customer Support,Employee_3370,861974,Operations,4.8,WFO,MGR1069,19,58,Low,2024,0,Fresher
1085,EMP103371,2024,ShareChat,Process Associate,Non-binary,B.E.,Business restructuring,West Bengal,Operations,Employee_3372,1438658,Marketing,3.4,Remote,MGR1071,18,2,High,2023,1,Experienced
1086,EMP103384,2024,Wipro,Marketing Executive,Female,BBA,Business restructuring,Gujarat,Marketing,Employee_3385,2190940,Support,4.6,Hybrid,MGR1084,16,1,Low,2022,2,Experienced
1087,EMP103481,2024,Infosys,Office Administrator,Female,B.E.,Business slowdown,Haryana,Administration,Employee_3482,1361366,HR,2.4,Hybrid,MGR1031,46,16,Low,2022,2,Experienced
1088,EMP103485,2024,Unacademy,Product Analyst,Non-binary,BCA,Workforce restructuring,Andhra Pradesh,Product,Employee_3486,1496766,Finance,4.5,WFO,MGR1035,20,59,Low,2023,1,Experienced
1089,EMP103518,2024,Deloitte,Admin Executive,Female,MCA,Cost reduction,Madhya Pradesh,Administration,Employee_3519,1290889,Support,3.9,Hybrid,MGR1068,54,16,Medium,2015,9,Experienced
1090,EMP103624,2024,Meesho,Talent Acquisition Specialist,Non-binary,BCA,Financial pressure,Andhra Pradesh,Human Resources,Employee_3625,713923,Finance,4.4,WFO,MGR1024,52,32,Medium,2015,9,Experienced
1091,EMP103651,2024,Unacademy,Risk Analyst,Non-binary,MCA,Market demand decline,Maharashtra,Finance,Employee_3652,1670460,Support,2.9,Hybrid,MGR1051,78,3,Low,2021,3,Experienced
1092,EMP103654,2024,Microsoft,QA Engineer,Female,B.E.,Cost reduction,Uttar Pradesh,Engineering,Employee_3655,1554565,Finance,3.7,WFO,MGR1054,26,45,Medium,2023,1,Experienced
1093,EMP103674,2024,TCS,Operations Executive,Male,MCA,Automation adoption,Telangana,Operations,Employee_3675,1748514,Support,3.0,Hybrid,MGR1074,31,12,Low,2019,5,Experienced
1094,EMP103713,2024,Paytm,HR Business Partner,Non-binary,BCA,Business slowdown,Uttar Pradesh,Human Resources,Employee_3714,772686,HR,4.2,Remote,MGR1113,0,53,High,2017,7,Experienced
1095,EMP103753,2024,Ola,Financial Analyst,Male,CA,Cost reduction,Maharashtra,Finance,Employee_3754,1104297,Sales,3.2,WFO,MGR1003,72,7,Medium,2021,3,Experienced
1096,EMP103761,2024,Meesho,HR Business Partner,Male,CA,Financial pressure,Telangana,Human Resources,Employee_3762,488998,Finance,4.1,WFO,MGR1011,73,9,Medium,2022,2,Experienced
1097,EMP103771,2024,Unacademy,Reporting Analyst,Female,B.Sc,Business slowdown,Delhi,Analytics,Employee_3772,574756,Sales,4.5,WFO,MGR1021,56,43,Medium,2021,3,Experienced
1098,EMP103774,2024,Accenture,Product Analyst,Non-binary,BBA,Market demand decline,Maharashtra,Product,Employee_3775,1729749,Support,3.5,Remote,MGR1024,22,55,Low,2020,4,Experienced
1099,EMP103775,2024,Infosys,Admin Executive,Male,B.Sc,Automation adoption,Maharashtra,Administration,Employee_3776,1737027,Operations,3.8,WFO,MGR1025,78,25,Medium,2019,5,Experienced
1100,EMP103792,2024,Deloitte,Operations Executive,Female,MBA,Performance review,Punjab,Operations,Employee_3793,695169,Sales,2.7,WFO,MGR1042,50,24,High,2023,1,Experienced
1101,EMP103798,2024,Ola Electric,Operations Executive,Male,B.Tech,Market demand decline,Gujarat,Operations,Employee_3799,1271507,Support,2.9,Remote,MGR1048,67,57,High,2021,3,Experienced
1102,EMP103802,2024,Microsoft,UX Designer,Non-binary,B.Sc,Role redundancy,Rajasthan,Product,Employee_3803,1276837,Operations,3.6,Remote,MGR1052,21,4,High,2021,3,Experienced
1103,EMP103903,2024,Byju's,Product Manager,Male,MCA,Business slowdown,Telangana,Product,Employee_3904,1388570,Support,4.3,Remote,MGR1003,0,35,Low,2017,7,Experienced
1104,EMP103940,2024,Flipkart,Admin Executive,Non-binary,M.Com,Business restructuring,Andhra Pradesh,Administration,Employee_3941,1409643,Support,4.7,WFO,MGR1040,38,55,Low,2024,0,Fresher
1105,EMP103947,2024,Ola,Recruiter,Female,M.Tech,Cost reduction,Karnataka,Human Resources,Employee_3948,934043,Support,4.3,Hybrid,MGR1047,41,10,Medium,2023,1,Experienced
1106,EMP103951,2024,Udaan,Talent Acquisition Specialist,Female,M.Tech,Cost reduction,Uttar Pradesh,Human Resources,Employee_3952,849687,Operations,3.0,Hybrid,MGR1051,15,18,High,2016,8,Experienced
1107,EMP103975,2024,Ola Electric,Operations Executive,Male,M.Tech,Automation adoption,Rajasthan,Operations,Employee_3976,1515051,Support,4.1,Remote,MGR1075,9,7,Medium,2019,5,Experienced
1108,EMP103997,2024,Paytm,Business Development Executive,Male,BCA,Financial pressure,Odisha,Sales,Employee_3998,1829385,Support,2.7,Remote,MGR1097,54,53,High,2024,0,Fresher
1109,EMP104029,2024,PhonePe,Sales Manager,Non-binary,M.Com,Cost reduction,Haryana,Sales,Employee_4030,395203,Operations,2.3,WFO,MGR1129,14,2,Low,2018,6,Experienced
1110,EMP104061,2024,Udaan,Operations Manager,Male,Diploma,Performance review,Karnataka,Operations,Employee_4062,385777,IT,3.7,WFO,MGR1011,8,23,High,2015,9,Experienced
1111,EMP104212,2024,TCS,Growth Manager,Non-binary,MBA,Automation adoption,Rajasthan,Marketing,Employee_4213,1559467,HR,2.9,WFO,MGR1012,57,51,High,2020,4,Experienced
1112,EMP104219,2024,Ola Electric,Risk Analyst,Male,BBA,Automation adoption,West Bengal,Finance,Employee_4220,2139589,Support,3.9,Hybrid,MGR1019,56,15,Low,2018,6,Experienced
1113,EMP104232,2024,TCS,Talent Acquisition Specialist,Male,CA,Automation adoption,Andhra Pradesh,Human Resources,Employee_4233,761887,IT,2.8,WFO,MGR1032,53,41,Medium,2017,7,Experienced
1114,EMP104324,2024,Meesho,Financial Analyst,Non-binary,Diploma,Workforce restructuring,Kerala,Finance,Employee_4325,1234373,Finance,3.7,WFO,MGR1124,33,17,Low,2016,8,Experienced
1115,EMP104355,2024,Swiggy,Process Associate,Male,M.Com,Market demand decline,Rajasthan,Operations,Employee_4356,1255026,Sales,3.7,WFO,MGR1005,12,48,High,2024,0,Fresher
1116,EMP104375,2024,ShareChat,Finance Executive,Male,MCA,Business restructuring,Karnataka,Finance,Employee_4376,2177352,IT,2.5,Hybrid,MGR1025,5,57,High,2016,8,Experienced
1117,EMP104413,2024,Accenture,Product Manager,Female,MCA,Project closure,Karnataka,Product,Employee_4414,1226522,IT,4.3,Hybrid,MGR1063,49,16,Low,2019,5,Experienced
1118,EMP104417,2024,TCS,Admin Executive,Male,M.Com,Financial pressure,Telangana,Administration,Employee_4418,374422,Operations,2.2,Hybrid,MGR1067,77,3,Medium,2017,7,Experienced
1119,EMP104431,2024,Cult.fit,HR Business Partner,Non-binary,CA,Project closure,West Bengal,Human Resources,Employee_4432,1552213,HR,4.8,WFO,MGR1081,3,8,Medium,2024,0,Fresher
1120,EMP104446,2024,Byju's,Sales Executive,Non-binary,M.Com,Market demand decline,Kerala,Sales,Employee_4447,1960238,Finance,2.7,Hybrid,MGR1096,68,32,Medium,2015,9,Experienced
1121,EMP104454,2024,Infosys,DevOps Engineer,Non-binary,M.Com,Market demand decline,Gujarat,Engineering,Employee_4455,2190638,Sales,2.4,Remote,MGR1104,35,57,High,2023,1,Experienced
1122,EMP104465,2024,Byju's,Customer Success Executive,Male,MBA,Performance review,Madhya Pradesh,Customer Support,Employee_4466,590200,Marketing,3.5,Hybrid,MGR1115,74,9,Low,2024,0,Fresher
1123,EMP104512,2024,Accenture,Tech Lead,Non-binary,MCA,Financial pressure,Delhi,Engineering,Employee_4513,509640,Operations,3.8,WFO,MGR1012,3,56,Low,2021,3,Experienced
1124,EMP100001,2024,Cult.fit,Business Development Executive,Non-binary,M.Com,Workforce restructuring,Odisha,Sales,Employee_2,1626417,IT,3.2,WFO,MGR1001,75,55,High,2016,8,Experienced
1125,EMP100031,2024,Meesho,Recruiter,Male,B.Sc,Workforce restructuring,Madhya Pradesh,Human Resources,Employee_32,1428304,Finance,3.8,Remote,MGR1031,4,57,Low,2022,2,Experienced
1126,EMP100088,2024,TCS,Digital Marketing Specialist,Non-binary,B.Tech,Role redundancy,Madhya Pradesh,Marketing,Employee_89,1658883,Support,4.7,WFO,MGR1088,35,30,Low,2016,8,Experienced
1127,EMP100111,2024,Microsoft,Business Analyst,Non-binary,MCA,Financial pressure,Madhya Pradesh,Analytics,Employee_112,1899119,Operations,2.8,Hybrid,MGR1111,69,51,Medium,2022,2,Experienced
1128,EMP100145,2024,Deloitte,DevOps Engineer,Non-binary,M.Tech,Financial pressure,Maharashtra,Engineering,Employee_146,938246,Finance,2.4,Hybrid,MGR1145,68,42,High,2022,2,Experienced
1129,EMP100154,2024,Amazon,Office Administrator,Female,Diploma,Financial pressure,West Bengal,Administration,Employee_155,2182857,Operations,3.3,Hybrid,MGR1004,62,13,Low,2023,1,Experienced
1130,EMP100156,2024,Swiggy,Process Associate,Non-binary,M.Com,Performance review,Haryana,Operations,Employee_157,691967,Sales,4.7,Remote,MGR1006,46,57,Medium,2022,2,Experienced
1131,EMP100202,2024,Cult.fit,Tech Lead,Non-binary,CA,Role redundancy,Delhi,Engineering,Employee_203,1367802,IT,4.9,Hybrid,MGR1052,66,28,High,2017,7,Experienced
1132,EMP100211,2024,Microsoft,Customer Support Executive,Female,CA,Role redundancy,Andhra Pradesh,Customer Support,Employee_212,1266139,Sales,3.6,Hybrid,MGR1061,29,43,Medium,2016,8,Experienced
1133,EMP100229,2024,Paytm,Office Administrator,Non-binary,CA,Cost reduction,Karnataka,Administration,Employee_230,904505,IT,4.6,WFO,MGR1079,45,0,High,2018,6,Experienced
1134,EMP100247,2024,Google,Admin Executive,Non-binary,B.Sc,Financial pressure,Telangana,Administration,Employee_248,1684456,HR,3.3,WFO,MGR1097,13,32,Low,2024,0,Fresher
1135,EMP100274,2024,Wipro,Customer Support Executive,Female,BCA,Business restructuring,Odisha,Customer Support,Employee_275,803359,Marketing,2.4,Remote,MGR1124,70,5,Low,2015,9,Experienced
1136,EMP100297,2024,Swiggy,HR Business Partner,Male,Diploma,Workforce restructuring,Punjab,Human Resources,Employee_298,1240502,IT,3.2,WFO,MGR1147,76,28,Medium,2019,5,Experienced
1137,EMP100316,2024,Deloitte,HR Executive,Female,B.Sc,Market demand decline,Haryana,Human Resources,Employee_317,341143,IT,4.8,Remote,MGR1016,17,57,Medium,2016,8,Experienced
1138,EMP100320,2024,Byju's,Facilities Executive,Female,MCA,Financial pressure,Madhya Pradesh,Administration,Employee_321,1786427,Operations,2.1,Remote,MGR1020,38,59,High,2021,3,Experienced
1139,EMP100348,2024,PhonePe,UX Designer,Non-binary,B.Tech,Performance review,Rajasthan,Product,Employee_349,349203,IT,2.2,WFO,MGR1048,72,56,Low,2018,6,Experienced
1140,EMP100389,2024,Microsoft,Product Analyst,Non-binary,BBA,Financial pressure,Telangana,Product,Employee_390,1142425,IT,4.0,WFO,MGR1089,36,57,Medium,2022,2,Experienced
1141,EMP100412,2024,Accenture,Business Analyst,Non-binary,B.E.,Project closure,Karnataka,Analytics,Employee_413,1945741,Sales,4.5,Remote,MGR1112,45,4,Medium,2022,2,Experienced
1142,EMP100449,2024,Ola Electric,Inside Sales Executive,Non-binary,B.E.,Performance review,Kerala,Sales,Employee_450,296639,Operations,2.6,WFO,MGR1149,55,39,Low,2022,2,Experienced
1143,EMP100492,2024,Ola,Customer Support Executive,Male,MCA,Project closure,Madhya Pradesh,Customer Support,Employee_493,1935111,Operations,4.3,WFO,MGR1042,56,28,Medium,2022,2,Experienced
1144,EMP100504,2024,Swiggy,Accountant,Male,B.Sc,Business slowdown,Madhya Pradesh,Finance,Employee_505,840323,Operations,3.3,Remote,MGR1054,55,12,Low,2018,6,Experienced
1145,EMP100517,2024,Accenture,Operations Manager,Female,Diploma,Automation adoption,Gujarat,Operations,Employee_518,2147628,HR,4.2,Hybrid,MGR1067,76,1,Medium,2015,9,Experienced
1146,EMP100549,2024,Amazon,Accountant,Non-binary,B.Sc,Market demand decline,Delhi,Finance,Employee_550,1764309,Sales,3.1,Hybrid,MGR1099,52,20,Low,2015,9,Experienced
1147,EMP100567,2024,Accenture,Talent Acquisition Specialist,Female,B.Tech,Market demand decline,Punjab,Human Resources,Employee_568,2030113,Support,2.5,Hybrid,MGR1117,74,8,Medium,2018,6,Experienced
1148,EMP100598,2024,Unacademy,Risk Analyst,Male,CA,Financial pressure,Odisha,Finance,Employee_599,1158639,Operations,3.0,WFO,MGR1148,55,54,Low,2019,5,Experienced
1149,EMP100606,2024,Meesho,Facilities Executive,Non-binary,MCA,Workforce restructuring,Tamil Nadu,Administration,Employee_607,956084,Support,2.0,Hybrid,MGR1006,17,10,Low,2023,1,Experienced
1150,EMP100637,2024,PhonePe,Sales Manager,Non-binary,Diploma,Market demand decline,West Bengal,Sales,Employee_638,331160,Finance,4.3,WFO,MGR1037,7,57,High,2017,7,Experienced
1151,EMP100644,2024,Paytm,HR Business Partner,Female,MCA,Cost reduction,Odisha,Human Resources,Employee_645,1634493,Sales,2.6,Remote,MGR1044,14,43,High,2022,2,Experienced
1152,EMP100654,2024,Wipro,Customer Success Executive,Male,M.Com,Market demand decline,Delhi,Customer Support,Employee_655,1071194,Support,4.5,Hybrid,MGR1054,9,46,High,2021,3,Experienced
1153,EMP100751,2024,Unacademy,Customer Support Executive,Male,MCA,Performance review,Madhya Pradesh,Customer Support,Employee_752,759418,HR,2.1,Remote,MGR1001,45,24,High,2019,5,Experienced
1154,EMP100775,2024,Unacademy,Finance Executive,Female,Diploma,Business restructuring,Madhya Pradesh,Finance,Employee_776,899885,Sales,3.0,Remote,MGR1025,62,0,High,2024,0,Fresher
1155,EMP100790,2024,Accenture,Sales Executive,Female,Diploma,Automation adoption,Telangana,Sales,Employee_791,741520,Sales,3.6,Hybrid,MGR1040,79,53,Medium,2016,8,Experienced
1156,EMP100858,2024,Swiggy,Technical Support Executive,Male,Diploma,Business restructuring,Kerala,Customer Support,Employee_859,2033303,Marketing,4.3,Remote,MGR1108,0,57,Low,2023,1,Experienced
1157,EMP100867,2024,Byju's,Finance Executive,Female,Diploma,Financial pressure,Karnataka,Finance,Employee_868,450479,Operations,3.4,Hybrid,MGR1117,41,37,Medium,2019,5,Experienced
1158,EMP100937,2024,Google,DevOps Engineer,Non-binary,MCA,Performance review,Punjab,Engineering,Employee_938,1655931,Marketing,4.4,Hybrid,MGR1037,67,26,High,2024,0,Fresher
1159,EMP100951,2024,Microsoft,Process Associate,Female,B.Tech,Project closure,Uttar Pradesh,Operations,Employee_952,1109304,Sales,2.4,WFO,MGR1051,66,32,Low,2022,2,Experienced
1160,EMP100961,2024,Amazon,Product Analyst,Female,M.Com,Performance review,Delhi,Product,Employee_962,1707801,Support,3.8,WFO,MGR1061,12,50,Medium,2021,3,Experienced
1161,EMP100974,2024,Flipkart,Process Associate,Non-binary,MBA,Market demand decline,Gujarat,Operations,Employee_975,1639702,Support,4.4,Remote,MGR1074,15,22,High,2024,0,Fresher
1162,EMP100980,2024,Ola,Accountant,Male,B.Tech,Project closure,Tamil Nadu,Finance,Employee_981,414872,HR,4.3,Remote,MGR1080,5,13,High,2018,6,Experienced
1163,EMP100984,2024,Meesho,Software Developer,Male,MCA,Market demand decline,Maharashtra,Engineering,Employee_985,618827,Finance,2.4,Hybrid,MGR1084,43,0,Medium,2022,2,Experienced
1164,EMP100985,2024,Paytm,Digital Marketing Specialist,Male,B.Tech,Business restructuring,Kerala,Marketing,Employee_986,1242330,Operations,4.7,Remote,MGR1085,26,46,Low,2022,2,Experienced
1165,EMP100994,2024,Udaan,Content Manager,Male,BBA,Automation adoption,Odisha,Marketing,Employee_995,591124,Operations,2.5,Hybrid,MGR1094,21,29,Medium,2017,7,Experienced
1166,EMP101027,2024,Google,BI Analyst,Non-binary,BBA,Automation adoption,Telangana,Analytics,Employee_1028,815496,Support,4.3,Remote,MGR1127,23,13,High,2016,8,Experienced
1167,EMP101094,2024,Ola Electric,Office Administrator,Female,M.Com,Workforce restructuring,Maharashtra,Administration,Employee_1095,1108985,HR,4.6,WFO,MGR1044,46,18,Low,2024,0,Fresher
1168,EMP101102,2024,Udaan,Software Developer,Male,MBA,Market demand decline,Odisha,Engineering,Employee_1103,1481261,Support,2.6,WFO,MGR1052,40,5,Low,2019,5,Experienced
1169,EMP101178,2024,Meesho,Tech Lead,Female,B.Sc,Business slowdown,Maharashtra,Engineering,Employee_1179,1546187,Finance,3.4,Hybrid,MGR1128,37,12,Medium,2016,8,Experienced
1170,EMP101188,2024,Ola,Business Analyst,Non-binary,M.Tech,Project closure,Punjab,Analytics,Employee_1189,1133223,IT,4.1,WFO,MGR1138,54,18,High,2023,1,Experienced
1171,EMP101214,2024,Deloitte,Customer Support Executive,Non-binary,CA,Role redundancy,Andhra Pradesh,Customer Support,Employee_1215,478804,Finance,2.9,Remote,MGR1014,8,20,Low,2020,4,Experienced
1172,EMP101239,2024,Google,Data Engineer,Non-binary,BBA,Cost reduction,Haryana,Engineering,Employee_1240,1452437,HR,3.2,Hybrid,MGR1039,49,45,High,2016,8,Experienced
1173,EMP101286,2024,Amazon,Recruiter,Female,BCA,Financial pressure,Kerala,Human Resources,Employee_1287,309801,Support,3.4,WFO,MGR1086,79,9,Low,2020,4,Experienced
1174,EMP101320,2024,Wipro,Data Analyst,Female,M.Tech,Automation adoption,Uttar Pradesh,Analytics,Employee_1321,723220,HR,4.3,Hybrid,MGR1120,50,44,Medium,2015,9,Experienced
1175,EMP101321,2024,TCS,Growth Manager,Female,CA,Role redundancy,Madhya Pradesh,Marketing,Employee_1322,1161808,Operations,2.8,Hybrid,MGR1121,16,46,Medium,2017,7,Experienced
1176,EMP101379,2024,Wipro,Customer Success Executive,Female,B.E.,Workforce restructuring,West Bengal,Customer Support,Employee_1380,2051813,Sales,4.8,Remote,MGR1029,62,21,High,2016,8,Experienced
1177,EMP101385,2024,Paytm,Talent Acquisition Specialist,Female,CA,Performance review,Rajasthan,Human Resources,Employee_1386,1728484,IT,4.7,Remote,MGR1035,16,9,Medium,2020,4,Experienced
1178,EMP101477,2024,Google,Talent Acquisition Specialist,Male,MBA,Market demand decline,Andhra Pradesh,Human Resources,Employee_1478,282399,HR,3.4,Remote,MGR1127,7,15,Low,2018,6,Experienced
1179,EMP101489,2024,Unacademy,HR Business Partner,Female,CA,Cost reduction,Punjab,Human Resources,Employee_1490,466127,Marketing,2.6,Remote,MGR1139,33,58,Low,2020,4,Experienced
1180,EMP101497,2024,Cult.fit,Customer Support Executive,Female,BCA,Business restructuring,Karnataka,Human Resources,Employee_1498,2024197,Support,4.3,Remote,MGR1147,16,49,Low,2024,0,Fresher
1181,EMP101503,2024,Cult.fit,Customer Success Executive,Non-binary,MBA,Workforce restructuring,Odisha,Customer Support,Employee_1504,1130221,Marketing,2.0,Remote,MGR1003,70,57,Low,2017,7,Experienced
1182,EMP101513,2024,Wipro,Operations Manager,Non-binary,Diploma,Financial pressure,Telangana,Operations,Employee_1514,1950175,Operations,3.1,Remote,MGR1013,52,47,Medium,2017,7,Experienced
1183,EMP101524,2024,Google,Tech Lead,Female,M.Tech,Role redundancy,Maharashtra,Engineering,Employee_1525,2172000,Support,4.7,Hybrid,MGR1024,59,38,Low,2019,5,Experienced
1184,EMP101557,2024,Amazon,Product Manager,Female,MCA,Market demand decline,West Bengal,Product,Employee_1558,1992870,Finance,2.3,Hybrid,MGR1057,68,34,High,2015,9,Experienced
1185,EMP101572,2024,Ola Electric,Risk Analyst,Male,M.Tech,Market demand decline,Rajasthan,Finance,Employee_1573,1592541,Marketing,3.1,Remote,MGR1072,2,45,Medium,2019,5,Experienced
1186,EMP101606,2024,Accenture,Operations Manager,Non-binary,CA,Project closure,Delhi,Operations,Employee_1607,497254,HR,4.9,WFO,MGR1106,72,35,Medium,2015,9,Experienced
1187,EMP101626,2024,Infosys,HR Executive,Male,BBA,Workforce restructuring,Delhi,Human Resources,Employee_1627,252962,Sales,3.3,Remote,MGR1126,9,32,High,2019,5,Experienced
1188,EMP101637,2024,Unacademy,Finance Executive,Non-binary,MCA,Project closure,Andhra Pradesh,Finance,Employee_1638,341246,Sales,2.2,Hybrid,MGR1137,21,11,Low,2016,8,Experienced
1189,EMP101653,2024,PhonePe,BI Analyst,Female,M.Tech,Financial pressure,Delhi,Analytics,Employee_1654,656093,Operations,2.9,Hybrid,MGR1003,30,36,High,2015,9,Experienced
1190,EMP101665,2024,Infosys,Data Analyst,Male,MCA,Business slowdown,Tamil Nadu,Analytics,Employee_1666,1775467,Sales,2.8,Remote,MGR1015,64,58,Medium,2021,3,Experienced
1191,EMP101697,2024,Ola Electric,Senior Software Engineer,Male,M.Com,Performance review,Gujarat,Engineering,Employee_1698,632696,IT,4.2,Hybrid,MGR1047,76,16,High,2024,0,Fresher
1192,EMP101785,2024,Amazon,Talent Acquisition Specialist,Non-binary,B.E.,Financial pressure,Telangana,Human Resources,Employee_1786,1670563,Finance,2.4,Remote,MGR1135,7,40,Low,2022,2,Experienced
1193,EMP101834,2024,Amazon,Talent Acquisition Specialist,Female,MBA,Market demand decline,Kerala,Human Resources,Employee_1835,2149181,IT,4.7,Hybrid,MGR1034,40,30,Low,2015,9,Experienced
1194,EMP101836,2024,Google,Technical Support Executive,Female,CA,Automation adoption,Tamil Nadu,Customer Support,Employee_1837,1100316,HR,3.2,Hybrid,MGR1036,58,49,High,2017,7,Experienced
1195,EMP101894,2024,Amazon,Content Manager,Non-binary,MCA,Business slowdown,Rajasthan,Marketing,Employee_1895,898281,Support,4.7,WFO,MGR1094,58,20,Low,2018,6,Experienced
1196,EMP101897,2024,Meesho,DevOps Engineer,Non-binary,M.Com,Cost reduction,Andhra Pradesh,Engineering,Employee_1898,1185088,IT,4.2,Hybrid,MGR1097,29,54,Low,2024,0,Fresher
1197,EMP101953,2024,ShareChat,UX Designer,Female,M.Com,Role redundancy,Tamil Nadu,Product,Employee_1954,1795285,IT,2.8,WFO,MGR1003,42,47,High,2024,0,Fresher
1198,EMP101993,2024,Ola Electric,Facilities Executive,Female,B.Sc,Business slowdown,Andhra Pradesh,Administration,Employee_1994,865172,HR,2.5,WFO,MGR1043,74,34,High,2024,0,Fresher
1199,EMP102062,2024,Wipro,Product Designer,Male,B.E.,Automation adoption,Punjab,Product,Employee_2063,554849,Marketing,2.5,Remote,MGR1112,61,57,Low,2022,2,Experienced
1200,EMP102073,2024,Amazon,Data Scientist,Non-binary,BCA,Workforce restructuring,Haryana,Analytics,Employee_2074,1298346,Marketing,3.8,WFO,MGR1123,53,19,Low,2020,4,Experienced
1201,EMP102078,2024,Microsoft,Data Scientist,Female,B.Tech,Financial pressure,Kerala,Analytics,Employee_2079,297041,Sales,3.3,WFO,MGR1128,3,22,High,2022,2,Experienced
1202,EMP102093,2024,Google,Data Engineer,Non-binary,B.E.,Workforce restructuring,Uttar Pradesh,Engineering,Employee_2094,2135295,IT,4.9,Hybrid,MGR1143,32,17,Medium,2021,3,Experienced
1203,EMP102125,2024,Microsoft,Inside Sales Executive,Non-binary,BBA,Workforce restructuring,Maharashtra,Sales,Employee_2126,1806207,IT,2.3,Hybrid,MGR1025,48,59,Low,2023,1,Experienced
1204,EMP102129,2024,Wipro,Operations Manager,Non-binary,B.Sc,Role redundancy,West Bengal,Operations,Employee_2130,1061564,Support,2.8,Hybrid,MGR1029,39,37,Low,2017,7,Experienced
1205,EMP102148,2024,Byju's,Sales Executive,Female,BCA,Role redundancy,Haryana,Sales,Employee_2149,463564,Finance,4.5,WFO,MGR1048,20,17,Low,2021,3,Experienced
1206,EMP102168,2024,Flipkart,Data Analyst,Female,M.Com,Cost reduction,West Bengal,Analytics,Employee_2169,979866,Marketing,4.5,Hybrid,MGR1068,57,38,High,2018,6,Experienced
1207,EMP102184,2024,Accenture,Product Analyst,Non-binary,B.Tech,Cost reduction,Odisha,Product,Employee_2185,2134416,Operations,4.7,WFO,MGR1084,69,44,High,2015,9,Experienced
1208,EMP102222,2024,Unacademy,Office Administrator,Non-binary,B.E.,Business slowdown,Telangana,Administration,Employee_2223,1135522,Sales,2.7,Remote,MGR1122,40,0,High,2022,2,Experienced
1209,EMP102285,2024,PhonePe,Growth Manager,Non-binary,B.Sc,Project closure,West Bengal,Marketing,Employee_2286,320856,Operations,3.5,Hybrid,MGR1035,58,44,Low,2023,1,Experienced
1210,EMP102313,2024,ShareChat,Tech Lead,Female,B.Sc,Business restructuring,Karnataka,Engineering,Employee_2314,2010390,Operations,2.3,Hybrid,MGR1063,9,55,High,2018,6,Experienced
1211,EMP102333,2024,Wipro,Finance Executive,Male,B.E.,Financial pressure,Tamil Nadu,Finance,Employee_2334,596715,Operations,4.7,Hybrid,MGR1083,75,55,Low,2023,1,Experienced
1212,EMP102431,2024,Flipkart,Customer Support Executive,Male,B.Tech,Performance review,Delhi,Customer Support,Employee_2432,884004,Sales,2.6,WFO,MGR1031,28,26,High,2022,2,Experienced
1213,EMP102503,2024,Google,Recruiter,Non-binary,M.Com,Role redundancy,Rajasthan,Human Resources,Employee_2504,1207071,Operations,4.0,Remote,MGR1103,7,23,Medium,2020,4,Experienced
1214,EMP102523,2024,Wipro,Sales Executive,Non-binary,BCA,Project closure,Punjab,Sales,Employee_2524,1863534,HR,4.6,WFO,MGR1123,60,31,High,2021,3,Experienced
1215,EMP102537,2024,PhonePe,Business Development Executive,Non-binary,Diploma,Financial pressure,Maharashtra,Sales,Employee_2538,1882503,Operations,4.2,WFO,MGR1137,76,6,Low,2022,2,Experienced
1216,EMP102608,2024,ShareChat,Reporting Analyst,Non-binary,BBA,Market demand decline,Gujarat,Analytics,Employee_2609,567344,HR,2.1,WFO,MGR1058,22,47,High,2015,9,Experienced
1217,EMP102636,2024,Microsoft,Operations Manager,Non-binary,MCA,Workforce restructuring,Rajasthan,Operations,Employee_2637,1158622,IT,3.2,Remote,MGR1086,51,56,Medium,2015,9,Experienced
1218,EMP102642,2024,Paytm,Sales Manager,Female,B.E.,Market demand decline,Kerala,Sales,Employee_2643,510574,Finance,4.6,Remote,MGR1092,71,45,Low,2023,1,Experienced
1219,EMP102657,2024,Infosys,Customer Success Executive,Female,CA,Financial pressure,Telangana,Customer Support,Employee_2658,1390568,Finance,4.2,Remote,MGR1107,16,2,High,2016,8,Experienced
1220,EMP102659,2024,Udaan,QA Engineer,Non-binary,B.Tech,Performance review,Tamil Nadu,Engineering,Employee_2660,365614,HR,2.9,Hybrid,MGR1109,24,7,Medium,2015,9,Experienced
1221,EMP102692,2024,Wipro,Account Manager,Non-binary,B.E.,Business slowdown,Kerala,Sales,Employee_2693,1572587,Marketing,4.0,WFO,MGR1142,14,11,Low,2020,4,Experienced
1222,EMP102703,2024,Wipro,Business Development Executive,Non-binary,BCA,Automation adoption,Andhra Pradesh,Sales,Employee_2704,920966,Finance,4.2,Hybrid,MGR1003,14,28,High,2022,2,Experienced
1223,EMP102735,2024,Flipkart,Content Manager,Female,B.Tech,Financial pressure,Maharashtra,Marketing,Employee_2736,1015543,Operations,4.7,Hybrid,MGR1035,69,19,Low,2019,5,Experienced
1224,EMP102773,2024,Cult.fit,Recruiter,Male,BBA,Project closure,Kerala,Human Resources,Employee_2774,1074994,Finance,2.3,Remote,MGR1073,36,4,Medium,2018,6,Experienced
1225,EMP102789,2024,Udaan,BI Analyst,Non-binary,M.Com,Cost reduction,Telangana,Analytics,Employee_2790,524826,Marketing,2.3,WFO,MGR1089,67,21,Low,2021,3,Experienced
1226,EMP102836,2024,ShareChat,Support Analyst,Male,BBA,Performance review,Gujarat,Customer Support,Employee_2837,1050745,Sales,2.2,WFO,MGR1136,17,32,Medium,2022,2,Experienced
1227,EMP102891,2024,Meesho,Admin Executive,Non-binary,MBA,Business restructuring,Tamil Nadu,Administration,Employee_2892,2176999,Operations,2.8,WFO,MGR1041,68,33,Low,2021,3,Experienced
1228,EMP102922,2024,ShareChat,Finance Executive,Non-binary,MCA,Performance review,Tamil Nadu,Finance,Employee_2923,646899,IT,3.8,Hybrid,MGR1072,36,43,High,2015,9,Experienced
1229,EMP102980,2024,TCS,Digital Marketing Specialist,Non-binary,Diploma,Market demand decline,Punjab,Marketing,Employee_2981,1495813,HR,4.4,Remote,MGR1130,44,44,Medium,2016,8,Experienced
1230,EMP103025,2024,ShareChat,Support Analyst,Non-binary,MBA,Financial pressure,West Bengal,Customer Support,Employee_3026,788472,Support,2.2,Remote,MGR1025,6,30,Low,2017,7,Experienced
1231,EMP103032,2024,Flipkart,HR Executive,Non-binary,B.Sc,Performance review,Haryana,Human Resources,Employee_3033,862773,IT,4.0,Hybrid,MGR1032,37,43,Medium,2016,8,Experienced
1232,EMP103114,2024,Udaan,Customer Support Executive,Non-binary,B.E.,Automation adoption,Uttar Pradesh,Customer Support,Employee_3115,1118004,Operations,4.3,WFO,MGR1114,51,52,High,2020,4,Experienced
1233,EMP103138,2024,Ola Electric,Frontend Developer,Non-binary,M.Com,Automation adoption,Punjab,Engineering,Employee_3139,848489,IT,4.5,Remote,MGR1138,2,39,High,2017,7,Experienced
1234,EMP103145,2024,Accenture,Finance Executive,Male,M.Tech,Financial pressure,Rajasthan,Finance,Employee_3146,2185396,Sales,3.9,Hybrid,MGR1145,16,4,Low,2021,3,Experienced
1235,EMP103168,2024,Meesho,Product Designer,Male,MCA,Project closure,Delhi,Product,Employee_3169,1604632,Support,3.9,Remote,MGR1018,24,21,Low,2015,9,Experienced
1236,EMP103198,2024,Wipro,Office Administrator,Female,MBA,Business slowdown,Andhra Pradesh,Administration,Employee_3199,714314,HR,4.8,Remote,MGR1048,65,4,Medium,2023,1,Experienced
1237,EMP103218,2024,Ola Electric,Product Manager,Male,M.Com,Role redundancy,Delhi,Product,Employee_3219,684759,Support,2.6,WFO,MGR1068,40,55,Medium,2024,0,Fresher
1238,EMP103257,2024,Deloitte,Software Developer,Male,MBA,Business slowdown,Punjab,Engineering,Employee_3258,476371,HR,3.2,Hybrid,MGR1107,11,16,Medium,2022,2,Experienced
1239,EMP103274,2024,Unacademy,Facilities Executive,Male,B.Sc,Market demand decline,Karnataka,Human Resources,Employee_3275,720708,Operations,2.6,WFO,MGR1124,18,25,Low,2024,0,Fresher
1240,EMP103312,2024,Udaan,HR Business Partner,Female,MBA,Cost reduction,Delhi,Human Resources,Employee_3313,733829,Sales,3.4,Remote,MGR1012,25,22,Medium,2017,7,Experienced
1241,EMP103345,2024,Paytm,HR Executive,Female,B.Tech,Workforce restructuring,Kerala,Human Resources,Employee_3346,304373,Sales,4.7,Hybrid,MGR1045,47,55,Low,2016,8,Experienced
1242,EMP103367,2024,Accenture,Digital Marketing Specialist,Female,MCA,Business slowdown,Rajasthan,Marketing,Employee_3368,1118248,Operations,4.2,Remote,MGR1067,69,11,High,2020,4,Experienced
1243,EMP103382,2024,Unacademy,Operations Manager,Female,B.Sc,Project closure,Gujarat,Operations,Employee_3383,558494,Sales,4.8,Remote,MGR1082,75,39,Low,2018,6,Experienced
1244,EMP103400,2024,Udaan,Operations Analyst,Female,MBA,Business slowdown,West Bengal,Operations,Employee_3401,1711689,Operations,4.3,Remote,MGR1100,31,5,Low,2017,7,Experienced
1245,EMP103407,2024,Unacademy,Marketing Executive,Non-binary,BBA,Market demand decline,Tamil Nadu,Marketing,Employee_3408,1024147,Sales,3.1,WFO,MGR1107,60,45,Low,2016,8,Experienced
1246,EMP103425,2024,Byju's,Sales Manager,Female,MBA,Cost reduction,Punjab,Sales,Employee_3426,1940971,Support,4.4,Remote,MGR1125,39,36,Low,2019,5,Experienced
1247,EMP103474,2024,Byju's,HR Business Partner,Non-binary,Diploma,Automation adoption,Karnataka,Human Resources,Employee_3475,2084417,HR,4.9,Hybrid,MGR1024,6,9,Medium,2017,7,Experienced
1248,EMP103475,2024,Ola,Operations Executive,Female,M.Com,Workforce restructuring,Delhi,Operations,Employee_3476,465541,Marketing,4.2,Remote,MGR1025,12,29,High,2015,9,Experienced
1249,EMP103502,2024,Amazon,Reporting Analyst,Non-binary,BBA,Role redundancy,Karnataka,Analytics,Employee_3503,1202499,Marketing,4.4,Remote,MGR1052,55,40,High,2023,1,Experienced
1250,EMP103561,2024,Wipro,Product Analyst,Female,CA,Cost reduction,Madhya Pradesh,Product,Employee_3562,1098050,Finance,4.1,WFO,MGR1111,53,13,Low,2021,3,Experienced
1251,EMP103575,2024,Amazon,Admin Executive,Male,B.E.,Business restructuring,Kerala,Administration,Employee_3576,1530717,Marketing,2.9,Hybrid,MGR1125,9,56,Low,2023,1,Experienced
1252,EMP103578,2024,ShareChat,Data Analyst,Male,MCA,Workforce restructuring,Gujarat,Analytics,Employee_3579,1004169,Marketing,2.8,WFO,MGR1128,64,38,High,2020,4,Experienced
1253,EMP103586,2024,Swiggy,Admin Executive,Male,B.E.,Workforce restructuring,Delhi,Administration,Employee_3587,1996662,Marketing,2.8,Remote,MGR1136,25,52,Low,2019,5,Experienced
1254,EMP103635,2024,PhonePe,MIS Executive,Non-binary,MBA,Financial pressure,Kerala,Analytics,Employee_3636,716622,Operations,3.4,Remote,MGR1035,49,41,High,2017,7,Experienced
1255,EMP103645,2024,ShareChat,HR Business Partner,Male,MCA,Project closure,Tamil Nadu,Human Resources,Employee_3646,1574010,Support,3.1,Hybrid,MGR1045,22,39,High,2021,3,Experienced
1256,EMP103650,2024,Paytm,Risk Analyst,Non-binary,CA,Business slowdown,Kerala,Finance,Employee_3651,1067108,Finance,4.1,WFO,MGR1050,72,55,Medium,2015,9,Experienced
1257,EMP103656,2024,Paytm,Account Manager,Female,MBA,Market demand decline,Gujarat,Sales,Employee_3657,747604,HR,4.6,Remote,MGR1056,3,15,High,2015,9,Experienced
1258,EMP103675,2024,Ola,Technical Support Executive,Male,MBA,Business slowdown,Punjab,Customer Support,Employee_3676,1841555,IT,2.8,Hybrid,MGR1075,41,41,Medium,2018,6,Experienced
1259,EMP103682,2024,Swiggy,Product Designer,Non-binary,CA,Financial pressure,Kerala,Product,Employee_3683,2079969,IT,3.1,Hybrid,MGR1082,28,44,Medium,2015,9,Experienced
1260,EMP103745,2024,Udaan,Marketing Executive,Non-binary,BCA,Market demand decline,Maharashtra,Marketing,Employee_3746,1223472,Marketing,3.1,Remote,MGR1145,56,1,High,2017,7,Experienced
1261,EMP103755,2024,ShareChat,Office Administrator,Female,M.Com,Automation adoption,Maharashtra,Administration,Employee_3756,1503779,Marketing,4.6,Remote,MGR1005,39,39,High,2022,2,Experienced
1262,EMP103784,2024,Ola,Software Engineer,Male,MCA,Market demand decline,Kerala,Engineering,Employee_3785,1532541,Sales,3.0,Hybrid,MGR1034,27,5,Medium,2018,6,Experienced
1263,EMP103793,2024,Google,Office Administrator,Male,Diploma,Performance review,Punjab,Administration,Employee_3794,533878,Sales,2.6,Hybrid,MGR1043,8,3,High,2016,8,Experienced
1264,EMP103873,2024,TCS,Frontend Developer,Female,B.E.,Business slowdown,Madhya Pradesh,Engineering,Employee_3874,1661064,HR,2.7,WFO,MGR1123,22,20,Low,2015,9,Experienced
1265,EMP103878,2024,Cult.fit,Backend Developer,Male,B.Tech,Cost reduction,Telangana,Engineering,Employee_3879,1015950,IT,4.5,Remote,MGR1128,72,11,Low,2016,8,Experienced
1266,EMP103897,2024,Byju's,Backend Developer,Male,B.E.,Workforce restructuring,West Bengal,Engineering,Employee_3898,891065,Operations,4.9,WFO,MGR1147,44,48,Low,2023,1,Experienced
1267,EMP103933,2024,ShareChat,Tech Lead,Male,Diploma,Workforce restructuring,West Bengal,Engineering,Employee_3934,362334,IT,2.9,Remote,MGR1033,6,52,Low,2018,6,Experienced
1268,EMP103966,2024,Ola,Finance Executive,Non-binary,MCA,Business slowdown,Madhya Pradesh,Finance,Employee_3967,371154,Support,2.0,Hybrid,MGR1066,57,35,Low,2016,8,Experienced
1269,EMP103968,2024,Microsoft,Technical Support Executive,Male,MCA,Market demand decline,Kerala,Customer Support,Employee_3969,1965994,Operations,2.2,Hybrid,MGR1068,9,35,Low,2023,1,Experienced
1270,EMP104004,2024,Wipro,Customer Success Executive,Male,MCA,Performance review,Madhya Pradesh,Customer Support,Employee_4005,1698699,Sales,2.3,WFO,MGR1104,50,21,Medium,2015,9,Experienced
1271,EMP104101,2024,Unacademy,UX Designer,Non-binary,B.Tech,Cost reduction,West Bengal,Product,Employee_4102,1679987,Finance,4.7,Remote,MGR1051,56,57,Low,2024,0,Fresher
1272,EMP104131,2024,Byju's,Tech Lead,Female,B.E.,Role redundancy,Punjab,Engineering,Employee_4132,1807153,Finance,2.9,Remote,MGR1081,3,37,Medium,2017,7,Experienced
1273,EMP104148,2024,Byju's,Office Administrator,Male,M.Com,Automation adoption,Uttar Pradesh,Administration,Employee_4149,945539,Finance,4.1,WFO,MGR1098,41,23,Low,2023,1,Experienced
1274,EMP104149,2024,Unacademy,Sales Manager,Non-binary,MBA,Performance review,Madhya Pradesh,Sales,Employee_4150,533182,Support,3.2,WFO,MGR1099,30,48,High,2023,1,Experienced
1275,EMP104202,2024,Meesho,Product Designer,Female,Diploma,Project closure,Uttar Pradesh,Product,Employee_4203,963031,IT,4.9,WFO,MGR1002,23,49,Medium,2018,6,Experienced
1276,EMP104254,2024,Swiggy,Reporting Analyst,Non-binary,M.Com,Business slowdown,Andhra Pradesh,Analytics,Employee_4255,602045,Marketing,4.1,Hybrid,MGR1054,71,25,High,2021,3,Experienced
1277,EMP104280,2024,Deloitte,Operations Manager,Non-binary,M.Tech,Financial pressure,Tamil Nadu,Operations,Employee_4281,1669618,Support,4.6,WFO,MGR1080,52,53,Medium,2015,9,Experienced
1278,EMP104287,2024,Unacademy,Operations Executive,Non-binary,CA,Business slowdown,Gujarat,Operations,Employee_4288,1147632,Marketing,2.5,Hybrid,MGR1087,52,14,High,2015,9,Experienced
1279,EMP104323,2024,Microsoft,Data Scientist,Male,B.E.,Workforce restructuring,Tamil Nadu,Analytics,Employee_4324,1072482,Operations,2.9,Hybrid,MGR1123,6,47,High,2015,9,Experienced
1280,EMP104395,2024,Byju's,Technical Support Executive,Non-binary,M.Com,Financial pressure,Kerala,Customer Support,Employee_4396,1341767,Finance,4.0,WFO,MGR1045,4,24,High,2017,7,Experienced
1281,EMP104448,2024,Deloitte,Operations Manager,Male,MBA,Cost reduction,Andhra Pradesh,Operations,Employee_4449,1736917,Support,3.3,Hybrid,MGR1098,10,59,High,2018,6,Experienced
1282,EMP104509,2024,Deloitte,HR Executive,Female,M.Com,Performance review,Madhya Pradesh,Human Resources,Employee_4510,1690724,Sales,5.0,Hybrid,MGR1009,25,22,Low,2015,9,Experienced
1283,EMP104514,2024,Udaan,Admin Executive,Male,B.E.,Workforce restructuring,Delhi,Administration,Employee_4515,379244,Sales,4.4,WFO,MGR1014,53,26,Medium,2019,5,Experienced
1284,EMP100019,2024,Unacademy,Support Analyst,Non-binary,BBA,Workforce restructuring,Uttar Pradesh,Customer Support,Employee_20,548108,Finance,4.1,WFO,MGR1019,16,19,Low,2017,7,Experienced
1285,EMP100040,2024,Ola,Business Development Executive,Female,CA,Role redundancy,Delhi,Sales,Employee_41,1975793,Support,4.0,Hybrid,MGR1040,5,13,Low,2022,2,Experienced
1286,EMP100120,2024,Byju's,Business Development Executive,Female,Diploma,Market demand decline,Uttar Pradesh,Sales,Employee_121,1255214,Sales,5.0,WFO,MGR1120,9,26,Medium,2024,0,Fresher
1287,EMP100140,2024,Cult.fit,Accountant,Female,B.Sc,Role redundancy,Madhya Pradesh,Finance,Employee_141,2112739,Support,4.8,WFO,MGR1140,17,9,Low,2024,0,Fresher
1288,EMP100150,2024,TCS,Reporting Analyst,Female,BCA,Cost reduction,Punjab,Analytics,Employee_151,2069645,Support,3.2,Remote,MGR1000,37,23,Low,2019,5,Experienced
1289,EMP100226,2024,Paytm,Process Associate,Female,MBA,Automation adoption,Punjab,Operations,Employee_227,1788610,Marketing,3.4,WFO,MGR1076,40,10,High,2017,7,Experienced
1290,EMP100233,2024,Accenture,Admin Executive,Non-binary,CA,Business restructuring,Haryana,Administration,Employee_234,295815,Sales,4.4,Remote,MGR1083,17,57,Low,2017,7,Experienced
1291,EMP100252,2024,Wipro,Product Analyst,Non-binary,B.Tech,Performance review,Karnataka,Product,Employee_253,2047418,Finance,4.7,WFO,MGR1102,55,8,High,2021,3,Experienced
1292,EMP100291,2024,Swiggy,Inside Sales Executive,Male,M.Tech,Automation adoption,Maharashtra,Sales,Employee_292,1740912,Support,4.3,Hybrid,MGR1141,53,38,Low,2017,7,Experienced
1293,EMP100296,2024,Swiggy,QA Engineer,Male,Diploma,Cost reduction,Maharashtra,Engineering,Employee_297,1656315,Support,3.4,Remote,MGR1146,41,5,Low,2015,9,Experienced
1294,EMP100305,2024,Wipro,Talent Acquisition Specialist,Female,M.Tech,Cost reduction,West Bengal,Human Resources,Employee_306,1268224,Support,3.3,WFO,MGR1005,16,42,Low,2018,6,Experienced
1295,EMP100307,2024,Accenture,Product Analyst,Female,BCA,Project closure,Haryana,Product,Employee_308,1065209,Sales,2.8,Hybrid,MGR1007,46,19,High,2018,6,Experienced
1296,EMP100323,2024,ShareChat,Frontend Developer,Non-binary,CA,Business restructuring,Maharashtra,Engineering,Employee_324,999990,Support,3.3,Hybrid,MGR1023,13,37,Low,2024,0,Fresher
1297,EMP100340,2024,Amazon,Operations Manager,Female,MCA,Business slowdown,West Bengal,Operations,Employee_341,691127,Operations,2.0,Remote,MGR1040,70,50,High,2017,7,Experienced
1298,EMP100353,2024,Byju's,Facilities Executive,Non-binary,MBA,Business restructuring,West Bengal,Administration,Employee_354,1574134,Operations,2.8,WFO,MGR1053,7,29,High,2016,8,Experienced
1299,EMP100370,2024,Ola,Operations Analyst,Non-binary,BBA,Automation adoption,Andhra Pradesh,Operations,Employee_371,2107468,Support,3.0,Hybrid,MGR1070,58,13,High,2022,2,Experienced
1300,EMP100397,2024,Amazon,Software Engineer,Female,MBA,Workforce restructuring,Kerala,Engineering,Employee_398,683538,Sales,4.3,WFO,MGR1097,27,15,Medium,2019,5,Experienced
1301,EMP100402,2024,Byju's,Facilities Executive,Male,Diploma,Cost reduction,Gujarat,Administration,Employee_403,1155321,Sales,4.6,Remote,MGR1102,26,41,Low,2017,7,Experienced
1302,EMP100436,2024,Ola Electric,MIS Executive,Male,BCA,Automation adoption,Punjab,Analytics,Employee_437,991618,Operations,3.8,Hybrid,MGR1136,69,49,Medium,2018,6,Experienced
1303,EMP100452,2024,Microsoft,Finance Executive,Female,B.E.,Cost reduction,Haryana,Finance,Employee_453,1564522,HR,4.8,Remote,MGR1002,44,38,Low,2016,8,Experienced
1304,EMP100466,2024,PhonePe,Digital Marketing Specialist,Non-binary,B.Sc,Business restructuring,Maharashtra,Marketing,Employee_467,1799853,HR,2.4,Remote,MGR1016,22,33,High,2022,2,Experienced
1305,EMP100537,2024,Swiggy,Finance Executive,Female,B.E.,Performance review,Andhra Pradesh,Finance,Employee_538,1906895,Sales,2.9,WFO,MGR1087,8,18,High,2017,7,Experienced
1306,EMP100552,2024,Microsoft,Customer Support Executive,Male,BCA,Performance review,Haryana,Customer Support,Employee_553,1475395,IT,4.9,Hybrid,MGR1102,4,44,High,2015,9,Experienced
1307,EMP100556,2024,ShareChat,HR Business Partner,Male,BCA,Automation adoption,Rajasthan,Human Resources,Employee_557,473678,HR,4.7,Remote,MGR1106,48,51,Low,2021,3,Experienced
1308,EMP100559,2024,Cult.fit,BI Analyst,Non-binary,BBA,Financial pressure,Andhra Pradesh,Analytics,Employee_560,751803,Marketing,4.3,WFO,MGR1109,30,7,High,2024,0,Fresher
1309,EMP100610,2024,Ola Electric,Sales Executive,Female,CA,Performance review,Kerala,Sales,Employee_611,1494474,HR,4.9,WFO,MGR1010,56,43,Low,2022,2,Experienced
1310,EMP100665,2024,Swiggy,Growth Manager,Female,B.E.,Financial pressure,Odisha,Marketing,Employee_666,668739,Sales,2.7,Remote,MGR1065,26,16,Medium,2022,2,Experienced
1311,EMP100679,2024,Ola,Talent Acquisition Specialist,Non-binary,Diploma,Business restructuring,Maharashtra,Human Resources,Employee_680,2144846,Sales,2.5,Hybrid,MGR1079,13,12,Low,2018,6,Experienced
1312,EMP100686,2024,Byju's,Admin Executive,Non-binary,MBA,Business restructuring,West Bengal,Administration,Employee_687,719657,IT,3.8,WFO,MGR1086,58,52,High,2020,4,Experienced
1313,EMP100713,2024,Unacademy,Operations Analyst,Non-binary,Diploma,Automation adoption,Andhra Pradesh,Operations,Employee_714,1660059,Operations,3.4,WFO,MGR1113,58,39,Medium,2022,2,Experienced
1314,EMP100727,2024,Amazon,Content Manager,Non-binary,CA,Business restructuring,Haryana,Marketing,Employee_728,1424397,Sales,2.1,Hybrid,MGR1127,65,15,High,2015,9,Experienced
1315,EMP100728,2024,Google,Technical Support Executive,Male,B.Sc,Automation adoption,Punjab,Customer Support,Employee_729,2115712,Marketing,2.7,Hybrid,MGR1128,41,45,High,2022,2,Experienced
1316,EMP100783,2024,Microsoft,Support Analyst,Non-binary,BBA,Workforce restructuring,Haryana,Customer Support,Employee_784,393896,Operations,3.3,WFO,MGR1033,65,43,High,2022,2,Experienced
1317,EMP100821,2024,Cult.fit,Recruiter,Female,BBA,Workforce restructuring,Tamil Nadu,Human Resources,Employee_822,258879,Support,3.3,WFO,MGR1071,50,3,Medium,2016,8,Experienced
1318,EMP100876,2024,Meesho,Reporting Analyst,Female,B.Sc,Financial pressure,Uttar Pradesh,Analytics,Employee_877,372736,Support,4.4,WFO,MGR1126,37,6,Medium,2016,8,Experienced
1319,EMP100936,2024,Ola Electric,HR Executive,Non-binary,M.Com,Cost reduction,Haryana,Human Resources,Employee_937,1658382,Finance,2.1,Remote,MGR1036,16,56,Low,2019,5,Experienced
1320,EMP100949,2024,Byju's,Account Manager,Male,M.Com,Cost reduction,Tamil Nadu,Sales,Employee_950,1832119,HR,4.4,WFO,MGR1049,11,0,Medium,2015,9,Experienced
1321,EMP100965,2024,Ola Electric,Recruiter,Female,CA,Project closure,Haryana,Human Resources,Employee_966,940479,Support,3.3,WFO,MGR1065,76,29,Medium,2020,4,Experienced
1322,EMP101009,2024,Cult.fit,Operations Analyst,Non-binary,CA,Market demand decline,Haryana,Operations,Employee_1010,1261574,Finance,4.7,WFO,MGR1109,55,13,High,2018,6,Experienced
1323,EMP101019,2024,Byju's,Product Designer,Female,BCA,Workforce restructuring,Uttar Pradesh,Product,Employee_1020,409215,Sales,5.0,Remote,MGR1119,35,30,Low,2015,9,Experienced
1324,EMP101034,2024,Paytm,Inside Sales Executive,Female,Diploma,Financial pressure,Odisha,Sales,Employee_1035,1877874,Finance,2.4,WFO,MGR1134,0,4,Medium,2020,4,Experienced
1325,EMP101131,2024,ShareChat,Frontend Developer,Non-binary,B.E.,Workforce restructuring,Odisha,Engineering,Employee_1132,1772598,Operations,3.2,Hybrid,MGR1081,58,51,Low,2023,1,Experienced
1326,EMP101153,2024,Google,BI Analyst,Female,MCA,Role redundancy,Rajasthan,Analytics,Employee_1154,715686,IT,4.4,Hybrid,MGR1103,76,23,Low,2017,7,Experienced
1327,EMP101162,2024,PhonePe,Backend Developer,Male,MBA,Cost reduction,Telangana,Engineering,Employee_1163,1778011,Finance,2.5,Remote,MGR1112,64,29,High,2022,2,Experienced
1328,EMP101168,2024,PhonePe,Talent Acquisition Specialist,Non-binary,BBA,Role redundancy,Haryana,Human Resources,Employee_1169,572502,Marketing,4.9,Remote,MGR1118,47,46,Medium,2016,8,Experienced
1329,EMP101169,2024,Swiggy,Senior Software Engineer,Non-binary,B.E.,Business slowdown,Telangana,Engineering,Employee_1170,902085,Support,2.5,Hybrid,MGR1119,27,20,Low,2021,3,Experienced
1330,EMP101219,2024,Deloitte,Operations Executive,Male,B.Tech,Business slowdown,Kerala,Operations,Employee_1220,578737,Support,4.8,WFO,MGR1019,11,53,Low,2023,1,Experienced
1331,EMP101225,2024,Ola,Recruiter,Non-binary,B.E.,Cost reduction,Kerala,Human Resources,Employee_1226,287642,Support,2.1,Remote,MGR1025,47,37,High,2022,2,Experienced
1332,EMP101280,2024,Udaan,Financial Analyst,Female,BCA,Market demand decline,Kerala,Finance,Employee_1281,830160,Support,4.9,Remote,MGR1080,31,23,Medium,2015,9,Experienced
1333,EMP101327,2024,Accenture,Digital Marketing Specialist,Male,MCA,Business restructuring,Punjab,Marketing,Employee_1328,1121007,Support,2.7,Remote,MGR1127,4,36,Low,2016,8,Experienced
1334,EMP101344,2024,Wipro,Data Engineer,Non-binary,Diploma,Automation adoption,West Bengal,Engineering,Employee_1345,662214,Finance,3.5,WFO,MGR1144,25,28,Medium,2020,4,Experienced
1335,EMP101384,2024,Deloitte,HR Business Partner,Male,MCA,Business restructuring,Madhya Pradesh,Human Resources,Employee_1385,1451357,Operations,4.2,WFO,MGR1034,19,8,High,2022,2,Experienced
1336,EMP101404,2024,Udaan,Operations Executive,Non-binary,MCA,Cost reduction,Gujarat,Operations,Employee_1405,437535,Finance,2.5,Remote,MGR1054,14,49,High,2016,8,Experienced
1337,EMP101440,2024,PhonePe,Product Manager,Female,B.Sc,Role redundancy,Uttar Pradesh,Product,Employee_1441,1276455,IT,2.4,Hybrid,MGR1090,40,37,Medium,2021,3,Experienced
1338,EMP101458,2024,Byju's,Recruiter,Female,B.Tech,Workforce restructuring,Maharashtra,Human Resources,Employee_1459,1202532,Marketing,3.3,Remote,MGR1108,10,21,Low,2016,8,Experienced
1339,EMP101505,2024,Udaan,HR Executive,Female,BCA,Role redundancy,Andhra Pradesh,Human Resources,Employee_1506,386972,IT,4.7,Hybrid,MGR1005,18,6,Medium,2022,2,Experienced
1340,EMP101518,2024,ShareChat,Office Administrator,Non-binary,Diploma,Role redundancy,Andhra Pradesh,Administration,Employee_1519,340388,Operations,4.0,WFO,MGR1018,45,12,Medium,2015,9,Experienced
1341,EMP101534,2024,Flipkart,Product Manager,Male,M.Tech,Automation adoption,Maharashtra,Product,Employee_1535,1433727,Marketing,2.6,Remote,MGR1034,44,45,Medium,2016,8,Experienced
1342,EMP101559,2024,Flipkart,Financial Analyst,Male,Diploma,Performance review,Punjab,Finance,Employee_1560,693621,Operations,2.8,Remote,MGR1059,4,31,High,2016,8,Experienced
1343,EMP101594,2024,Amazon,Business Development Executive,Male,BCA,Role redundancy,Haryana,Sales,Employee_1595,558894,IT,4.8,Remote,MGR1094,50,46,High,2019,5,Experienced
1344,EMP101625,2024,Swiggy,Office Administrator,Female,B.Sc,Cost reduction,Haryana,Administration,Employee_1626,2082103,Finance,4.2,WFO,MGR1125,29,23,Medium,2019,5,Experienced
1345,EMP101700,2024,TCS,Data Engineer,Non-binary,Diploma,Performance review,West Bengal,Engineering,Employee_1701,363084,Finance,3.1,Remote,MGR1050,30,58,Low,2017,7,Experienced
1346,EMP101714,2024,Flipkart,Data Engineer,Female,B.E.,Workforce restructuring,Uttar Pradesh,Engineering,Employee_1715,1212337,IT,2.0,WFO,MGR1064,55,49,High,2018,6,Experienced
1347,EMP101726,2024,Infosys,Finance Executive,Female,B.Tech,Workforce restructuring,Kerala,Finance,Employee_1727,1306302,Marketing,4.1,WFO,MGR1076,11,53,Low,2016,8,Experienced
1348,EMP101903,2024,Ola Electric,Product Designer,Male,B.E.,Cost reduction,Odisha,Product,Employee_1904,631083,Finance,4.4,Remote,MGR1103,63,19,Medium,2015,9,Experienced
1349,EMP101954,2024,Infosys,Office Administrator,Non-binary,B.Tech,Workforce restructuring,Telangana,Administration,Employee_1955,1526850,HR,2.3,Remote,MGR1004,11,5,High,2016,8,Experienced
1350,EMP102016,2024,Amazon,Support Analyst,Non-binary,B.Sc,Project closure,Telangana,Customer Support,Employee_2017,1038654,Sales,5.0,Hybrid,MGR1066,17,38,High,2024,0,Fresher
1351,EMP102107,2024,Infosys,Support Analyst,Male,BCA,Role redundancy,Kerala,Customer Support,Employee_2108,560071,Sales,4.6,WFO,MGR1007,41,49,High,2022,2,Experienced
1352,EMP102115,2024,Udaan,Marketing Executive,Male,Diploma,Financial pressure,Haryana,Marketing,Employee_2116,1538639,IT,2.1,WFO,MGR1015,25,7,Low,2019,5,Experienced
1353,EMP102121,2024,Amazon,Software Engineer,Male,Diploma,Performance review,Maharashtra,Engineering,Employee_2122,482901,Marketing,5.0,WFO,MGR1021,10,43,Medium,2018,6,Experienced
1354,EMP102138,2024,ShareChat,Product Manager,Non-binary,MBA,Automation adoption,Delhi,Product,Employee_2139,1716870,Marketing,3.3,WFO,MGR1038,2,52,Medium,2018,6,Experienced
1355,EMP102143,2024,Flipkart,Customer Success Executive,Non-binary,CA,Cost reduction,Kerala,Customer Support,Employee_2144,2174417,Operations,3.6,Remote,MGR1043,74,17,Medium,2016,8,Experienced
1356,EMP102159,2024,Cult.fit,Operations Executive,Non-binary,BCA,Cost reduction,Tamil Nadu,Operations,Employee_2160,1497734,Sales,3.9,Hybrid,MGR1059,2,33,Medium,2022,2,Experienced
1357,EMP102197,2024,Unacademy,Product Analyst,Non-binary,B.E.,Financial pressure,Uttar Pradesh,Product,Employee_2198,1056770,Sales,3.1,Hybrid,MGR1097,0,18,Low,2019,5,Experienced
1358,EMP102221,2024,Meesho,Admin Executive,Male,B.Tech,Business restructuring,Haryana,Administration,Employee_2222,1994126,IT,2.6,Hybrid,MGR1121,76,57,Low,2020,4,Experienced
1359,EMP102238,2024,Flipkart,Digital Marketing Specialist,Male,BCA,Automation adoption,Punjab,Marketing,Employee_2239,2081684,Support,4.1,Remote,MGR1138,58,0,Medium,2020,4,Experienced
1360,EMP102253,2024,Byju's,Recruiter,Male,M.Com,Market demand decline,Rajasthan,Human Resources,Employee_2254,1772007,Marketing,2.6,WFO,MGR1003,18,40,High,2023,1,Experienced
1361,EMP102279,2024,ShareChat,MIS Executive,Male,B.Sc,Workforce restructuring,Kerala,Analytics,Employee_2280,1562423,IT,3.6,WFO,MGR1029,15,14,Medium,2020,4,Experienced
1362,EMP102307,2024,Swiggy,Financial Analyst,Non-binary,CA,Role redundancy,Gujarat,Finance,Employee_2308,2113392,Finance,4.4,Remote,MGR1057,65,16,High,2016,8,Experienced
1363,EMP102367,2024,PhonePe,Customer Success Executive,Male,MBA,Market demand decline,Haryana,Customer Support,Employee_2368,1472915,Support,2.3,WFO,MGR1117,0,25,High,2024,0,Fresher
1364,EMP102374,2024,Wipro,Operations Manager,Female,M.Com,Business slowdown,Telangana,Operations,Employee_2375,1315674,Sales,2.7,Hybrid,MGR1124,40,19,Low,2017,7,Experienced
1365,EMP102397,2024,Cult.fit,Business Development Executive,Non-binary,B.Tech,Market demand decline,Kerala,Sales,Employee_2398,697192,Operations,3.8,Hybrid,MGR1147,70,9,High,2017,7,Experienced
1366,EMP102514,2024,Google,Facilities Executive,Female,M.Tech,Automation adoption,Rajasthan,Administration,Employee_2515,1605138,Sales,4.9,WFO,MGR1114,10,48,Medium,2022,2,Experienced
1367,EMP102533,2024,ShareChat,Customer Success Executive,Non-binary,B.E.,Automation adoption,Maharashtra,Customer Support,Employee_2534,1717779,Marketing,2.8,WFO,MGR1133,75,29,Low,2015,9,Experienced
1368,EMP102572,2024,Ola,Operations Manager,Male,Diploma,Business slowdown,Tamil Nadu,Operations,Employee_2573,684625,Sales,2.8,Hybrid,MGR1022,61,16,Medium,2019,5,Experienced
1369,EMP102649,2024,Infosys,Finance Executive,Female,B.Tech,Workforce restructuring,Kerala,Finance,Employee_2650,2128827,Support,3.1,Hybrid,MGR1099,18,55,Low,2021,3,Experienced
1370,EMP102655,2024,Paytm,UX Designer,Female,B.Sc,Workforce restructuring,Madhya Pradesh,Product,Employee_2656,2003623,Operations,5.0,Hybrid,MGR1105,6,2,Low,2019,5,Experienced
1371,EMP102690,2024,Microsoft,Product Analyst,Male,B.Tech,Market demand decline,Telangana,Product,Employee_2691,252243,Sales,4.4,Remote,MGR1140,15,52,Low,2021,3,Experienced
1372,EMP102698,2024,Swiggy,Operations Analyst,Male,M.Com,Project closure,West Bengal,Operations,Employee_2699,1039181,Sales,4.8,WFO,MGR1148,61,41,High,2021,3,Experienced
1373,EMP102705,2024,Deloitte,Product Manager,Male,B.Sc,Workforce restructuring,Rajasthan,Product,Employee_2706,1751735,Finance,3.7,Hybrid,MGR1005,4,41,High,2022,2,Experienced
1374,EMP102740,2024,Byju's,Admin Executive,Non-binary,B.E.,Financial pressure,Punjab,Sales,Employee_2741,2182015,Finance,4.9,Remote,MGR1040,75,30,Medium,2022,2,Experienced
1375,EMP102753,2024,Ola Electric,Admin Executive,Female,MBA,Role redundancy,Kerala,Administration,Employee_2754,2121428,Sales,3.5,WFO,MGR1053,61,49,High,2021,3,Experienced
1376,EMP102784,2024,Google,Customer Support Executive,Male,M.Tech,Performance review,Rajasthan,Customer Support,Employee_2785,1357218,Support,2.9,Remote,MGR1084,60,39,High,2015,9,Experienced
1377,EMP102794,2024,Unacademy,Office Administrator,Female,M.Com,Financial pressure,Maharashtra,Administration,Employee_2795,1310967,IT,2.5,Remote,MGR1094,39,34,High,2021,3,Experienced
1378,EMP102856,2024,TCS,Product Designer,Female,CA,Workforce restructuring,Madhya Pradesh,Product,Employee_2857,543162,Sales,2.4,Remote,MGR1006,25,29,Low,2023,1,Experienced
1379,EMP102955,2024,Amazon,Marketing Executive,Male,MBA,Automation adoption,Tamil Nadu,Marketing,Employee_2956,1336808,Sales,2.9,Hybrid,MGR1105,2,49,Medium,2022,2,Experienced
1380,EMP102979,2024,Cult.fit,HR Business Partner,Male,MBA,Performance review,Andhra Pradesh,Human Resources,Employee_2980,1177196,Marketing,3.5,Remote,MGR1129,30,3,High,2016,8,Experienced
1381,EMP102983,2024,Ola Electric,Data Scientist,Male,MBA,Performance review,Rajasthan,Analytics,Employee_2984,1045961,Operations,2.7,Remote,MGR1133,23,46,Medium,2024,0,Fresher
1382,EMP103002,2024,Google,MIS Executive,Male,BBA,Role redundancy,Haryana,Analytics,Employee_3003,2183431,Sales,2.1,Hybrid,MGR1002,69,27,Low,2015,9,Experienced
1383,EMP103019,2024,Unacademy,Finance Executive,Non-binary,M.Tech,Cost reduction,Maharashtra,Finance,Employee_3020,485149,Marketing,2.2,Remote,MGR1019,14,6,Low,2017,7,Experienced
1384,EMP103048,2024,Ola Electric,Office Administrator,Non-binary,CA,Role redundancy,Punjab,Administration,Employee_3049,1089400,IT,3.5,WFO,MGR1048,13,57,Medium,2019,5,Experienced
1385,EMP103140,2024,Ola Electric,Content Manager,Female,B.E.,Project closure,Andhra Pradesh,Marketing,Employee_3141,1090699,HR,3.9,WFO,MGR1140,51,26,High,2023,1,Experienced
1386,EMP103147,2024,Cult.fit,Account Manager,Non-binary,B.Sc,Workforce restructuring,Odisha,Sales,Employee_3148,294421,HR,2.9,Hybrid,MGR1147,57,31,Low,2024,0,Fresher
1387,EMP103245,2024,Byju's,Technical Support Executive,Female,BCA,Business restructuring,Odisha,Customer Support,Employee_3246,779260,IT,2.7,WFO,MGR1095,20,51,Low,2018,6,Experienced
1388,EMP103251,2024,Accenture,Office Administrator,Female,CA,Role redundancy,Karnataka,Administration,Employee_3252,2036732,IT,4.8,Remote,MGR1101,22,57,High,2020,4,Experienced
1389,EMP103261,2024,Infosys,Facilities Executive,Non-binary,B.Sc,Market demand decline,Uttar Pradesh,Administration,Employee_3262,1908195,Finance,2.9,WFO,MGR1111,22,59,High,2024,0,Fresher
1390,EMP103267,2024,Udaan,Support Analyst,Non-binary,B.Sc,Role redundancy,Telangana,Customer Support,Employee_3268,1351636,Support,2.3,Hybrid,MGR1117,25,43,Medium,2019,5,Experienced
1391,EMP103297,2024,Microsoft,Marketing Executive,Male,CA,Project closure,Uttar Pradesh,Marketing,Employee_3298,1379245,Support,2.4,Remote,MGR1147,36,58,Low,2016,8,Experienced
1392,EMP103329,2024,Paytm,DevOps Engineer,Male,MCA,Business restructuring,Karnataka,Engineering,Employee_3330,1297882,Marketing,3.9,Hybrid,MGR1029,79,58,Medium,2022,2,Experienced
1393,EMP103331,2024,Deloitte,Admin Executive,Non-binary,B.Tech,Workforce restructuring,Andhra Pradesh,Customer Support,Employee_3332,1265179,Marketing,4.1,WFO,MGR1031,34,8,Low,2023,1,Experienced
1394,EMP103344,2024,Deloitte,Finance Executive,Male,B.E.,Market demand decline,Kerala,Finance,Employee_3345,493596,Support,4.6,Hybrid,MGR1044,31,29,Medium,2023,1,Experienced
1395,EMP103397,2024,PhonePe,Finance Executive,Female,B.E.,Business slowdown,Uttar Pradesh,Finance,Employee_3398,1325010,Sales,4.9,WFO,MGR1097,37,59,Low,2023,1,Experienced
1396,EMP103453,2024,Google,Office Administrator,Male,B.E.,Business slowdown,Rajasthan,Administration,Employee_3454,1967420,Sales,3.0,WFO,MGR1003,53,53,High,2017,7,Experienced
1397,EMP103468,2024,PhonePe,Talent Acquisition Specialist,Female,B.E.,Role redundancy,Kerala,Human Resources,Employee_3469,1831660,HR,2.7,Remote,MGR1018,9,5,Low,2017,7,Experienced
1398,EMP103471,2024,Wipro,UX Designer,Male,CA,Role redundancy,Maharashtra,Product,Employee_3472,874122,Finance,3.9,Hybrid,MGR1021,23,11,Medium,2019,5,Experienced
1399,EMP103482,2024,Ola,Accountant,Male,BCA,Role redundancy,Punjab,Finance,Employee_3483,1798458,Support,3.9,WFO,MGR1032,69,48,Medium,2017,7,Experienced
1400,EMP103496,2024,Paytm,UX Designer,Male,BCA,Workforce restructuring,Haryana,Product,Employee_3497,2022369,Operations,4.5,WFO,MGR1046,42,26,Low,2020,4,Experienced
1401,EMP103498,2024,Udaan,Reporting Analyst,Non-binary,CA,Market demand decline,Karnataka,Analytics,Employee_3499,1052861,Sales,4.6,Hybrid,MGR1048,50,46,High,2023,1,Experienced
1402,EMP103510,2024,PhonePe,Tech Lead,Male,M.Com,Business restructuring,Gujarat,Engineering,Employee_3511,1225401,Support,3.2,WFO,MGR1060,45,49,Medium,2023,1,Experienced
1403,EMP103536,2024,Amazon,Growth Manager,Non-binary,B.E.,Business slowdown,Haryana,Marketing,Employee_3537,2192266,Support,3.4,Remote,MGR1086,43,0,Medium,2016,8,Experienced
1404,EMP103577,2024,Udaan,Sales Manager,Non-binary,B.E.,Performance review,Tamil Nadu,Sales,Employee_3578,1427403,Finance,3.1,Hybrid,MGR1127,72,1,Low,2018,6,Experienced
1405,EMP103580,2024,Deloitte,BI Analyst,Male,CA,Business restructuring,Rajasthan,Analytics,Employee_3581,276506,Support,2.7,Hybrid,MGR1130,28,12,Low,2017,7,Experienced
1406,EMP103587,2024,Deloitte,Digital Marketing Specialist,Male,MCA,Market demand decline,Maharashtra,Marketing,Employee_3588,903851,Support,3.5,Hybrid,MGR1137,4,10,Low,2017,7,Experienced
1407,EMP103606,2024,PhonePe,Senior Software Engineer,Male,BCA,Business slowdown,Kerala,Engineering,Employee_3607,2051480,Marketing,3.6,Remote,MGR1006,28,49,Medium,2015,9,Experienced
1408,EMP103691,2024,PhonePe,Inside Sales Executive,Non-binary,M.Tech,Performance review,Telangana,Sales,Employee_3692,2137769,Marketing,5.0,Hybrid,MGR1091,76,43,High,2018,6,Experienced
1409,EMP103705,2024,PhonePe,Product Analyst,Female,CA,Workforce restructuring,Tamil Nadu,Product,Employee_3706,2096961,Operations,2.5,Remote,MGR1105,31,4,High,2015,9,Experienced
1410,EMP103706,2024,Flipkart,BI Analyst,Non-binary,MCA,Project closure,Madhya Pradesh,Analytics,Employee_3707,545807,Support,3.1,Hybrid,MGR1106,29,21,High,2020,4,Experienced
1411,EMP103712,2024,Google,MIS Executive,Female,Diploma,Automation adoption,Rajasthan,Analytics,Employee_3713,1179798,Sales,2.2,Remote,MGR1112,75,8,Low,2017,7,Experienced
1412,EMP103782,2024,Deloitte,Tech Lead,Female,MBA,Workforce restructuring,Maharashtra,Engineering,Employee_3783,807268,Marketing,2.1,Remote,MGR1032,61,4,Medium,2022,2,Experienced
1413,EMP103895,2024,Infosys,Backend Developer,Female,CA,Role redundancy,Rajasthan,Engineering,Employee_3896,367495,HR,2.0,Hybrid,MGR1145,16,14,Medium,2024,0,Fresher
1414,EMP103984,2024,Wipro,Operations Manager,Female,BBA,Performance review,Punjab,Operations,Employee_3985,1046616,Operations,2.5,WFO,MGR1084,14,25,Low,2021,3,Experienced
1415,EMP104074,2024,Paytm,Operations Analyst,Female,M.Com,Cost reduction,Punjab,Operations,Employee_4075,941146,HR,2.0,WFO,MGR1024,78,10,High,2018,6,Experienced
1416,EMP104142,2024,Accenture,Risk Analyst,Non-binary,MBA,Financial pressure,Odisha,Finance,Employee_4143,1426974,Finance,3.0,Remote,MGR1092,52,24,High,2016,8,Experienced
1417,EMP104171,2024,TCS,Sales Manager,Male,BCA,Business restructuring,Andhra Pradesh,Sales,Employee_4172,2149223,Marketing,3.9,Hybrid,MGR1121,14,25,Medium,2017,7,Experienced
1418,EMP104183,2024,Ola,Facilities Executive,Male,CA,Performance review,Haryana,Administration,Employee_4184,1391622,Sales,4.3,Hybrid,MGR1133,38,32,Low,2020,4,Experienced
1419,EMP104194,2024,Google,Product Analyst,Male,MCA,Business restructuring,Telangana,Product,Employee_4195,1491759,Marketing,2.1,Remote,MGR1144,49,24,High,2019,5,Experienced
1420,EMP104236,2024,Meesho,Talent Acquisition Specialist,Male,B.E.,Financial pressure,Punjab,Human Resources,Employee_4237,2196164,Operations,2.4,Hybrid,MGR1036,62,39,Medium,2017,7,Experienced
1421,EMP104239,2024,Unacademy,Office Administrator,Male,BBA,Financial pressure,Kerala,Administration,Employee_4240,650584,Sales,3.3,Hybrid,MGR1039,18,44,Medium,2021,3,Experienced
1422,EMP104290,2024,Unacademy,Backend Developer,Non-binary,M.Tech,Performance review,Uttar Pradesh,Engineering,Employee_4291,1011144,IT,3.4,Hybrid,MGR1090,33,35,Low,2020,4,Experienced
1423,EMP104304,2024,Ola,Business Analyst,Male,M.Com,Automation adoption,West Bengal,Analytics,Employee_4305,617733,Sales,2.1,Hybrid,MGR1104,68,14,Medium,2021,3,Experienced
1424,EMP104358,2024,PhonePe,Operations Analyst,Female,B.Tech,Financial pressure,Haryana,Operations,Employee_4359,1451363,Support,4.5,Remote,MGR1008,16,53,Medium,2022,2,Experienced
1425,EMP104450,2024,Flipkart,Talent Acquisition Specialist,Male,M.Com,Role redundancy,Maharashtra,Human Resources,Employee_4451,911106,Sales,2.8,Remote,MGR1100,48,28,High,2019,5,Experienced
1426,EMP104466,2024,Ola,Product Analyst,Female,B.E.,Cost reduction,Odisha,Product,Employee_4467,1662976,HR,4.3,WFO,MGR1116,52,1,Low,2015,9,Experienced
1427,EMP104474,2024,Deloitte,Accountant,Male,MBA,Financial pressure,Madhya Pradesh,Finance,Employee_4475,731920,Finance,3.4,Hybrid,MGR1124,59,0,Low,2023,1,Experienced
1428,EMP104495,2024,Paytm,Talent Acquisition Specialist,Non-binary,CA,Cost reduction,Telangana,Human Resources,Employee_4496,641171,HR,3.7,Hybrid,MGR1145,23,42,Medium,2019,5,Experienced
1429,EMP104496,2024,Wipro,Technical Support Executive,Non-binary,Diploma,Business slowdown,Punjab,Customer Support,Employee_4497,1736702,Operations,4.3,Hybrid,MGR1146,7,3,High,2015,9,Experienced
1430,EMP104507,2024,Infosys,Financial Analyst,Male,BBA,Project closure,Punjab,Finance,Employee_4508,1235692,Finance,2.3,WFO,MGR1007,20,46,High,2016,8,Experienced
1431,EMP104516,2024,Cult.fit,HR Business Partner,Male,CA,Automation adoption,Andhra Pradesh,Human Resources,Employee_4517,980336,HR,3.9,WFO,MGR1016,6,1,Low,2015,9,Experienced
1432,EMP100069,2024,Ola,Technical Support Executive,Female,B.E.,Business slowdown,Odisha,Customer Support,Employee_70,660897,Sales,4.6,Remote,MGR1069,75,44,Medium,2015,9,Experienced
1433,EMP100121,2024,Meesho,Sales Manager,Male,CA,Business slowdown,Telangana,Sales,Employee_122,1056532,Operations,2.8,Remote,MGR1121,11,52,High,2017,7,Experienced
1434,EMP100130,2024,Meesho,Support Analyst,Male,CA,Workforce restructuring,West Bengal,Customer Support,Employee_131,299986,Support,4.0,Hybrid,MGR1130,29,49,Medium,2016,8,Experienced
1435,EMP100158,2024,Udaan,Financial Analyst,Non-binary,B.Sc,Automation adoption,Madhya Pradesh,Finance,Employee_159,1665808,Finance,4.6,Remote,MGR1008,78,15,Low,2023,1,Experienced
1436,EMP100163,2024,Accenture,Customer Support Executive,Non-binary,M.Com,Performance review,Madhya Pradesh,Customer Support,Employee_164,1962790,IT,3.0,Remote,MGR1013,11,24,High,2018,6,Experienced
1437,EMP100166,2024,ShareChat,Customer Success Executive,Male,B.Sc,Market demand decline,Haryana,Customer Support,Employee_167,1851193,Support,4.7,WFO,MGR1016,56,55,Low,2016,8,Experienced
1438,EMP100203,2024,Deloitte,Recruiter,Non-binary,MBA,Automation adoption,Madhya Pradesh,Human Resources,Employee_204,552593,Finance,3.4,Remote,MGR1053,50,8,High,2020,4,Experienced
1439,EMP100223,2024,Meesho,HR Executive,Non-binary,B.Tech,Business restructuring,Odisha,Human Resources,Employee_224,1242056,HR,3.9,Remote,MGR1073,13,19,High,2021,3,Experienced
1440,EMP100315,2024,Accenture,Facilities Executive,Male,BBA,Business restructuring,Maharashtra,Administration,Employee_316,833171,HR,2.4,Hybrid,MGR1015,34,34,High,2017,7,Experienced
1441,EMP100441,2024,Infosys,Growth Manager,Male,BBA,Workforce restructuring,Tamil Nadu,Marketing,Employee_442,1613966,IT,2.4,Remote,MGR1141,47,19,Low,2022,2,Experienced
1442,EMP100469,2024,Infosys,Office Administrator,Female,M.Com,Role redundancy,Uttar Pradesh,Administration,Employee_470,1955095,Operations,3.0,WFO,MGR1019,55,2,Medium,2024,0,Fresher
1443,EMP100498,2024,Wipro,Product Designer,Female,M.Com,Cost reduction,Gujarat,Product,Employee_499,1506755,Finance,4.6,Hybrid,MGR1048,59,39,Medium,2017,7,Experienced
1444,EMP100563,2024,Cult.fit,Support Analyst,Female,MBA,Role redundancy,Maharashtra,Customer Support,Employee_564,1994000,Sales,4.6,WFO,MGR1113,64,35,High,2021,3,Experienced
1445,EMP100617,2024,Ola Electric,Customer Support Executive,Non-binary,B.Tech,Workforce restructuring,Maharashtra,Customer Support,Employee_618,927228,Sales,3.2,Remote,MGR1017,54,55,Low,2021,3,Experienced
1446,EMP100653,2024,Microsoft,Reporting Analyst,Non-binary,M.Tech,Business restructuring,Karnataka,Analytics,Employee_654,2171123,Finance,4.2,Remote,MGR1053,51,34,Low,2017,7,Experienced
1447,EMP100681,2024,Microsoft,Tech Lead,Male,MBA,Workforce restructuring,Delhi,Engineering,Employee_682,1981333,HR,3.3,Hybrid,MGR1081,67,18,Low,2024,0,Fresher
1448,EMP100703,2024,Byju's,Tech Lead,Male,MCA,Workforce restructuring,Telangana,Engineering,Employee_704,1236649,Support,3.0,WFO,MGR1103,71,14,Medium,2024,0,Fresher
1449,EMP100743,2024,Unacademy,Senior Software Engineer,Non-binary,M.Com,Automation adoption,Uttar Pradesh,Engineering,Employee_744,440039,Operations,2.6,Remote,MGR1143,58,10,Medium,2015,9,Experienced
1450,EMP100773,2024,Amazon,Account Manager,Non-binary,MCA,Cost reduction,Telangana,Sales,Employee_774,818220,Operations,3.7,WFO,MGR1023,13,26,Low,2017,7,Experienced
1451,EMP100810,2024,Microsoft,HR Executive,Female,BCA,Role redundancy,Andhra Pradesh,Human Resources,Employee_811,2124066,IT,2.3,WFO,MGR1060,5,33,Low,2022,2,Experienced
1452,EMP100823,2024,Paytm,Customer Success Executive,Non-binary,BCA,Cost reduction,Telangana,Customer Support,Employee_824,1879118,Marketing,2.3,WFO,MGR1073,60,57,Medium,2020,4,Experienced
1453,EMP100825,2024,Deloitte,Process Associate,Non-binary,B.Tech,Cost reduction,Haryana,Operations,Employee_826,585672,HR,3.5,Hybrid,MGR1075,12,44,Medium,2018,6,Experienced
1454,EMP100863,2024,Meesho,Account Manager,Female,Diploma,Project closure,Delhi,Sales,Employee_864,423850,Sales,3.9,Hybrid,MGR1113,0,5,High,2017,7,Experienced
1455,EMP100887,2024,Paytm,Talent Acquisition Specialist,Male,M.Tech,Financial pressure,Gujarat,Human Resources,Employee_888,1348189,Operations,2.5,Hybrid,MGR1137,14,19,Medium,2020,4,Experienced
1456,EMP100910,2024,Cult.fit,Operations Manager,Male,B.Tech,Workforce restructuring,Uttar Pradesh,Operations,Employee_911,1280363,Finance,2.1,Hybrid,MGR1010,19,51,High,2018,6,Experienced
1457,EMP100930,2024,Flipkart,Talent Acquisition Specialist,Female,B.Sc,Business slowdown,Odisha,Human Resources,Employee_931,1596345,Operations,3.7,WFO,MGR1030,67,40,Medium,2022,2,Experienced
1458,EMP100941,2024,Ola,Software Engineer,Non-binary,MBA,Workforce restructuring,Delhi,Engineering,Employee_942,1047217,Marketing,3.2,Remote,MGR1041,53,38,High,2019,5,Experienced
1459,EMP101059,2024,Wipro,Customer Success Executive,Non-binary,Diploma,Business slowdown,Gujarat,Customer Support,Employee_1060,696184,HR,4.6,Remote,MGR1009,68,30,Low,2022,2,Experienced
1460,EMP101079,2024,ShareChat,Operations Analyst,Female,MCA,Role redundancy,Punjab,Operations,Employee_1080,1442403,Finance,2.9,Remote,MGR1029,79,8,Low,2016,8,Experienced
1461,EMP101183,2024,Wipro,Product Designer,Non-binary,B.Sc,Financial pressure,Punjab,Product,Employee_1184,1028699,Marketing,2.6,WFO,MGR1133,78,9,High,2015,9,Experienced
1462,EMP101186,2024,Paytm,Financial Analyst,Female,B.Tech,Project closure,Odisha,Finance,Employee_1187,261570,HR,3.4,Remote,MGR1136,3,43,Medium,2022,2,Experienced
1463,EMP101196,2024,Amazon,Frontend Developer,Female,BCA,Cost reduction,Andhra Pradesh,Engineering,Employee_1197,267784,Support,2.2,WFO,MGR1146,56,7,High,2022,2,Experienced
1464,EMP101213,2024,Byju's,Frontend Developer,Male,BBA,Business slowdown,Karnataka,Engineering,Employee_1214,1405973,Operations,3.8,Remote,MGR1013,42,33,High,2016,8,Experienced
1465,EMP101222,2024,Microsoft,Recruiter,Non-binary,MBA,Project closure,Telangana,Human Resources,Employee_1223,1301928,Finance,2.8,WFO,MGR1022,2,10,Low,2024,0,Fresher
1466,EMP101295,2024,Ola Electric,Account Manager,Male,B.Sc,Performance review,Kerala,Sales,Employee_1296,1160428,IT,2.8,WFO,MGR1095,70,55,High,2018,6,Experienced
1467,EMP101360,2024,Infosys,UX Designer,Male,MCA,Role redundancy,Punjab,Product,Employee_1361,1343137,HR,3.4,WFO,MGR1010,8,9,Low,2016,8,Experienced
1468,EMP101391,2024,TCS,Product Manager,Male,M.Com,Workforce restructuring,Punjab,Product,Employee_1392,1480674,HR,2.3,Hybrid,MGR1041,20,14,High,2023,1,Experienced
1469,EMP101395,2024,Deloitte,Talent Acquisition Specialist,Non-binary,CA,Market demand decline,West Bengal,Human Resources,Employee_1396,1390464,IT,2.6,Remote,MGR1045,5,27,Low,2016,8,Experienced
1470,EMP101430,2024,Ola,HR Executive,Non-binary,BBA,Automation adoption,Maharashtra,Human Resources,Employee_1431,1597519,Sales,3.8,Remote,MGR1080,44,48,Medium,2022,2,Experienced
1471,EMP101488,2024,Microsoft,Growth Manager,Non-binary,BBA,Market demand decline,Maharashtra,Marketing,Employee_1489,1790803,IT,2.6,Remote,MGR1138,7,25,High,2023,1,Experienced
1472,EMP101531,2024,Accenture,Financial Analyst,Male,MBA,Financial pressure,Andhra Pradesh,Finance,Employee_1532,2122857,HR,4.1,Hybrid,MGR1031,57,2,High,2016,8,Experienced
1473,EMP101591,2024,Swiggy,Growth Manager,Female,CA,Market demand decline,Andhra Pradesh,Marketing,Employee_1592,774600,Sales,3.7,Remote,MGR1091,44,45,Medium,2024,0,Fresher
1474,EMP101732,2024,TCS,Risk Analyst,Male,M.Tech,Project closure,Telangana,Finance,Employee_1733,574584,Support,3.1,Remote,MGR1082,57,58,Low,2024,0,Fresher
1475,EMP101738,2024,Cult.fit,Data Scientist,Non-binary,Diploma,Project closure,Andhra Pradesh,Analytics,Employee_1739,268634,IT,2.0,Hybrid,MGR1088,9,18,High,2017,7,Experienced
1476,EMP101743,2024,Byju's,Software Developer,Male,CA,Financial pressure,Karnataka,Engineering,Employee_1744,2049911,Support,2.3,WFO,MGR1093,52,45,Low,2023,1,Experienced
1477,EMP101763,2024,Swiggy,Office Administrator,Female,MCA,Workforce restructuring,Telangana,Administration,Employee_1764,652747,Finance,4.9,WFO,MGR1113,6,23,High,2020,4,Experienced
1478,EMP101789,2024,Wipro,Operations Analyst,Female,B.E.,Business restructuring,Punjab,Operations,Employee_1790,1597590,IT,2.2,WFO,MGR1139,13,25,Low,2022,2,Experienced
1479,EMP101873,2024,Infosys,Customer Success Executive,Male,BBA,Financial pressure,Karnataka,Customer Support,Employee_1874,610695,IT,4.0,Hybrid,MGR1073,43,5,High,2020,4,Experienced
1480,EMP101881,2024,Infosys,Product Manager,Male,B.Sc,Automation adoption,Delhi,Product,Employee_1882,1207607,Sales,3.4,Hybrid,MGR1081,61,14,Low,2019,5,Experienced
1481,EMP101917,2024,Ola Electric,Inside Sales Executive,Non-binary,MBA,Cost reduction,Telangana,Sales,Employee_1918,1316916,Sales,4.4,Hybrid,MGR1117,15,59,Medium,2015,9,Experienced
1482,EMP102026,2024,Swiggy,Office Administrator,Female,MCA,Workforce restructuring,Telangana,Administration,Employee_2027,864990,Support,3.1,Hybrid,MGR1076,76,17,Medium,2020,4,Experienced
1483,EMP102060,2024,Ola,Digital Marketing Specialist,Male,BBA,Workforce restructuring,Kerala,Marketing,Employee_2061,750268,IT,4.8,WFO,MGR1110,77,15,Low,2023,1,Experienced
1484,EMP102086,2024,Paytm,HR Business Partner,Non-binary,MCA,Automation adoption,Telangana,Human Resources,Employee_2087,2093967,Finance,2.8,Hybrid,MGR1136,45,8,High,2015,9,Experienced
1485,EMP102123,2024,Byju's,Technical Support Executive,Female,M.Tech,Performance review,Delhi,Customer Support,Employee_2124,784841,Finance,4.4,WFO,MGR1023,19,52,Medium,2015,9,Experienced
1486,EMP102126,2024,Flipkart,Sales Executive,Male,M.Tech,Workforce restructuring,Uttar Pradesh,Sales,Employee_2127,1591380,Sales,4.8,Remote,MGR1026,42,41,Medium,2022,2,Experienced
1487,EMP102178,2024,Google,Marketing Executive,Male,B.Sc,Project closure,Gujarat,Marketing,Employee_2179,1797500,Marketing,2.2,Hybrid,MGR1078,22,4,Medium,2021,3,Experienced
1488,EMP102217,2024,Unacademy,HR Business Partner,Male,B.Tech,Performance review,Uttar Pradesh,Human Resources,Employee_2218,640557,Finance,4.3,Remote,MGR1117,22,33,Low,2020,4,Experienced
1489,EMP102232,2024,Unacademy,Software Engineer,Female,M.Com,Business restructuring,Uttar Pradesh,Engineering,Employee_2233,962681,Sales,2.9,WFO,MGR1132,22,29,Low,2023,1,Experienced
1490,EMP102236,2024,Google,Data Analyst,Female,MCA,Performance review,Tamil Nadu,Analytics,Employee_2237,806139,HR,2.5,Hybrid,MGR1136,72,20,Low,2016,8,Experienced
1491,EMP102239,2024,Cult.fit,Marketing Executive,Non-binary,MCA,Financial pressure,West Bengal,Marketing,Employee_2240,1645896,IT,3.9,WFO,MGR1139,48,13,Low,2018,6,Experienced
1492,EMP102269,2024,Unacademy,Product Manager,Female,CA,Project closure,Gujarat,Product,Employee_2270,1448582,HR,3.7,WFO,MGR1019,48,16,High,2024,0,Fresher
1493,EMP102423,2024,Paytm,Finance Executive,Non-binary,Diploma,Business slowdown,Uttar Pradesh,Finance,Employee_2424,1463078,Marketing,2.7,Hybrid,MGR1023,38,19,Medium,2018,6,Experienced
1494,EMP102425,2024,Accenture,Talent Acquisition Specialist,Non-binary,M.Tech,Business restructuring,West Bengal,Human Resources,Employee_2426,1235912,Finance,4.2,WFO,MGR1025,42,17,High,2015,9,Experienced
1495,EMP102436,2024,Udaan,Digital Marketing Specialist,Non-binary,BBA,Workforce restructuring,Haryana,Marketing,Employee_2437,518086,Support,3.0,Remote,MGR1036,21,11,Medium,2024,0,Fresher
1496,EMP102455,2024,Flipkart,Technical Support Executive,Non-binary,MBA,Market demand decline,Andhra Pradesh,Customer Support,Employee_2456,1085602,Finance,2.2,Remote,MGR1055,59,19,Medium,2017,7,Experienced
1497,EMP102477,2024,Unacademy,Financial Analyst,Non-binary,CA,Business restructuring,Delhi,Finance,Employee_2478,648825,Marketing,2.1,Hybrid,MGR1077,0,57,Medium,2017,7,Experienced
1498,EMP102497,2024,Unacademy,Senior Software Engineer,Non-binary,BCA,Cost reduction,Gujarat,Engineering,Employee_2498,974703,Sales,4.3,WFO,MGR1097,39,26,Low,2016,8,Experienced
1499,EMP102548,2024,Amazon,Inside Sales Executive,Male,B.Tech,Market demand decline,Maharashtra,Sales,Employee_2549,1062349,Support,3.0,WFO,MGR1148,74,54,Low,2024,0,Fresher
1500,EMP102633,2024,Amazon,Customer Support Executive,Male,CA,Workforce restructuring,Tamil Nadu,Customer Support,Employee_2634,334118,Support,4.4,WFO,MGR1083,4,56,High,2018,6,Experienced
1501,EMP102647,2024,Infosys,HR Business Partner,Non-binary,B.E.,Cost reduction,Kerala,Human Resources,Employee_2648,570058,Operations,4.9,Hybrid,MGR1097,21,44,Low,2024,0,Fresher
1502,EMP102780,2024,Paytm,Customer Support Executive,Non-binary,BBA,Automation adoption,Telangana,Customer Support,Employee_2781,1097051,Marketing,2.3,Remote,MGR1080,73,12,Medium,2018,6,Experienced
1503,EMP102787,2024,Flipkart,Sales Manager,Non-binary,M.Com,Financial pressure,Rajasthan,Sales,Employee_2788,2134541,Marketing,2.0,WFO,MGR1087,16,15,Medium,2020,4,Experienced
1504,EMP102903,2024,Udaan,Product Analyst,Male,CA,Cost reduction,Kerala,Product,Employee_2904,1246976,Finance,3.6,Remote,MGR1053,19,14,Medium,2024,0,Fresher
1505,EMP102918,2024,Paytm,Growth Manager,Female,B.Sc,Workforce restructuring,Odisha,Marketing,Employee_2919,1587127,Finance,4.8,Hybrid,MGR1068,0,7,High,2024,0,Fresher
1506,EMP102953,2024,Amazon,Inside Sales Executive,Male,B.Tech,Market demand decline,Maharashtra,Sales,Employee_2954,483492,Marketing,4.7,Hybrid,MGR1103,1,52,Low,2017,7,Experienced
1507,EMP103111,2024,Deloitte,Product Designer,Male,B.Tech,Financial pressure,Gujarat,Product,Employee_3112,2089260,Support,4.8,Remote,MGR1111,29,45,Low,2015,9,Experienced
1508,EMP103258,2024,Udaan,Financial Analyst,Non-binary,B.Sc,Automation adoption,Madhya Pradesh,Finance,Employee_3259,2093293,HR,3.4,Hybrid,MGR1108,12,29,Medium,2021,3,Experienced
1509,EMP103272,2024,Microsoft,Admin Executive,Male,B.Tech,Performance review,West Bengal,Administration,Employee_3273,1408131,Marketing,4.7,WFO,MGR1122,13,21,Low,2019,5,Experienced
1510,EMP103336,2024,Byju's,Talent Acquisition Specialist,Non-binary,MBA,Cost reduction,Karnataka,Human Resources,Employee_3337,1848925,Marketing,2.2,WFO,MGR1036,59,22,High,2020,4,Experienced
1511,EMP103358,2024,Flipkart,Risk Analyst,Male,M.Com,Role redundancy,Kerala,Finance,Employee_3359,626593,Marketing,2.6,WFO,MGR1058,59,21,Low,2023,1,Experienced
1512,EMP103372,2024,Deloitte,Admin Executive,Male,M.Com,Market demand decline,Haryana,Administration,Employee_3373,1987469,Operations,4.2,Remote,MGR1072,56,45,High,2022,2,Experienced
1513,EMP103415,2024,Meesho,DevOps Engineer,Male,B.Sc,Business slowdown,Gujarat,Engineering,Employee_3416,937407,IT,3.6,Remote,MGR1115,45,0,High,2023,1,Experienced
1514,EMP103445,2024,Meesho,Customer Support Executive,Non-binary,B.Sc,Automation adoption,Odisha,Customer Support,Employee_3446,402822,IT,4.9,WFO,MGR1145,44,7,Low,2020,4,Experienced
1515,EMP103460,2024,Swiggy,Admin Executive,Male,B.Sc,Financial pressure,Rajasthan,Administration,Employee_3461,1531057,Support,2.2,Remote,MGR1010,27,48,Medium,2015,9,Experienced
1516,EMP103511,2024,Ola Electric,Sales Manager,Male,M.Com,Performance review,Madhya Pradesh,Sales,Employee_3512,353588,Support,4.4,WFO,MGR1061,17,17,Low,2024,0,Fresher
1517,EMP103514,2024,Amazon,Operations Executive,Male,MBA,Automation adoption,Punjab,Operations,Employee_3515,760775,IT,2.7,WFO,MGR1064,51,39,High,2015,9,Experienced
1518,EMP103542,2024,Swiggy,MIS Executive,Male,CA,Business slowdown,Uttar Pradesh,Analytics,Employee_3543,1728402,HR,4.0,Hybrid,MGR1092,38,52,Low,2020,4,Experienced
1519,EMP103591,2024,Ola Electric,Risk Analyst,Non-binary,BCA,Market demand decline,Karnataka,Finance,Employee_3592,1916288,IT,3.3,WFO,MGR1141,79,21,Low,2024,0,Fresher
1520,EMP103626,2024,Byju's,Customer Support Executive,Non-binary,BBA,Workforce restructuring,Andhra Pradesh,Customer Support,Employee_3627,2155177,Finance,3.3,Remote,MGR1026,25,31,High,2023,1,Experienced
1521,EMP103658,2024,Swiggy,Data Scientist,Female,BCA,Performance review,Andhra Pradesh,Analytics,Employee_3659,1579461,Sales,2.9,WFO,MGR1058,43,22,Low,2022,2,Experienced
1522,EMP103720,2024,Wipro,Backend Developer,Male,M.Com,Cost reduction,Gujarat,Engineering,Employee_3721,724385,Sales,2.5,Hybrid,MGR1120,29,53,High,2020,4,Experienced
1523,EMP103721,2024,Udaan,Risk Analyst,Female,MCA,Workforce restructuring,Karnataka,Finance,Employee_3722,1396476,HR,3.7,Hybrid,MGR1121,17,35,Medium,2015,9,Experienced
1524,EMP103742,2024,Byju's,Digital Marketing Specialist,Male,M.Com,Financial pressure,Madhya Pradesh,Marketing,Employee_3743,1332396,IT,4.9,Hybrid,MGR1142,32,53,Medium,2015,9,Experienced
1525,EMP103807,2024,PhonePe,Frontend Developer,Non-binary,B.Tech,Business slowdown,Karnataka,Engineering,Employee_3808,995591,Sales,2.5,Hybrid,MGR1057,18,54,Low,2015,9,Experienced
1526,EMP103922,2024,Google,Product Analyst,Non-binary,M.Tech,Market demand decline,Kerala,Product,Employee_3923,1202400,Sales,3.6,Hybrid,MGR1022,30,29,Medium,2019,5,Experienced
1527,EMP103928,2024,ShareChat,Product Manager,Male,BBA,Automation adoption,Madhya Pradesh,Product,Employee_3929,619603,HR,2.6,Remote,MGR1028,59,20,Low,2018,6,Experienced
1528,EMP103973,2024,Paytm,Operations Executive,Non-binary,B.Tech,Financial pressure,Maharashtra,Operations,Employee_3974,1432012,IT,4.3,Hybrid,MGR1073,67,32,Low,2020,4,Experienced
1529,EMP103981,2024,Swiggy,Data Engineer,Non-binary,M.Com,Workforce restructuring,Punjab,Engineering,Employee_3982,318388,Support,3.8,Remote,MGR1081,2,55,Low,2020,4,Experienced
1530,EMP104104,2024,Byju's,HR Business Partner,Female,M.Tech,Cost reduction,Maharashtra,Human Resources,Employee_4105,751755,Marketing,2.9,Remote,MGR1054,30,44,Medium,2024,0,Fresher
1531,EMP104128,2024,Ola,Product Designer,Non-binary,M.Com,Performance review,Uttar Pradesh,Product,Employee_4129,1769895,Finance,4.0,Remote,MGR1078,6,59,Medium,2021,3,Experienced
1532,EMP104137,2024,Accenture,Data Scientist,Male,B.E.,Cost reduction,Uttar Pradesh,Analytics,Employee_4138,1439300,Finance,2.7,Remote,MGR1087,35,16,Medium,2018,6,Experienced
1533,EMP104146,2024,Flipkart,Digital Marketing Specialist,Female,B.Tech,Financial pressure,Rajasthan,Marketing,Employee_4147,575472,Sales,4.8,Hybrid,MGR1096,56,26,High,2021,3,Experienced
1534,EMP104157,2024,Paytm,BI Analyst,Male,BCA,Market demand decline,Odisha,Analytics,Employee_4158,491944,HR,3.7,Hybrid,MGR1107,48,18,Low,2024,0,Fresher
1535,EMP104206,2024,Ola,Software Engineer,Non-binary,M.Com,Role redundancy,Uttar Pradesh,Engineering,Employee_4207,509903,Marketing,4.5,WFO,MGR1006,36,5,High,2019,5,Experienced
1536,EMP104221,2024,Unacademy,Accountant,Non-binary,M.Tech,Business slowdown,Uttar Pradesh,Finance,Employee_4222,601397,Support,3.6,WFO,MGR1021,31,31,Low,2019,5,Experienced
1537,EMP104256,2024,TCS,Product Manager,Male,M.Com,Workforce restructuring,Punjab,Product,Employee_4257,1937203,HR,4.9,Remote,MGR1056,73,9,Low,2021,3,Experienced
1538,EMP104269,2024,Byju's,Sales Manager,Non-binary,CA,Market demand decline,Kerala,Sales,Employee_4270,704686,Sales,2.8,Remote,MGR1069,31,3,Low,2020,4,Experienced
1539,EMP104309,2024,Amazon,HR Executive,Non-binary,B.Tech,Business slowdown,Gujarat,Human Resources,Employee_4310,1753840,Operations,2.8,WFO,MGR1109,36,40,High,2017,7,Experienced
1540,EMP104392,2024,Microsoft,HR Executive,Non-binary,B.Tech,Business restructuring,Haryana,Human Resources,Employee_4393,790587,Operations,4.7,Hybrid,MGR1042,68,3,High,2016,8,Experienced
1541,EMP104486,2024,PhonePe,Growth Manager,Non-binary,B.Sc,Business restructuring,Kerala,Marketing,Employee_4487,1839995,Finance,4.2,WFO,MGR1136,30,55,Low,2016,8,Experienced
1542,EMP104504,2024,Amazon,Product Manager,Female,CA,Role redundancy,Odisha,Product,Employee_4505,1983572,Operations,3.6,WFO,MGR1004,46,24,Medium,2023,1,Experienced
1543,EMP104548,2024,Ola,Operations Manager,Female,M.Com,Business slowdown,West Bengal,Operations,Employee_4549,1641302,HR,4.4,Hybrid,MGR1048,23,58,Low,2023,1,Experienced
1544,EMP102428,2024,Unacademy,Support Analyst,Male,B.Tech,Automation adoption,Andhra Pradesh,Customer Support,Employee_2429,292885,Support,3.1,Remote,MGR1028,51,3,High,2019,5,Experienced
1545,EMP102830,2024,Wipro,Facilities Executive,Female,BBA,Role redundancy,Delhi,Administration,Employee_2831,2174637,Operations,2.2,WFO,MGR1130,38,26,Low,2019,5,Experienced
1546,EMP102875,2024,Google,Technical Support Executive,Non-binary,Diploma,Financial pressure,Odisha,Customer Support,Employee_2876,1134462,Marketing,2.0,WFO,MGR1025,79,53,High,2023,1,Experienced
1547,EMP103051,2024,Wipro,Data Scientist,Non-binary,M.Tech,Workforce restructuring,Gujarat,Analytics,Employee_3052,693941,Operations,4.2,Hybrid,MGR1051,24,10,Low,2020,4,Experienced
1548,EMP103625,2024,ShareChat,Recruiter,Non-binary,CA,Workforce restructuring,Tamil Nadu,Human Resources,Employee_3626,733068,Sales,3.8,WFO,MGR1025,44,19,High,2017,7,Experienced
1549,EMP103982,2024,Byju's,Admin Executive,Female,B.Sc,Project closure,Maharashtra,Administration,Employee_3983,1749211,Finance,2.6,Hybrid,MGR1082,77,27,High,2020,4,Experienced
1550,EMP104418,2024,Byju's,Finance Executive,Female,BCA,Role redundancy,Delhi,Finance,Employee_4419,379563,IT,3.8,Remote,MGR1068,78,8,High,2016,8,Experienced
1551,EMP100335,2025,Microsoft,Product Manager,Non-binary,MCA,Role redundancy,Odisha,Product,Employee_336,1751420,Support,4.6,WFO,MGR1035,57,14,Low,2016,9,Experienced
1552,EMP100660,2025,Microsoft,Customer Success Executive,Male,B.Tech,Market demand decline,Maharashtra,Customer Support,Employee_661,678805,Sales,3.6,Hybrid,MGR1060,51,7,Medium,2018,7,Experienced
1553,EMP101113,2025,Wipro,Sales Executive,Non-binary,Diploma,Financial pressure,Karnataka,Sales,Employee_1114,702211,Marketing,4.4,WFO,MGR1063,1,6,Medium,2021,4,Experienced
1554,EMP101299,2025,Paytm,Content Manager,Male,CA,Financial pressure,Tamil Nadu,Marketing,Employee_1300,891935,Marketing,4.6,Hybrid,MGR1099,45,29,Low,2020,5,Experienced
1555,EMP101403,2025,Swiggy,Inside Sales Executive,Female,BCA,Performance review,Gujarat,Sales,Employee_1404,573902,Operations,3.7,WFO,MGR1053,7,20,High,2016,9,Experienced
1556,EMP101871,2025,Accenture,Finance Executive,Male,BCA,Performance review,Madhya Pradesh,Finance,Employee_1872,1759029,HR,4.2,WFO,MGR1071,79,1,Low,2017,8,Experienced
1557,EMP102558,2025,Cisco,Financial Analyst,Male,MCA,Role redundancy,Uttar Pradesh,Finance,Employee_2559,530694,Sales,4.9,Hybrid,MGR1008,44,35,Low,2016,9,Experienced
1558,EMP102858,2025,Intel,Admin Executive,Male,MCA,Business slowdown,Rajasthan,Administration,Employee_2859,1405623,IT,4.8,Hybrid,MGR1008,18,5,Medium,2024,1,Experienced
1559,EMP103062,2025,Myntra,Reporting Analyst,Male,BCA,Business slowdown,Tamil Nadu,Analytics,Employee_3063,1271742,Support,4.4,Remote,MGR1062,48,29,Low,2022,3,Experienced
1560,EMP103096,2025,Unacademy,Business Analyst,Female,CA,Performance review,Odisha,Analytics,Employee_3097,1883012,Finance,3.2,Hybrid,MGR1096,31,1,Low,2018,7,Experienced
1561,EMP103301,2025,TCS,Office Administrator,Male,BBA,Workforce restructuring,Telangana,Administration,Employee_3302,773225,Finance,2.6,Remote,MGR1001,39,17,Low,2023,2,Experienced
1562,EMP103799,2025,Infosys,Technical Support Executive,Non-binary,B.Tech,Business slowdown,Rajasthan,Customer Support,Employee_3800,539679,Support,3.8,Hybrid,MGR1049,57,9,Medium,2023,2,Experienced
1563,EMP103969,2025,Google,Operations Executive,Female,CA,Automation adoption,Karnataka,Operations,Employee_3970,1814607,Operations,3.1,Remote,MGR1069,51,7,Low,2017,8,Experienced
1564,EMP104105,2025,Cognizant,Business Development Executive,Non-binary,B.Sc,Project closure,Karnataka,Sales,Employee_4106,1938412,Sales,4.8,WFO,MGR1055,24,25,Low,2018,7,Experienced
1565,EMP104401,2025,Swiggy,HR Executive,Female,Diploma,Automation adoption,Kerala,Human Resources,Employee_4402,2127746,Finance,2.6,Remote,MGR1051,79,28,Low,2024,1,Experienced
1566,EMP100293,2025,Microsoft,Admin Executive,Non-binary,BCA,Business slowdown,Andhra Pradesh,Administration,Employee_294,366816,Marketing,5.0,Hybrid,MGR1143,45,40,Low,2015,10,Experienced
1567,EMP100304,2025,Swiggy,Financial Analyst,Female,MCA,Financial pressure,Odisha,Finance,Employee_305,1514491,Sales,2.8,Hybrid,MGR1004,5,2,High,2017,8,Experienced
1568,EMP100435,2025,Unacademy,Recruiter,Non-binary,M.Tech,Role redundancy,Odisha,Human Resources,Employee_436,2181502,Support,3.3,Remote,MGR1135,71,25,Medium,2021,4,Experienced
1569,EMP101390,2025,Microsoft,Admin Executive,Non-binary,BBA,Cost reduction,Andhra Pradesh,Administration,Employee_1391,604931,Support,4.8,Hybrid,MGR1040,42,1,High,2024,1,Experienced
1570,EMP101541,2025,Amazon,Operations Manager,Female,B.Tech,Workforce restructuring,Maharashtra,Operations,Employee_1542,1825577,HR,2.9,WFO,MGR1041,46,17,Medium,2016,9,Experienced
1571,EMP101928,2025,Unacademy,Recruiter,Non-binary,M.Tech,Role redundancy,Odisha,Human Resources,Employee_1929,1481824,Support,2.1,WFO,MGR1128,74,32,Low,2016,9,Experienced
1572,EMP102412,2025,Microsoft,Operations Analyst,Non-binary,M.Com,Business restructuring,Andhra Pradesh,Operations,Employee_2413,1078009,Finance,4.9,WFO,MGR1012,7,59,High,2024,1,Experienced
1573,EMP102582,2025,Wipro,Operations Analyst,Female,BBA,Role redundancy,Gujarat,Operations,Employee_2583,1897066,IT,3.5,Hybrid,MGR1032,67,11,High,2022,3,Experienced
1574,EMP104110,2025,Cisco,Technical Support Executive,Female,BBA,Financial pressure,Tamil Nadu,Customer Support,Employee_4111,2003051,Sales,3.8,Remote,MGR1060,66,29,High,2018,7,Experienced
1575,EMP104353,2025,Ola Electric,Sales Manager,Male,B.Sc,Project closure,Telangana,Sales,Employee_4354,1179459,Support,2.4,Remote,MGR1003,25,19,Low,2021,4,Experienced
1576,EMP100300,2025,Ola Electric,Frontend Developer,Female,Diploma,Market demand decline,West Bengal,Engineering,Employee_301,365663,HR,2.2,Remote,MGR1000,46,51,Medium,2020,5,Experienced
1577,EMP100339,2025,Microsoft,Content Manager,Male,M.Com,Business restructuring,Punjab,Marketing,Employee_340,2038536,HR,4.3,Remote,MGR1039,57,34,Low,2023,2,Experienced
1578,EMP100516,2025,Freshworks,Account Manager,Non-binary,BBA,Role redundancy,Haryana,Sales,Employee_517,1300883,Operations,4.0,Hybrid,MGR1066,2,21,Low,2016,9,Experienced
1579,EMP100903,2025,Intel,Sales Executive,Female,B.Tech,Financial pressure,Punjab,Sales,Employee_904,877940,Sales,3.4,Remote,MGR1003,37,46,Low,2023,2,Experienced
1580,EMP100966,2025,Flipkart,UX Designer,Non-binary,BBA,Project closure,Uttar Pradesh,Product,Employee_967,492696,Finance,3.5,Hybrid,MGR1066,57,16,Medium,2021,4,Experienced
1581,EMP100978,2025,Accenture,Sales Manager,Non-binary,BBA,Workforce restructuring,Andhra Pradesh,Sales,Employee_979,2013227,Sales,4.8,Hybrid,MGR1078,15,22,High,2020,5,Experienced
1582,EMP101008,2025,Cisco,Operations Executive,Male,M.Com,Project closure,Karnataka,Operations,Employee_1009,2144159,IT,2.7,WFO,MGR1108,3,34,Medium,2019,6,Experienced
1583,EMP101031,2025,Wipro,Growth Manager,Non-binary,MCA,Automation adoption,West Bengal,Marketing,Employee_1032,281924,Operations,3.5,Remote,MGR1131,58,4,High,2016,9,Experienced
1584,EMP101297,2025,Microsoft,Talent Acquisition Specialist,Female,MBA,Business slowdown,West Bengal,Human Resources,Employee_1298,1096482,Marketing,4.5,Hybrid,MGR1097,50,1,Medium,2024,1,Experienced
1585,EMP102084,2025,Zomato,Data Analyst,Non-binary,CA,Automation adoption,Maharashtra,Analytics,Employee_2085,1413999,Finance,2.8,Remote,MGR1134,30,7,Low,2021,4,Experienced
1586,EMP102201,2025,Unacademy,Financial Analyst,Non-binary,Diploma,Workforce restructuring,Karnataka,Finance,Employee_2202,394997,Marketing,4.9,Hybrid,MGR1101,72,19,Medium,2023,2,Experienced
1587,EMP102437,2025,Infosys,Operations Manager,Non-binary,B.Tech,Cost reduction,Tamil Nadu,Operations,Employee_2438,2030351,Sales,2.3,WFO,MGR1037,20,58,Low,2022,3,Experienced
1588,EMP103004,2025,Swiggy,BI Analyst,Female,BCA,Business restructuring,Rajasthan,Analytics,Employee_3005,1572049,Finance,4.4,WFO,MGR1004,41,2,Medium,2016,9,Experienced
1589,EMP103239,2025,TCS,Inside Sales Executive,Non-binary,M.Com,Business slowdown,Maharashtra,Sales,Employee_3240,497696,Operations,2.7,Remote,MGR1089,19,33,High,2023,2,Experienced
1590,EMP103585,2025,Freshworks,UX Designer,Male,CA,Project closure,Punjab,Product,Employee_3586,1093467,Finance,3.8,Hybrid,MGR1135,66,39,Low,2023,2,Experienced
1591,EMP104030,2025,Zomato,Business Analyst,Non-binary,B.E.,Role redundancy,West Bengal,Analytics,Employee_4031,269513,HR,3.4,Remote,MGR1130,1,22,Low,2022,3,Experienced
1592,EMP104125,2025,TCS,Finance Executive,Male,MCA,Role redundancy,Madhya Pradesh,Finance,Employee_4126,1021264,Sales,2.5,Remote,MGR1075,25,45,High,2017,8,Experienced
1593,EMP104197,2025,Unacademy,Content Manager,Male,Diploma,Business slowdown,Rajasthan,Marketing,Employee_4198,556207,Support,3.3,Remote,MGR1147,72,38,Medium,2021,4,Experienced
1594,EMP100096,2025,Intel,Digital Marketing Specialist,Male,CA,Market demand decline,Maharashtra,Marketing,Employee_97,924825,Support,3.1,Remote,MGR1096,45,44,Medium,2023,2,Experienced
1595,EMP100674,2025,Flipkart,Accountant,Non-binary,CA,Role redundancy,Madhya Pradesh,Finance,Employee_675,818714,Operations,2.7,WFO,MGR1074,27,36,Low,2015,10,Experienced
1596,EMP100798,2025,TCS,Marketing Executive,Male,MBA,Automation adoption,Karnataka,Marketing,Employee_799,1718954,Support,4.5,WFO,MGR1048,55,8,Low,2023,2,Experienced
1597,EMP100801,2025,Unacademy,Data Scientist,Non-binary,CA,Business restructuring,Telangana,Analytics,Employee_802,744792,HR,4.4,Remote,MGR1051,51,42,High,2016,9,Experienced
1598,EMP101020,2025,Infosys,Inside Sales Executive,Non-binary,B.Sc,Automation adoption,Karnataka,Sales,Employee_1021,1754343,Finance,4.0,WFO,MGR1120,24,56,High,2023,2,Experienced
1599,EMP101210,2025,Amazon,Technical Support Executive,Non-binary,B.E.,Business slowdown,Rajasthan,Customer Support,Employee_1211,1720005,Marketing,2.1,Remote,MGR1010,68,27,Low,2023,2,Experienced
1600,EMP101298,2025,Intel,Product Designer,Female,B.Sc,Cost reduction,Andhra Pradesh,Product,Employee_1299,1008740,Finance,4.2,Remote,MGR1098,55,56,Medium,2020,5,Experienced
1601,EMP101365,2025,Meta,Operations Manager,Female,M.Tech,Financial pressure,Telangana,Operations,Employee_1366,2030216,Operations,3.3,WFO,MGR1015,14,52,Medium,2017,8,Experienced
1602,EMP101408,2025,Amazon,Business Analyst,Non-binary,CA,Cost reduction,Madhya Pradesh,Analytics,Employee_1409,1715701,Support,4.2,WFO,MGR1058,40,34,Low,2023,2,Experienced
1603,EMP101540,2025,Freshworks,Process Associate,Male,B.Tech,Market demand decline,Tamil Nadu,Operations,Employee_1541,627563,Marketing,3.1,Hybrid,MGR1040,19,52,High,2024,1,Experienced
1604,EMP101767,2025,Amazon,Product Analyst,Female,B.E.,Project closure,Kerala,Product,Employee_1768,312179,HR,5.0,Hybrid,MGR1117,11,23,Low,2019,6,Experienced
1605,EMP101965,2025,Microsoft,Sales Executive,Male,CA,Automation adoption,Uttar Pradesh,Sales,Employee_1966,2126992,IT,3.7,WFO,MGR1015,13,14,Medium,2015,10,Experienced
1606,EMP102071,2025,Infosys,HR Executive,Female,MBA,Market demand decline,Uttar Pradesh,Human Resources,Employee_2072,1376408,IT,3.9,Remote,MGR1121,58,18,Medium,2023,2,Experienced
1607,EMP102273,2025,Google,Account Manager,Non-binary,BCA,Financial pressure,Tamil Nadu,Sales,Employee_2274,1507451,Sales,4.3,Remote,MGR1023,17,11,Low,2017,8,Experienced
1608,EMP102399,2025,Myntra,Operations Analyst,Female,B.E.,Business restructuring,Tamil Nadu,Operations,Employee_2400,591955,Finance,2.0,Hybrid,MGR1149,42,34,Medium,2021,4,Experienced
1609,EMP102577,2025,Ola Electric,HR Executive,Male,BCA,Business restructuring,West Bengal,Human Resources,Employee_2578,933517,Operations,3.1,Remote,MGR1027,4,46,Low,2020,5,Experienced
1610,EMP102913,2025,Meesho,Operations Manager,Female,MBA,Business slowdown,Uttar Pradesh,Operations,Employee_2914,742875,Marketing,3.2,Hybrid,MGR1063,5,31,Low,2015,10,Experienced
1611,EMP103161,2025,Meta,MIS Executive,Female,B.E.,Cost reduction,Telangana,Analytics,Employee_3162,1653988,HR,4.9,Remote,MGR1011,42,14,Low,2019,6,Experienced
1612,EMP103187,2025,Intel,Product Designer,Female,B.Sc,Cost reduction,Andhra Pradesh,Product,Employee_3188,836423,Operations,4.8,Remote,MGR1037,52,53,Low,2018,7,Experienced
1613,EMP103278,2025,Intel,Reporting Analyst,Non-binary,M.Com,Cost reduction,Andhra Pradesh,Human Resources,Employee_3279,979122,Sales,3.9,WFO,MGR1128,18,32,High,2021,4,Experienced
1614,EMP103391,2025,Intel,MIS Executive,Female,MCA,Cost reduction,Delhi,Analytics,Employee_3392,1363569,Sales,2.5,Hybrid,MGR1091,37,20,Low,2018,7,Experienced
1615,EMP103760,2025,Intel,Facilities Executive,Non-binary,B.Tech,Role redundancy,Odisha,Administration,Employee_3761,1027054,Finance,4.7,WFO,MGR1010,50,31,High,2020,5,Experienced
1616,EMP103876,2025,Unacademy,Product Manager,Non-binary,B.Sc,Project closure,Rajasthan,Product,Employee_3877,473687,Sales,3.1,WFO,MGR1126,62,49,High,2019,6,Experienced
1617,EMP104005,2025,TCS,Financial Analyst,Female,BBA,Market demand decline,Uttar Pradesh,Finance,Employee_4006,1117385,Operations,2.1,Remote,MGR1105,14,36,High,2020,5,Experienced
1618,EMP104162,2025,Zomato,Customer Support Executive,Non-binary,Diploma,Performance review,Rajasthan,Customer Support,Employee_4163,1688929,Sales,2.2,WFO,MGR1112,50,37,Low,2023,2,Experienced
1619,EMP104175,2025,Microsoft,Finance Executive,Male,MCA,Project closure,Maharashtra,Finance,Employee_4176,1650789,IT,2.7,Hybrid,MGR1125,10,19,Low,2021,4,Experienced
1620,EMP104389,2025,Freshworks,Facilities Executive,Male,M.Com,Performance review,Andhra Pradesh,Administration,Employee_4390,599291,Marketing,3.1,Remote,MGR1039,28,26,High,2019,6,Experienced
1621,EMP104412,2025,Meesho,Content Manager,Male,MBA,Role redundancy,Andhra Pradesh,Marketing,Employee_4413,1015002,Finance,2.4,Hybrid,MGR1062,33,31,Medium,2018,7,Experienced
1622,EMP104547,2025,Intel,Support Analyst,Non-binary,MBA,Business restructuring,Odisha,Customer Support,Employee_4548,1948488,Marketing,2.8,Remote,MGR1047,74,41,Low,2022,3,Experienced
1623,EMP100105,2025,Ola Electric,Business Analyst,Non-binary,BBA,Business restructuring,Uttar Pradesh,Analytics,Employee_106,528837,Marketing,2.0,Remote,MGR1105,58,57,High,2024,1,Experienced
1624,EMP100131,2025,Unacademy,Product Analyst,Male,BCA,Project closure,West Bengal,Product,Employee_132,842978,IT,5.0,Remote,MGR1131,3,33,Medium,2023,2,Experienced
1625,EMP100262,2025,Zomato,Business Analyst,Non-binary,B.E.,Financial pressure,Maharashtra,Analytics,Employee_263,1332348,Sales,2.4,Remote,MGR1112,35,34,High,2019,6,Experienced
1626,EMP100422,2025,Microsoft,Facilities Executive,Female,M.Tech,Automation adoption,West Bengal,Administration,Employee_423,708949,Marketing,4.5,WFO,MGR1122,63,19,Low,2017,8,Experienced
1627,EMP100528,2025,Microsoft,Inside Sales Executive,Non-binary,Diploma,Automation adoption,Kerala,Sales,Employee_529,1530601,Finance,4.0,Hybrid,MGR1078,74,18,Low,2021,4,Experienced
1628,EMP100592,2025,TCS,Operations Executive,Male,B.Tech,Automation adoption,West Bengal,Operations,Employee_593,1696958,Marketing,4.9,Remote,MGR1142,9,16,Low,2018,7,Experienced
1629,EMP100647,2025,TCS,BI Analyst,Non-binary,MBA,Market demand decline,Madhya Pradesh,Analytics,Employee_648,933153,HR,4.0,Hybrid,MGR1047,37,55,Low,2017,8,Experienced
1630,EMP100734,2025,Amazon,Admin Executive,Male,MCA,Market demand decline,Maharashtra,Administration,Employee_735,1645929,IT,4.8,Remote,MGR1134,65,58,Low,2018,7,Experienced
1631,EMP100907,2025,Unacademy,Financial Analyst,Male,M.Com,Cost reduction,Kerala,Finance,Employee_908,296068,Support,3.9,WFO,MGR1007,50,53,Low,2018,7,Experienced
1632,EMP101096,2025,Amazon,Operations Manager,Male,MCA,Automation adoption,Kerala,Operations,Employee_1097,1644761,Marketing,2.0,Remote,MGR1046,60,56,Medium,2016,9,Experienced
1633,EMP101281,2025,Amazon,Office Administrator,Female,CA,Workforce restructuring,Madhya Pradesh,Administration,Employee_1282,1176490,IT,2.2,WFO,MGR1081,55,12,Low,2017,8,Experienced
1634,EMP101285,2025,Meesho,Marketing Executive,Non-binary,Diploma,Cost reduction,Punjab,Marketing,Employee_1286,1205088,Sales,4.0,Hybrid,MGR1085,28,57,Low,2024,1,Experienced
1635,EMP101361,2025,Accenture,Admin Executive,Male,M.Com,Performance review,Tamil Nadu,Administration,Employee_1362,926868,Sales,2.8,Hybrid,MGR1011,58,55,Medium,2021,4,Experienced
1636,EMP101405,2025,Meesho,HR Business Partner,Non-binary,CA,Business slowdown,Karnataka,Human Resources,Employee_1406,1553696,IT,4.8,Hybrid,MGR1055,3,12,Medium,2020,5,Experienced
1637,EMP102277,2025,TCS,Digital Marketing Specialist,Non-binary,BBA,Performance review,West Bengal,Marketing,Employee_2278,2083600,IT,2.7,Remote,MGR1027,74,17,Medium,2018,7,Experienced
1638,EMP102327,2025,Paytm,HR Executive,Male,BBA,Market demand decline,Odisha,Human Resources,Employee_2328,439011,Finance,4.8,Hybrid,MGR1077,47,48,Medium,2024,1,Experienced
1639,EMP102426,2025,Meesho,Sales Manager,Male,Diploma,Project closure,Punjab,Sales,Employee_2427,1125773,Support,4.2,Remote,MGR1026,34,24,High,2022,3,Experienced
1640,EMP102729,2025,Infosys,Data Analyst,Non-binary,Diploma,Project closure,Odisha,Analytics,Employee_2730,1223283,HR,4.9,Hybrid,MGR1029,20,28,Medium,2019,6,Experienced
1641,EMP102899,2025,Intel,Data Scientist,Male,Diploma,Automation adoption,Rajasthan,Analytics,Employee_2900,953539,Operations,3.8,Hybrid,MGR1049,34,55,Medium,2021,4,Experienced
1642,EMP103020,2025,Infosys,Tech Lead,Non-binary,B.E.,Role redundancy,Odisha,Engineering,Employee_3021,1123042,Marketing,2.7,Hybrid,MGR1020,55,55,High,2019,6,Experienced
1643,EMP103069,2025,Myntra,Product Analyst,Female,B.E.,Business restructuring,Telangana,Product,Employee_3070,1503251,HR,3.7,WFO,MGR1069,76,22,High,2021,4,Experienced
1644,EMP103132,2025,Paytm,BI Analyst,Non-binary,MCA,Project closure,Gujarat,Analytics,Employee_3133,1409506,Finance,4.7,Remote,MGR1132,29,18,Low,2023,2,Experienced
1645,EMP103215,2025,Meesho,Growth Manager,Male,CA,Business restructuring,Haryana,Marketing,Employee_3216,868829,Marketing,2.0,Remote,MGR1065,31,35,Low,2016,9,Experienced
1646,EMP103378,2025,Intel,Software Developer,Female,BCA,Business restructuring,Haryana,Engineering,Employee_3379,1181089,Sales,4.6,Remote,MGR1078,26,28,High,2021,4,Experienced
1647,EMP103379,2025,Unacademy,Customer Support Executive,Male,MBA,Business slowdown,Tamil Nadu,Customer Support,Employee_3380,1988443,Sales,4.5,Hybrid,MGR1079,26,31,Low,2022,3,Experienced
1648,EMP103406,2025,Cisco,Data Scientist,Male,B.Sc,Business restructuring,Uttar Pradesh,Analytics,Employee_3407,1674831,IT,4.8,Remote,MGR1106,58,0,High,2022,3,Experienced
1649,EMP103448,2025,Meesho,Sales Executive,Female,B.Sc,Business restructuring,Delhi,Sales,Employee_3449,1250607,IT,2.8,Hybrid,MGR1148,12,55,Medium,2019,6,Experienced
1650,EMP103579,2025,Paytm,Marketing Executive,Non-binary,BBA,Market demand decline,Odisha,Marketing,Employee_3580,1348776,Marketing,3.6,WFO,MGR1129,44,25,Low,2016,9,Experienced
1651,EMP103639,2025,Unacademy,Office Administrator,Non-binary,Diploma,Automation adoption,Punjab,Administration,Employee_3640,1590311,Support,3.1,Hybrid,MGR1039,58,11,Low,2018,7,Experienced
1652,EMP103668,2025,Ola Electric,Facilities Executive,Male,M.Com,Cost reduction,Madhya Pradesh,Administration,Employee_3669,1388158,Support,4.6,Hybrid,MGR1068,13,49,High,2022,3,Experienced
1653,EMP103843,2025,Flipkart,Business Analyst,Non-binary,MBA,Cost reduction,Tamil Nadu,Analytics,Employee_3844,715162,Support,4.2,Hybrid,MGR1093,67,7,Medium,2023,2,Experienced
1654,EMP103859,2025,Flipkart,Financial Analyst,Female,Diploma,Performance review,Maharashtra,Finance,Employee_3860,1681102,Finance,2.8,Hybrid,MGR1109,72,51,Medium,2022,3,Experienced
1655,EMP103996,2025,Ola Electric,Tech Lead,Female,CA,Financial pressure,Maharashtra,Engineering,Employee_3997,1572901,Finance,3.9,WFO,MGR1096,23,26,Medium,2016,9,Experienced
1656,EMP104066,2025,Meesho,Facilities Executive,Male,BCA,Financial pressure,Telangana,Administration,Employee_4067,1831021,Support,5.0,WFO,MGR1016,48,26,Medium,2015,10,Experienced
1657,EMP104099,2025,Zomato,Product Analyst,Non-binary,M.Com,Cost reduction,Tamil Nadu,Product,Employee_4100,1108747,Operations,3.7,Remote,MGR1049,77,50,Medium,2016,9,Experienced
1658,EMP104160,2025,Zomato,Admin Executive,Male,BCA,Automation adoption,West Bengal,Human Resources,Employee_4161,891494,Operations,2.7,Remote,MGR1110,1,18,High,2019,6,Experienced
1659,EMP104294,2025,Cognizant,UX Designer,Female,B.Sc,Workforce restructuring,Rajasthan,Product,Employee_4295,1026381,Support,2.2,WFO,MGR1094,28,47,Low,2019,6,Experienced
1660,EMP104403,2025,Amazon,Data Scientist,Male,CA,Workforce restructuring,Uttar Pradesh,Analytics,Employee_4404,1606313,Operations,2.4,Remote,MGR1053,39,23,High,2024,1,Experienced
1661,EMP100230,2025,Freshworks,Growth Manager,Non-binary,B.E.,Financial pressure,Rajasthan,Marketing,Employee_231,1505351,Finance,2.1,WFO,MGR1080,27,57,Medium,2017,8,Experienced
1662,EMP100275,2025,Swiggy,Financial Analyst,Non-binary,B.Sc,Project closure,Uttar Pradesh,Finance,Employee_276,1514609,Marketing,4.5,WFO,MGR1125,11,58,High,2016,9,Experienced
1663,EMP100357,2025,Cisco,HR Executive,Female,Diploma,Business slowdown,Haryana,Human Resources,Employee_358,2048524,Operations,3.6,WFO,MGR1057,0,55,Medium,2015,10,Experienced
1664,EMP100445,2025,Paytm,Reporting Analyst,Female,B.E.,Business slowdown,Telangana,Analytics,Employee_446,1063608,Finance,4.2,Hybrid,MGR1145,0,12,Medium,2020,5,Experienced
1665,EMP100473,2025,Wipro,Office Administrator,Male,B.Tech,Project closure,Punjab,Administration,Employee_474,285307,IT,3.1,Remote,MGR1023,68,57,High,2015,10,Experienced
1666,EMP100543,2025,TCS,Product Designer,Male,BBA,Market demand decline,Haryana,Product,Employee_544,1869280,Operations,5.0,Remote,MGR1093,78,29,Medium,2015,10,Experienced
1667,EMP100601,2025,Infosys,Senior Software Engineer,Female,MBA,Cost reduction,Odisha,Engineering,Employee_602,1379401,IT,4.2,WFO,MGR1001,23,39,Medium,2023,2,Experienced
1668,EMP100784,2025,Cisco,Customer Success Executive,Male,MBA,Role redundancy,Andhra Pradesh,Customer Support,Employee_785,795736,Sales,3.3,Remote,MGR1034,40,37,Medium,2018,7,Experienced
1669,EMP100793,2025,Amazon,Talent Acquisition Specialist,Female,B.Tech,Cost reduction,Maharashtra,Human Resources,Employee_794,388670,Finance,4.7,Remote,MGR1043,19,41,Medium,2024,1,Experienced
1670,EMP100815,2025,Unacademy,Process Associate,Female,CA,Automation adoption,West Bengal,Operations,Employee_816,613612,Operations,4.3,Hybrid,MGR1065,77,18,High,2015,10,Experienced
1671,EMP100890,2025,Freshworks,Operations Manager,Female,Diploma,Cost reduction,Madhya Pradesh,Operations,Employee_891,1217999,Sales,3.6,Hybrid,MGR1140,65,40,High,2022,3,Experienced
1672,EMP100894,2025,Meta,BI Analyst,Non-binary,CA,Cost reduction,Maharashtra,Analytics,Employee_895,401285,Sales,3.9,WFO,MGR1144,31,34,Low,2015,10,Experienced
1673,EMP101015,2025,Paytm,Facilities Executive,Male,MBA,Role redundancy,Punjab,Administration,Employee_1016,1789350,Marketing,5.0,Hybrid,MGR1115,33,19,Low,2023,2,Experienced
1674,EMP101057,2025,Ola Electric,Sales Manager,Male,M.Tech,Cost reduction,Rajasthan,Sales,Employee_1058,1719113,HR,2.9,Hybrid,MGR1007,47,2,Low,2020,5,Experienced
1675,EMP101080,2025,Amazon,Financial Analyst,Male,B.Sc,Automation adoption,Madhya Pradesh,Finance,Employee_1081,1575027,Support,2.6,Hybrid,MGR1030,53,58,Low,2023,2,Experienced
1676,EMP101114,2025,Flipkart,Product Designer,Male,M.Com,Financial pressure,West Bengal,Product,Employee_1115,1245208,HR,3.7,WFO,MGR1064,20,2,Medium,2017,8,Experienced
1677,EMP101253,2025,Freshworks,UX Designer,Female,Diploma,Automation adoption,Haryana,Product,Employee_1254,772442,Finance,3.2,Hybrid,MGR1053,15,39,High,2018,7,Experienced
1678,EMP101402,2025,Wipro,Sales Executive,Male,BBA,Performance review,West Bengal,Sales,Employee_1403,1988170,Sales,5.0,Hybrid,MGR1052,69,27,High,2016,9,Experienced
1679,EMP101463,2025,TCS,Digital Marketing Specialist,Female,B.E.,Role redundancy,Delhi,Marketing,Employee_1464,1017825,HR,2.9,WFO,MGR1113,30,31,Medium,2024,1,Experienced
1680,EMP101512,2025,Unacademy,Facilities Executive,Non-binary,B.E.,Automation adoption,Maharashtra,Administration,Employee_1513,1547346,Operations,4.3,Hybrid,MGR1012,65,38,Medium,2015,10,Experienced
1681,EMP101827,2025,Meta,Support Analyst,Female,Diploma,Workforce restructuring,Telangana,Customer Support,Employee_1828,309347,HR,3.7,WFO,MGR1027,18,23,Medium,2015,10,Experienced
1682,EMP101926,2025,Intel,Admin Executive,Female,B.E.,Business slowdown,Karnataka,Administration,Employee_1927,524326,Marketing,4.6,WFO,MGR1126,4,34,Medium,2015,10,Experienced
1683,EMP102008,2025,Amazon,Business Development Executive,Female,BCA,Market demand decline,Rajasthan,Sales,Employee_2009,425027,Sales,4.7,Remote,MGR1058,55,46,Medium,2020,5,Experienced
1684,EMP102023,2025,Google,Business Analyst,Male,M.Tech,Business slowdown,Delhi,Analytics,Employee_2024,1390197,HR,4.5,Hybrid,MGR1073,0,22,High,2024,1,Experienced
1685,EMP102235,2025,Freshworks,Admin Executive,Female,BCA,Cost reduction,Maharashtra,Administration,Employee_2236,1723704,Operations,4.2,Hybrid,MGR1135,4,49,High,2021,4,Experienced
1686,EMP102248,2025,Microsoft,Data Analyst,Non-binary,BCA,Role redundancy,Gujarat,Analytics,Employee_2249,702917,Sales,2.1,WFO,MGR1148,45,52,High,2020,5,Experienced
1687,EMP102338,2025,Infosys,Business Development Executive,Female,BCA,Automation adoption,Odisha,Sales,Employee_2339,2051130,Sales,4.4,Hybrid,MGR1088,19,58,High,2021,4,Experienced
1688,EMP102408,2025,Meesho,Recruiter,Female,Diploma,Business slowdown,Odisha,Human Resources,Employee_2409,2069697,Sales,4.3,Remote,MGR1008,60,19,Low,2020,5,Experienced
1689,EMP102450,2025,Flipkart,Product Designer,Non-binary,BBA,Performance review,Rajasthan,Product,Employee_2451,346190,IT,4.0,WFO,MGR1050,41,20,Medium,2015,10,Experienced
1690,EMP102466,2025,Freshworks,Data Scientist,Non-binary,MBA,Workforce restructuring,Karnataka,Analytics,Employee_2467,484676,Marketing,3.9,Remote,MGR1066,70,46,Low,2015,10,Experienced
1691,EMP102500,2025,Intel,Risk Analyst,Female,MBA,Business slowdown,Madhya Pradesh,Finance,Employee_2501,1842355,HR,4.0,Hybrid,MGR1100,54,15,Medium,2024,1,Experienced
1692,EMP102542,2025,Infosys,Senior Software Engineer,Male,Diploma,Market demand decline,Delhi,Engineering,Employee_2543,766350,Marketing,3.1,Remote,MGR1142,48,43,Medium,2022,3,Experienced
1693,EMP102610,2025,Amazon,Content Manager,Non-binary,CA,Cost reduction,West Bengal,Marketing,Employee_2611,667332,IT,4.0,Remote,MGR1060,59,40,Low,2023,2,Experienced
1694,EMP102613,2025,Myntra,Operations Manager,Male,BBA,Automation adoption,Punjab,Operations,Employee_2614,271560,Operations,2.7,Remote,MGR1063,65,14,Low,2016,9,Experienced
1695,EMP102634,2025,Myntra,Customer Success Executive,Male,M.Com,Automation adoption,Karnataka,Customer Support,Employee_2635,1551732,IT,2.9,Hybrid,MGR1084,64,23,Medium,2022,3,Experienced
1696,EMP102720,2025,TCS,Marketing Executive,Female,M.Com,Workforce restructuring,Telangana,Marketing,Employee_2721,707461,Finance,2.2,Remote,MGR1020,60,41,Medium,2024,1,Experienced
1697,EMP102766,2025,Zomato,BI Analyst,Non-binary,B.Sc,Cost reduction,Maharashtra,Analytics,Employee_2767,1053617,Marketing,4.3,WFO,MGR1066,11,5,Low,2019,6,Experienced
1698,EMP102798,2025,TCS,QA Engineer,Non-binary,B.E.,Role redundancy,Rajasthan,Engineering,Employee_2799,1505658,Support,4.9,WFO,MGR1098,47,40,High,2019,6,Experienced
1699,EMP102825,2025,Infosys,Digital Marketing Specialist,Male,MBA,Role redundancy,Punjab,Marketing,Employee_2826,1459216,Support,4.7,Hybrid,MGR1125,58,3,Low,2023,2,Experienced
1700,EMP102954,2025,Wipro,UX Designer,Male,B.Sc,Cost reduction,Andhra Pradesh,Product,Employee_2955,785513,Sales,2.6,WFO,MGR1104,30,22,Low,2022,3,Experienced
1701,EMP102986,2025,Cognizant,Business Development Executive,Female,M.Com,Project closure,Telangana,Sales,Employee_2987,1439271,Operations,4.8,Remote,MGR1136,3,27,Medium,2021,4,Experienced
1702,EMP103063,2025,Infosys,Admin Executive,Female,B.Sc,Market demand decline,Tamil Nadu,Administration,Employee_3064,1885603,Sales,2.5,WFO,MGR1063,57,46,High,2024,1,Experienced
1703,EMP103108,2025,Swiggy,DevOps Engineer,Male,M.Com,Financial pressure,Karnataka,Engineering,Employee_3109,336922,Operations,4.3,Remote,MGR1108,65,41,High,2015,10,Experienced
1704,EMP103113,2025,Zomato,Reporting Analyst,Male,M.Com,Performance review,Telangana,Analytics,Employee_3114,1819465,Operations,3.7,Hybrid,MGR1113,69,29,Medium,2016,9,Experienced
1705,EMP103123,2025,Ola Electric,Process Associate,Male,BCA,Business restructuring,Delhi,Operations,Employee_3124,2193206,HR,4.0,WFO,MGR1123,38,30,Low,2021,4,Experienced
1706,EMP103368,2025,Wipro,HR Business Partner,Male,MCA,Business slowdown,West Bengal,Human Resources,Employee_3369,1415434,Operations,2.3,Remote,MGR1068,65,16,Medium,2017,8,Experienced
1707,EMP103380,2025,Zomato,Product Analyst,Female,M.Com,Business restructuring,Haryana,Product,Employee_3381,698416,Sales,3.0,Remote,MGR1080,70,4,Low,2023,2,Experienced
1708,EMP103398,2025,Meesho,Reporting Analyst,Female,M.Tech,Performance review,Telangana,Analytics,Employee_3399,281010,IT,3.8,WFO,MGR1098,22,58,Medium,2019,6,Experienced
1709,EMP103592,2025,Intel,Product Designer,Male,Diploma,Business slowdown,Maharashtra,Product,Employee_3593,2173328,Marketing,3.6,WFO,MGR1142,46,34,High,2023,2,Experienced
1710,EMP103773,2025,Amazon,HR Executive,Female,B.Sc,Market demand decline,West Bengal,Human Resources,Employee_3774,1438216,HR,4.9,Hybrid,MGR1023,67,0,High,2024,1,Experienced
1711,EMP103857,2025,Infosys,Growth Manager,Male,BBA,Role redundancy,Delhi,Marketing,Employee_3858,328334,Marketing,2.1,Remote,MGR1107,51,56,Low,2018,7,Experienced
1712,EMP103889,2025,Freshworks,HR Business Partner,Non-binary,Diploma,Cost reduction,Punjab,Human Resources,Employee_3890,574895,Sales,2.3,Remote,MGR1139,4,59,High,2024,1,Experienced
1713,EMP103971,2025,Meta,Admin Executive,Non-binary,M.Com,Automation adoption,West Bengal,Administration,Employee_3972,1821141,Marketing,3.4,WFO,MGR1071,4,38,Medium,2023,2,Experienced
1714,EMP104081,2025,Cisco,Process Associate,Non-binary,B.Sc,Financial pressure,Rajasthan,Operations,Employee_4082,2059573,Operations,3.8,WFO,MGR1031,67,28,Medium,2020,5,Experienced
1715,EMP104106,2025,Intel,Recruiter,Female,BCA,Market demand decline,Gujarat,Human Resources,Employee_4107,2142948,Sales,4.8,Hybrid,MGR1056,3,13,Low,2015,10,Experienced
1716,EMP104186,2025,Accenture,Software Developer,Non-binary,CA,Automation adoption,Maharashtra,Engineering,Employee_4187,687976,Support,2.8,Hybrid,MGR1136,9,49,Medium,2015,10,Experienced
1717,EMP104284,2025,Amazon,Business Development Executive,Non-binary,B.Tech,Project closure,Odisha,Sales,Employee_4285,1467839,Finance,2.0,Remote,MGR1084,53,32,Medium,2015,10,Experienced
1718,EMP104285,2025,Zomato,Sales Manager,Male,B.Tech,Business restructuring,Delhi,Sales,Employee_4286,781218,Sales,4.1,WFO,MGR1085,67,16,High,2019,6,Experienced
1719,EMP104326,2025,Myntra,Accountant,Non-binary,M.Tech,Role redundancy,Haryana,Finance,Employee_4327,734329,IT,3.8,Remote,MGR1126,59,43,Medium,2020,5,Experienced
1720,EMP104372,2025,Zomato,Office Administrator,Female,BCA,Automation adoption,Madhya Pradesh,Administration,Employee_4373,520198,Marketing,4.1,Hybrid,MGR1022,59,23,Low,2018,7,Experienced
1721,EMP100000,2025,Ola Electric,Admin Executive,Non-binary,B.E.,Workforce restructuring,Telangana,Administration,Employee_1,611724,Sales,4.1,Hybrid,MGR1000,16,5,Medium,2017,8,Experienced
1722,EMP100030,2025,Ola Electric,Account Manager,Male,M.Com,Project closure,Rajasthan,Sales,Employee_31,1928674,Finance,2.5,Remote,MGR1030,11,26,Medium,2016,9,Experienced
1723,EMP100050,2025,Cognizant,DevOps Engineer,Male,B.E.,Role redundancy,Tamil Nadu,Engineering,Employee_51,1478109,Finance,3.0,WFO,MGR1050,14,26,Medium,2022,3,Experienced
1724,EMP100189,2025,TCS,Support Analyst,Non-binary,MBA,Role redundancy,Maharashtra,Customer Support,Employee_190,802312,Support,4.7,Remote,MGR1039,13,24,Medium,2021,4,Experienced
1725,EMP100221,2025,Google,Product Manager,Female,MCA,Automation adoption,Kerala,Product,Employee_222,1937356,Operations,2.9,WFO,MGR1071,71,2,Medium,2016,9,Experienced
1726,EMP100236,2025,Wipro,Product Designer,Female,MCA,Performance review,Kerala,Product,Employee_237,669085,Sales,2.7,Remote,MGR1086,7,45,High,2017,8,Experienced
1727,EMP100265,2025,Wipro,Backend Developer,Male,M.Tech,Workforce restructuring,Haryana,Engineering,Employee_266,591220,Sales,4.4,Remote,MGR1115,53,40,High,2023,2,Experienced
1728,EMP100294,2025,Meta,UX Designer,Male,B.Sc,Project closure,West Bengal,Product,Employee_295,478754,HR,3.4,Hybrid,MGR1144,34,8,Medium,2024,1,Experienced
1729,EMP100448,2025,Myntra,Office Administrator,Non-binary,MBA,Financial pressure,Gujarat,Administration,Employee_449,755010,IT,4.7,Hybrid,MGR1148,30,38,High,2015,10,Experienced
1730,EMP100476,2025,Amazon,Finance Executive,Non-binary,BCA,Performance review,Gujarat,Finance,Employee_477,1202639,Finance,3.9,WFO,MGR1026,48,54,Medium,2019,6,Experienced
1731,EMP100480,2025,Meta,Operations Executive,Non-binary,MBA,Business slowdown,West Bengal,Operations,Employee_481,1481571,Operations,4.5,WFO,MGR1030,9,4,High,2022,3,Experienced
1732,EMP100495,2025,Wipro,Product Designer,Female,Diploma,Business restructuring,Punjab,Product,Employee_496,1949264,Support,4.6,Hybrid,MGR1045,16,8,Low,2022,3,Experienced
1733,EMP100497,2025,Wipro,Financial Analyst,Female,M.Com,Role redundancy,Delhi,Finance,Employee_498,1135493,Marketing,4.6,WFO,MGR1047,58,29,Medium,2023,2,Experienced
1734,EMP100501,2025,Microsoft,Operations Executive,Female,M.Com,Market demand decline,Maharashtra,Operations,Employee_502,1303075,Finance,4.1,WFO,MGR1051,59,20,Medium,2021,4,Experienced
1735,EMP100582,2025,Meta,Technical Support Executive,Non-binary,MBA,Project closure,Delhi,Customer Support,Employee_583,1921119,Operations,2.8,WFO,MGR1132,7,9,High,2020,5,Experienced
1736,EMP100865,2025,Amazon,Business Analyst,Female,B.Sc,Financial pressure,Tamil Nadu,Analytics,Employee_866,491192,Finance,4.5,WFO,MGR1115,50,26,Medium,2019,6,Experienced
1737,EMP100958,2025,Wipro,Operations Manager,Male,CA,Automation adoption,Karnataka,Operations,Employee_959,1205894,IT,3.1,WFO,MGR1058,57,45,Medium,2020,5,Experienced
1738,EMP101108,2025,Wipro,Sales Executive,Female,M.Com,Cost reduction,Tamil Nadu,Sales,Employee_1109,1373762,Support,3.5,WFO,MGR1058,75,30,Low,2020,5,Experienced
1739,EMP101164,2025,Flipkart,UX Designer,Non-binary,B.Sc,Business slowdown,Maharashtra,Product,Employee_1165,371311,Support,4.8,WFO,MGR1114,1,10,High,2015,10,Experienced
1740,EMP101200,2025,Meta,Tech Lead,Female,B.Sc,Financial pressure,Maharashtra,Engineering,Employee_1201,2109560,Support,2.3,Hybrid,MGR1000,68,41,Low,2018,7,Experienced
1741,EMP101332,2025,Flipkart,Customer Support Executive,Male,BBA,Cost reduction,Andhra Pradesh,Customer Support,Employee_1333,1815629,Operations,3.7,WFO,MGR1132,18,47,High,2021,4,Experienced
1742,EMP101337,2025,Freshworks,Admin Executive,Female,B.Sc,Performance review,Delhi,Administration,Employee_1338,1381141,IT,3.0,Remote,MGR1137,15,40,Low,2022,3,Experienced
1743,EMP101478,2025,Accenture,Process Associate,Female,B.Tech,Automation adoption,Karnataka,Operations,Employee_1479,496674,Sales,2.2,WFO,MGR1128,69,15,Low,2015,10,Experienced
1744,EMP101552,2025,Microsoft,Sales Executive,Male,MCA,Role redundancy,Maharashtra,Sales,Employee_1553,2104693,HR,2.3,Remote,MGR1052,12,1,Medium,2016,9,Experienced
1745,EMP101554,2025,Wipro,Sales Executive,Non-binary,Diploma,Financial pressure,West Bengal,Sales,Employee_1555,1576327,HR,4.8,Remote,MGR1054,63,12,High,2017,8,Experienced
1746,EMP101576,2025,Wipro,HR Business Partner,Non-binary,M.Tech,Automation adoption,Punjab,Human Resources,Employee_1577,1447788,Finance,2.3,Hybrid,MGR1076,67,27,Medium,2020,5,Experienced
1747,EMP101600,2025,Google,Operations Manager,Male,B.Tech,Cost reduction,Andhra Pradesh,Operations,Employee_1601,1976345,HR,4.5,Remote,MGR1100,7,49,High,2023,2,Experienced
1748,EMP101627,2025,Flipkart,Finance Executive,Male,MCA,Workforce restructuring,Odisha,Finance,Employee_1628,502605,Support,3.7,WFO,MGR1127,37,34,Low,2021,4,Experienced
1749,EMP101647,2025,Cisco,Marketing Executive,Male,BCA,Cost reduction,Kerala,Marketing,Employee_1648,1851371,IT,3.2,Remote,MGR1147,10,9,Medium,2019,6,Experienced
1750,EMP101677,2025,Infosys,Account Manager,Non-binary,CA,Cost reduction,West Bengal,Sales,Employee_1678,262561,Sales,3.2,Remote,MGR1027,79,16,High,2021,4,Experienced
1751,EMP101872,2025,Amazon,Technical Support Executive,Male,B.Tech,Role redundancy,Madhya Pradesh,Customer Support,Employee_1873,1396490,HR,4.6,WFO,MGR1072,27,46,Low,2017,8,Experienced
1752,EMP101999,2025,Amazon,Growth Manager,Non-binary,B.Tech,Performance review,Odisha,Marketing,Employee_2000,2141789,Sales,3.2,WFO,MGR1049,60,56,Low,2017,8,Experienced
1753,EMP102152,2025,Cognizant,Support Analyst,Non-binary,B.Sc,Project closure,Telangana,Customer Support,Employee_2153,1504937,Sales,4.2,Hybrid,MGR1052,10,25,Medium,2018,7,Experienced
1754,EMP102334,2025,Swiggy,Sales Manager,Female,CA,Financial pressure,Odisha,Sales,Employee_2335,1037456,Finance,3.2,Hybrid,MGR1084,49,55,Low,2018,7,Experienced
1755,EMP102438,2025,Paytm,Facilities Executive,Male,BBA,Market demand decline,Telangana,Administration,Employee_2439,1331843,Operations,2.7,Hybrid,MGR1038,54,11,High,2021,4,Experienced
1756,EMP102552,2025,Zomato,Operations Executive,Non-binary,MBA,Business restructuring,Gujarat,Operations,Employee_2553,1757521,Operations,4.9,WFO,MGR1002,32,52,High,2015,10,Experienced
1757,EMP102568,2025,Wipro,Account Manager,Female,BBA,Market demand decline,Delhi,Sales,Employee_2569,395808,Finance,2.5,WFO,MGR1018,39,34,High,2020,5,Experienced
1758,EMP102579,2025,Meesho,Office Administrator,Non-binary,B.Tech,Automation adoption,Odisha,Administration,Employee_2580,1367975,Operations,2.9,Remote,MGR1029,47,6,Medium,2022,3,Experienced
1759,EMP102585,2025,Meta,Risk Analyst,Non-binary,B.Sc,Business restructuring,Punjab,Finance,Employee_2586,1901784,IT,4.4,Remote,MGR1035,7,21,Medium,2015,10,Experienced
1760,EMP102590,2025,Flipkart,Digital Marketing Specialist,Female,MCA,Market demand decline,Punjab,Marketing,Employee_2591,282861,HR,3.2,Remote,MGR1040,74,58,High,2024,1,Experienced
1761,EMP102648,2025,Paytm,Software Developer,Non-binary,MBA,Financial pressure,Punjab,Engineering,Employee_2649,568775,HR,2.2,WFO,MGR1098,55,56,Low,2024,1,Experienced
1762,EMP102788,2025,Intel,HR Business Partner,Female,BBA,Role redundancy,Rajasthan,Human Resources,Employee_2789,1882116,Marketing,4.8,Hybrid,MGR1088,32,29,Medium,2018,7,Experienced
1763,EMP102804,2025,Cognizant,DevOps Engineer,Male,B.Sc,Business slowdown,Kerala,Engineering,Employee_2805,422052,Marketing,4.2,Remote,MGR1104,54,38,High,2021,4,Experienced
1764,EMP102840,2025,Ola Electric,Content Manager,Male,B.Tech,Performance review,Maharashtra,Marketing,Employee_2841,1030991,Support,4.6,WFO,MGR1140,72,13,Medium,2019,6,Experienced
1765,EMP102861,2025,Amazon,Marketing Executive,Female,B.E.,Performance review,Andhra Pradesh,Marketing,Employee_2862,411095,IT,2.6,Hybrid,MGR1011,6,33,Low,2019,6,Experienced
1766,EMP102871,2025,Myntra,HR Executive,Male,M.Tech,Workforce restructuring,Karnataka,Human Resources,Employee_2872,1116085,Marketing,3.7,Remote,MGR1021,16,3,Low,2022,3,Experienced
1767,EMP102885,2025,Intel,Growth Manager,Male,M.Com,Market demand decline,Tamil Nadu,Human Resources,Employee_2886,869517,Finance,3.3,Remote,MGR1035,2,46,High,2020,5,Experienced
1768,EMP102934,2025,Microsoft,Talent Acquisition Specialist,Non-binary,M.Com,Project closure,Uttar Pradesh,Human Resources,Employee_2935,1538488,Sales,4.4,Remote,MGR1084,65,22,High,2022,3,Experienced
1769,EMP103010,2025,Amazon,UX Designer,Female,CA,Market demand decline,Telangana,Product,Employee_3011,933187,Sales,4.2,WFO,MGR1010,74,33,Medium,2023,2,Experienced
1770,EMP103050,2025,Intel,UX Designer,Non-binary,BCA,Workforce restructuring,Haryana,Product,Employee_3051,1363155,Marketing,4.4,Remote,MGR1050,28,40,High,2018,7,Experienced
1771,EMP103056,2025,Paytm,BI Analyst,Non-binary,MCA,Workforce restructuring,Karnataka,Analytics,Employee_3057,405195,IT,4.4,Remote,MGR1056,21,36,Medium,2019,6,Experienced
1772,EMP103126,2025,Intel,Risk Analyst,Male,BCA,Financial pressure,Delhi,Finance,Employee_3127,377125,Support,2.2,Remote,MGR1126,38,50,Medium,2021,4,Experienced
1773,EMP103159,2025,Infosys,Talent Acquisition Specialist,Non-binary,B.E.,Workforce restructuring,Telangana,Human Resources,Employee_3160,1753188,HR,3.3,Hybrid,MGR1009,54,56,Low,2020,5,Experienced
1774,EMP103216,2025,Intel,Sales Executive,Male,B.Tech,Role redundancy,Punjab,Sales,Employee_3217,282234,Support,2.6,WFO,MGR1066,26,54,High,2021,4,Experienced
1775,EMP103234,2025,Paytm,Product Designer,Non-binary,MBA,Performance review,Tamil Nadu,Product,Employee_3235,593987,HR,4.8,WFO,MGR1084,20,23,High,2020,5,Experienced
1776,EMP103248,2025,Paytm,BI Analyst,Non-binary,MCA,Workforce restructuring,Karnataka,Analytics,Employee_3249,2089786,Operations,3.5,Remote,MGR1098,33,34,Medium,2020,5,Experienced
1777,EMP103283,2025,Zomato,Sales Executive,Non-binary,M.Tech,Business slowdown,West Bengal,Sales,Employee_3284,859617,IT,3.0,Hybrid,MGR1133,31,48,High,2017,8,Experienced
1778,EMP103305,2025,Zomato,Sales Manager,Non-binary,MCA,Financial pressure,Madhya Pradesh,Sales,Employee_3306,1361101,Support,3.0,WFO,MGR1005,24,21,Low,2019,6,Experienced
1779,EMP103306,2025,Accenture,Sales Executive,Female,MBA,Business restructuring,Punjab,Sales,Employee_3307,2083483,IT,3.5,WFO,MGR1006,33,42,Low,2020,5,Experienced
1780,EMP103538,2025,Intel,Recruiter,Male,BCA,Financial pressure,Kerala,Human Resources,Employee_3539,2019407,Finance,2.6,WFO,MGR1088,33,2,Low,2022,3,Experienced
1781,EMP103565,2025,Infosys,Finance Executive,Non-binary,CA,Project closure,Karnataka,Finance,Employee_3566,1148364,Sales,3.2,Remote,MGR1115,28,25,Low,2016,9,Experienced
1782,EMP103566,2025,Paytm,Data Scientist,Male,B.Tech,Performance review,West Bengal,Analytics,Employee_3567,867862,Marketing,3.4,Hybrid,MGR1116,48,48,Medium,2017,8,Experienced
1783,EMP103583,2025,Wipro,Support Analyst,Non-binary,M.Tech,Role redundancy,Haryana,Customer Support,Employee_3584,1125016,Sales,4.7,WFO,MGR1133,40,55,Medium,2024,1,Experienced
1784,EMP103714,2025,Paytm,Content Manager,Female,M.Com,Market demand decline,Telangana,Marketing,Employee_3715,507293,IT,3.7,WFO,MGR1114,72,26,Medium,2022,3,Experienced
1785,EMP103732,2025,Unacademy,Support Analyst,Female,MCA,Workforce restructuring,Telangana,Customer Support,Employee_3733,1200195,Operations,4.2,WFO,MGR1132,5,38,Medium,2020,5,Experienced
1786,EMP103747,2025,Paytm,Product Analyst,Female,BBA,Business restructuring,Karnataka,Product,Employee_3748,1827998,Support,3.0,WFO,MGR1147,55,12,Low,2022,3,Experienced
1787,EMP103815,2025,Paytm,Software Engineer,Female,M.Com,Project closure,Punjab,Engineering,Employee_3816,1238019,Marketing,3.1,WFO,MGR1065,38,27,Medium,2023,2,Experienced
1788,EMP103818,2025,Infosys,Process Associate,Non-binary,CA,Automation adoption,Gujarat,Operations,Employee_3819,1512312,IT,4.1,Hybrid,MGR1068,17,57,Medium,2020,5,Experienced
1789,EMP103828,2025,Amazon,Sales Executive,Non-binary,Diploma,Business restructuring,Madhya Pradesh,Sales,Employee_3829,1078789,Operations,2.6,Remote,MGR1078,60,33,Low,2015,10,Experienced
1790,EMP103838,2025,TCS,Operations Manager,Female,B.E.,Performance review,Odisha,Operations,Employee_3839,1236596,Sales,4.2,Hybrid,MGR1088,7,37,Medium,2024,1,Experienced
1791,EMP103954,2025,Unacademy,Product Analyst,Female,B.Sc,Business slowdown,West Bengal,Product,Employee_3955,1036433,Support,3.9,Hybrid,MGR1054,28,45,High,2020,5,Experienced
1792,EMP103960,2025,Microsoft,Product Analyst,Female,M.Tech,Financial pressure,Rajasthan,Product,Employee_3961,2174680,Sales,2.3,Remote,MGR1060,0,52,Medium,2023,2,Experienced
1793,EMP104008,2025,Infosys,Reporting Analyst,Female,MBA,Business restructuring,Andhra Pradesh,Analytics,Employee_4009,798161,Finance,4.9,WFO,MGR1108,37,37,Low,2022,3,Experienced
1794,EMP104020,2025,Swiggy,Growth Manager,Male,B.Tech,Market demand decline,West Bengal,Marketing,Employee_4021,1201821,Marketing,3.9,WFO,MGR1120,28,11,Low,2015,10,Experienced
1795,EMP104046,2025,Infosys,Software Engineer,Non-binary,B.Tech,Workforce restructuring,Delhi,Engineering,Employee_4047,1732288,IT,3.0,Hybrid,MGR1146,78,51,High,2021,4,Experienced
1796,EMP104064,2025,Zomato,Product Designer,Non-binary,B.E.,Market demand decline,Kerala,Product,Employee_4065,937337,Operations,2.2,Hybrid,MGR1014,78,22,High,2016,9,Experienced
1797,EMP104080,2025,Flipkart,Finance Executive,Non-binary,M.Com,Cost reduction,Gujarat,Finance,Employee_4081,1226250,HR,3.9,WFO,MGR1030,12,35,Low,2016,9,Experienced
1798,EMP104213,2025,Paytm,HR Executive,Non-binary,M.Tech,Automation adoption,Tamil Nadu,Human Resources,Employee_4214,1277008,Marketing,4.4,Remote,MGR1013,47,56,High,2022,3,Experienced
1799,EMP104230,2025,Meta,Tech Lead,Female,B.Sc,Financial pressure,Maharashtra,Engineering,Employee_4231,1622697,Marketing,2.7,Remote,MGR1030,79,29,High,2017,8,Experienced
1800,EMP104259,2025,Cognizant,Facilities Executive,Male,MCA,Financial pressure,Maharashtra,Administration,Employee_4260,1996838,Finance,4.5,Remote,MGR1059,24,23,High,2020,5,Experienced
1801,EMP104442,2025,Freshworks,Risk Analyst,Male,MCA,Cost reduction,Odisha,Finance,Employee_4443,1915817,Operations,4.5,Remote,MGR1092,52,11,High,2021,4,Experienced
1802,EMP104520,2025,Freshworks,Support Analyst,Male,M.Com,Project closure,Kerala,Customer Support,Employee_4521,737072,Operations,3.7,Hybrid,MGR1020,14,30,High,2020,5,Experienced
1803,EMP104530,2025,Microsoft,Growth Manager,Female,B.Tech,Project closure,Maharashtra,Marketing,Employee_4531,1043073,Operations,3.7,WFO,MGR1030,2,26,Medium,2023,2,Experienced
1804,EMP100004,2025,Paytm,Admin Executive,Non-binary,B.Sc,Financial pressure,Haryana,Administration,Employee_5,799994,Operations,3.3,Remote,MGR1004,24,23,Medium,2018,7,Experienced
1805,EMP100026,2025,Intel,Operations Analyst,Female,MCA,Role redundancy,Andhra Pradesh,Operations,Employee_27,1727951,Finance,4.9,WFO,MGR1026,7,8,High,2017,8,Experienced
1806,EMP100104,2025,Wipro,Product Manager,Female,B.Sc,Cost reduction,Tamil Nadu,Product,Employee_105,781277,Sales,3.5,Hybrid,MGR1104,8,36,Low,2023,2,Experienced
1807,EMP100137,2025,Unacademy,Admin Executive,Non-binary,BBA,Role redundancy,Madhya Pradesh,Administration,Employee_138,602548,HR,4.1,Remote,MGR1137,33,2,High,2021,4,Experienced
1808,EMP100148,2025,Cisco,Office Administrator,Male,CA,Project closure,Delhi,Administration,Employee_149,2059906,Support,3.8,Remote,MGR1148,70,46,High,2021,4,Experienced
1809,EMP100151,2025,Amazon,Technical Support Executive,Female,MCA,Automation adoption,Punjab,Customer Support,Employee_152,1114858,Support,2.1,WFO,MGR1001,3,41,Low,2017,8,Experienced
1810,EMP100199,2025,Flipkart,Process Associate,Non-binary,B.Tech,Performance review,Karnataka,Operations,Employee_200,439686,Support,4.2,WFO,MGR1049,61,34,Low,2022,3,Experienced
1811,EMP100232,2025,Swiggy,Admin Executive,Non-binary,MBA,Workforce restructuring,Delhi,Administration,Employee_233,301954,Marketing,2.2,WFO,MGR1082,40,25,Low,2015,10,Experienced
1812,EMP100263,2025,Meta,Technical Support Executive,Female,M.Tech,Cost reduction,Maharashtra,Customer Support,Employee_264,1706267,IT,2.9,Hybrid,MGR1113,2,33,Low,2015,10,Experienced
1813,EMP100281,2025,Meesho,Product Analyst,Female,MCA,Cost reduction,Tamil Nadu,Product,Employee_282,966173,HR,2.4,Remote,MGR1131,27,43,Low,2016,9,Experienced
1814,EMP100299,2025,Microsoft,Finance Executive,Male,B.Sc,Business restructuring,Madhya Pradesh,Finance,Employee_300,2127791,Operations,4.6,WFO,MGR1149,44,41,High,2016,9,Experienced
1815,EMP100342,2025,Ola Electric,Customer Success Executive,Non-binary,B.E.,Market demand decline,Telangana,Customer Support,Employee_343,682937,HR,4.9,Hybrid,MGR1042,12,36,Medium,2022,3,Experienced
1816,EMP100343,2025,TCS,Finance Executive,Male,M.Tech,Cost reduction,Odisha,Finance,Employee_344,2079619,Finance,3.2,Remote,MGR1043,75,0,Low,2020,5,Experienced
1817,EMP100414,2025,Cisco,Finance Executive,Male,BBA,Business slowdown,Punjab,Finance,Employee_415,2136904,Marketing,4.2,WFO,MGR1114,72,52,Low,2019,6,Experienced
1818,EMP100488,2025,Meesho,Technical Support Executive,Non-binary,CA,Cost reduction,Karnataka,Customer Support,Employee_489,1792109,Sales,3.7,Remote,MGR1038,56,38,Medium,2016,9,Experienced
1819,EMP100509,2025,Zomato,Customer Success Executive,Female,B.E.,Workforce restructuring,Punjab,Customer Support,Employee_510,1550894,Finance,2.9,Remote,MGR1059,13,52,High,2021,4,Experienced
1820,EMP100540,2025,Flipkart,Marketing Executive,Non-binary,BCA,Project closure,West Bengal,Marketing,Employee_541,1577154,Operations,4.8,Remote,MGR1090,39,25,High,2015,10,Experienced
1821,EMP100542,2025,Cisco,Talent Acquisition Specialist,Non-binary,BCA,Business restructuring,Rajasthan,Human Resources,Employee_543,1631479,HR,2.9,Hybrid,MGR1092,43,38,Medium,2021,4,Experienced
1822,EMP100544,2025,TCS,Inside Sales Executive,Non-binary,M.Com,Market demand decline,Haryana,Sales,Employee_545,1786936,Marketing,4.5,Remote,MGR1094,28,34,Medium,2020,5,Experienced
1823,EMP100603,2025,Amazon,Accountant,Female,B.Sc,Financial pressure,Karnataka,Finance,Employee_604,2106486,Operations,3.2,Hybrid,MGR1003,56,44,High,2022,3,Experienced
1824,EMP100652,2025,Swiggy,Risk Analyst,Male,B.Sc,Cost reduction,Punjab,Finance,Employee_653,272888,IT,2.9,Remote,MGR1052,60,23,Low,2023,2,Experienced
1825,EMP100682,2025,Intel,Operations Analyst,Female,B.Tech,Business restructuring,Uttar Pradesh,Operations,Employee_683,1900071,Finance,3.1,Hybrid,MGR1082,5,16,Medium,2017,8,Experienced
1826,EMP100718,2025,Ola Electric,QA Engineer,Male,B.Tech,Cost reduction,Andhra Pradesh,Engineering,Employee_719,458477,Support,4.2,Remote,MGR1118,74,40,Low,2024,1,Experienced
1827,EMP100725,2025,Accenture,Operations Manager,Non-binary,MBA,Business slowdown,Karnataka,Operations,Employee_726,1838563,Operations,2.1,Hybrid,MGR1125,55,47,Medium,2021,4,Experienced
1828,EMP100794,2025,Cognizant,Business Analyst,Non-binary,B.Tech,Business restructuring,Karnataka,Analytics,Employee_795,887562,Finance,2.1,Hybrid,MGR1044,29,32,Low,2018,7,Experienced
1829,EMP100928,2025,Wipro,BI Analyst,Male,M.Com,Role redundancy,Madhya Pradesh,Analytics,Employee_929,634521,Operations,2.8,Hybrid,MGR1028,74,7,Medium,2018,7,Experienced
1830,EMP100956,2025,Swiggy,Accountant,Non-binary,CA,Market demand decline,Punjab,Finance,Employee_957,1825544,HR,3.3,WFO,MGR1056,62,6,Low,2021,4,Experienced
1831,EMP100983,2025,Wipro,Customer Support Executive,Female,MBA,Cost reduction,Haryana,Customer Support,Employee_984,1656972,Operations,4.1,WFO,MGR1083,45,38,High,2015,10,Experienced
1832,EMP101010,2025,Google,Customer Support Executive,Female,B.Tech,Market demand decline,Uttar Pradesh,Customer Support,Employee_1011,1948425,Marketing,4.5,Hybrid,MGR1110,28,39,Medium,2023,2,Experienced
1833,EMP101038,2025,Ola Electric,Digital Marketing Specialist,Female,Diploma,Workforce restructuring,Uttar Pradesh,Marketing,Employee_1039,1600666,HR,2.0,Hybrid,MGR1138,0,3,High,2015,10,Experienced
1834,EMP101087,2025,Intel,Operations Manager,Male,MCA,Performance review,Telangana,Operations,Employee_1088,719323,Support,4.0,Hybrid,MGR1037,44,31,Medium,2019,6,Experienced
1835,EMP101223,2025,Paytm,Facilities Executive,Female,M.Tech,Performance review,Maharashtra,Administration,Employee_1224,515853,Finance,3.8,WFO,MGR1023,60,56,Medium,2022,3,Experienced
1836,EMP101282,2025,Myntra,UX Designer,Male,BBA,Financial pressure,Rajasthan,Product,Employee_1283,1243474,Marketing,3.6,Hybrid,MGR1082,65,17,High,2024,1,Experienced
1837,EMP101312,2025,Wipro,BI Analyst,Female,MCA,Business slowdown,Kerala,Analytics,Employee_1313,1277449,Sales,4.6,WFO,MGR1112,24,37,Medium,2018,7,Experienced
1838,EMP101359,2025,Wipro,Content Manager,Female,MBA,Role redundancy,Delhi,Marketing,Employee_1360,506222,HR,3.2,Remote,MGR1009,67,0,Low,2023,2,Experienced
1839,EMP101363,2025,Unacademy,Data Analyst,Male,B.E.,Cost reduction,Kerala,Analytics,Employee_1364,433433,IT,4.7,WFO,MGR1013,65,4,Low,2020,5,Experienced
1840,EMP101464,2025,Flipkart,Risk Analyst,Female,M.Com,Business restructuring,Telangana,Finance,Employee_1465,823719,Operations,5.0,WFO,MGR1114,1,1,High,2017,8,Experienced
1841,EMP101586,2025,Meta,Risk Analyst,Female,M.Com,Financial pressure,Odisha,Finance,Employee_1587,1303057,IT,4.7,WFO,MGR1086,4,22,High,2016,9,Experienced
1842,EMP101664,2025,TCS,Operations Manager,Female,B.E.,Project closure,Madhya Pradesh,Operations,Employee_1665,1060049,IT,2.9,WFO,MGR1014,53,11,Medium,2018,7,Experienced
1843,EMP101696,2025,Meta,Facilities Executive,Non-binary,M.Tech,Workforce restructuring,Madhya Pradesh,Administration,Employee_1697,975899,Marketing,4.1,Hybrid,MGR1046,29,42,Medium,2022,3,Experienced
1844,EMP101731,2025,Meesho,Software Engineer,Non-binary,B.E.,Business slowdown,Delhi,Engineering,Employee_1732,1186289,HR,3.3,WFO,MGR1081,6,57,Medium,2023,2,Experienced
1845,EMP101777,2025,Infosys,Process Associate,Female,M.Tech,Role redundancy,Telangana,Operations,Employee_1778,1504576,Sales,4.2,WFO,MGR1127,79,39,High,2024,1,Experienced
1846,EMP101798,2025,Google,Operations Analyst,Female,B.Tech,Automation adoption,Madhya Pradesh,Operations,Employee_1799,2103207,Sales,3.7,WFO,MGR1148,10,37,Medium,2023,2,Experienced
1847,EMP101818,2025,Unacademy,Technical Support Executive,Male,CA,Project closure,Odisha,Customer Support,Employee_1819,1286753,IT,4.5,WFO,MGR1018,37,33,Medium,2019,6,Experienced
1848,EMP101864,2025,Zomato,Risk Analyst,Male,B.Tech,Workforce restructuring,Karnataka,Finance,Employee_1865,1363327,Support,4.5,Remote,MGR1064,29,41,Medium,2020,5,Experienced
1849,EMP101878,2025,Unacademy,Accountant,Non-binary,BCA,Business restructuring,Uttar Pradesh,Finance,Employee_1879,859749,HR,4.5,WFO,MGR1078,29,28,Medium,2017,8,Experienced
1850,EMP101934,2025,Intel,Account Manager,Male,Diploma,Business restructuring,Maharashtra,Sales,Employee_1935,945639,HR,3.2,Remote,MGR1134,48,3,Medium,2018,7,Experienced
1851,EMP101941,2025,Wipro,Customer Success Executive,Male,BBA,Business slowdown,Gujarat,Customer Support,Employee_1942,2058868,Finance,2.0,WFO,MGR1141,79,49,High,2024,1,Experienced
1852,EMP101949,2025,Unacademy,Product Manager,Female,M.Com,Business restructuring,Punjab,Product,Employee_1950,1891383,Finance,3.5,Remote,MGR1149,51,12,High,2017,8,Experienced
1853,EMP102022,2025,Wipro,HR Executive,Non-binary,B.Sc,Performance review,Kerala,Human Resources,Employee_2023,1896485,Support,3.6,Remote,MGR1072,46,46,Medium,2021,4,Experienced
1854,EMP102179,2025,Cognizant,Sales Manager,Non-binary,Diploma,Business restructuring,Haryana,Sales,Employee_2180,1721452,HR,2.6,Remote,MGR1079,6,2,Medium,2022,3,Experienced
1855,EMP102366,2025,Ola Electric,Risk Analyst,Male,B.Sc,Business slowdown,Kerala,Finance,Employee_2367,1510907,Sales,4.0,Hybrid,MGR1116,78,5,Medium,2021,4,Experienced
1856,EMP102369,2025,Swiggy,Customer Support Executive,Female,B.E.,Performance review,Punjab,Customer Support,Employee_2370,376666,IT,2.5,Hybrid,MGR1119,15,33,Medium,2019,6,Experienced
1857,EMP102398,2025,Unacademy,Facilities Executive,Male,M.Tech,Performance review,Haryana,Administration,Employee_2399,1031660,HR,2.6,Hybrid,MGR1148,23,12,Medium,2022,3,Experienced
1858,EMP102476,2025,Swiggy,Process Associate,Non-binary,Diploma,Cost reduction,Kerala,Operations,Employee_2477,397899,Sales,4.8,Remote,MGR1076,20,18,High,2017,8,Experienced
1859,EMP102591,2025,Freshworks,Data Scientist,Male,CA,Performance review,Karnataka,Analytics,Employee_2592,1794738,Sales,2.3,Remote,MGR1041,49,30,Medium,2020,5,Experienced
1860,EMP102626,2025,Meesho,Financial Analyst,Non-binary,BBA,Performance review,Haryana,Finance,Employee_2627,1593480,HR,2.6,Remote,MGR1076,66,0,Low,2024,1,Experienced
1861,EMP102627,2025,Meta,Content Manager,Female,BCA,Automation adoption,Tamil Nadu,Marketing,Employee_2628,1529306,Marketing,2.5,Hybrid,MGR1077,50,0,High,2019,6,Experienced
1862,EMP102677,2025,Microsoft,HR Executive,Male,BCA,Project closure,Punjab,Human Resources,Employee_2678,683739,HR,3.9,WFO,MGR1127,27,34,High,2024,1,Experienced
1863,EMP102689,2025,Intel,Content Manager,Female,BBA,Business slowdown,Telangana,Marketing,Employee_2690,1241330,Marketing,3.7,Remote,MGR1139,47,56,High,2020,5,Experienced
1864,EMP102694,2025,Cognizant,Support Analyst,Non-binary,M.Com,Business slowdown,Tamil Nadu,Customer Support,Employee_2695,1999332,Operations,3.3,Remote,MGR1144,32,13,Low,2015,10,Experienced
1865,EMP102724,2025,Meta,Support Analyst,Female,B.Sc,Workforce restructuring,Andhra Pradesh,Customer Support,Employee_2725,1950555,Support,2.0,WFO,MGR1024,35,14,Low,2016,9,Experienced
1866,EMP102736,2025,Freshworks,Business Development Executive,Female,M.Tech,Role redundancy,Karnataka,Sales,Employee_2737,1315368,Operations,3.3,Hybrid,MGR1036,29,6,High,2015,10,Experienced
1867,EMP102737,2025,Flipkart,Content Manager,Male,B.Sc,Business slowdown,Tamil Nadu,Marketing,Employee_2738,752567,Operations,3.0,Hybrid,MGR1037,76,54,Medium,2015,10,Experienced
1868,EMP102795,2025,Intel,Support Analyst,Female,MBA,Performance review,Odisha,Customer Support,Employee_2796,2083991,Marketing,4.3,WFO,MGR1095,36,30,High,2019,6,Experienced
1869,EMP102880,2025,Cognizant,Office Administrator,Male,M.Com,Cost reduction,Uttar Pradesh,Administration,Employee_2881,2067991,HR,2.3,Hybrid,MGR1030,27,45,High,2020,5,Experienced
1870,EMP102999,2025,Swiggy,Software Developer,Female,B.Sc,Business restructuring,Delhi,Engineering,Employee_3000,1082716,IT,4.8,Hybrid,MGR1149,13,55,Medium,2018,7,Experienced
1871,EMP103016,2025,Ola Electric,Operations Manager,Female,Diploma,Role redundancy,Andhra Pradesh,Operations,Employee_3017,1408401,HR,4.0,Hybrid,MGR1016,72,56,High,2015,10,Experienced
1872,EMP103084,2025,Paytm,Customer Success Executive,Non-binary,CA,Workforce restructuring,Uttar Pradesh,Customer Support,Employee_3085,1093229,Support,2.3,Hybrid,MGR1084,47,21,High,2017,8,Experienced
1873,EMP103153,2025,Infosys,Recruiter,Female,B.E.,Automation adoption,Maharashtra,Human Resources,Employee_3154,2120020,Finance,2.5,WFO,MGR1003,56,51,High,2021,4,Experienced
1874,EMP103203,2025,TCS,Risk Analyst,Female,B.E.,Business restructuring,Kerala,Finance,Employee_3204,1921736,HR,2.1,WFO,MGR1053,45,44,Medium,2023,2,Experienced
1875,EMP103211,2025,Intel,Facilities Executive,Female,MBA,Market demand decline,Uttar Pradesh,Administration,Employee_3212,1096352,Support,4.8,WFO,MGR1061,37,37,Low,2019,6,Experienced
1876,EMP103232,2025,Ola Electric,Technical Support Executive,Female,M.Tech,Cost reduction,Delhi,Customer Support,Employee_3233,514229,IT,4.5,Remote,MGR1082,69,47,Medium,2022,3,Experienced
1877,EMP103304,2025,Accenture,Finance Executive,Female,B.E.,Project closure,Maharashtra,Finance,Employee_3305,1723045,Operations,4.2,Hybrid,MGR1004,41,52,Medium,2023,2,Experienced
1878,EMP103488,2025,Freshworks,Financial Analyst,Female,CA,Business restructuring,Telangana,Finance,Employee_3489,1630451,Sales,4.3,WFO,MGR1038,44,18,Medium,2017,8,Experienced
1879,EMP103594,2025,Unacademy,Backend Developer,Non-binary,MCA,Role redundancy,Uttar Pradesh,Engineering,Employee_3595,955200,Finance,4.2,Hybrid,MGR1144,32,12,Low,2015,10,Experienced
1880,EMP103616,2025,Zomato,Operations Analyst,Non-binary,B.Tech,Cost reduction,Gujarat,Operations,Employee_3617,1909823,Operations,4.5,Hybrid,MGR1016,76,0,Low,2021,4,Experienced
1881,EMP103627,2025,Microsoft,Facilities Executive,Male,Diploma,Market demand decline,Maharashtra,Administration,Employee_3628,1421250,Sales,2.5,WFO,MGR1027,14,23,Medium,2020,5,Experienced
1882,EMP103636,2025,Ola Electric,Content Manager,Female,BCA,Cost reduction,Telangana,Marketing,Employee_3637,646739,Support,4.9,Remote,MGR1036,7,21,Low,2021,4,Experienced
1883,EMP103667,2025,Zomato,Software Engineer,Male,CA,Role redundancy,Maharashtra,Engineering,Employee_3668,1245415,Sales,2.3,WFO,MGR1067,1,51,Medium,2021,4,Experienced
1884,EMP103727,2025,Cognizant,Data Scientist,Non-binary,B.Sc,Market demand decline,Karnataka,Analytics,Employee_3728,1497675,IT,4.7,Remote,MGR1127,41,7,Medium,2021,4,Experienced
1885,EMP103733,2025,Wipro,Sales Executive,Male,Diploma,Project closure,West Bengal,Sales,Employee_3734,1161091,IT,4.6,Remote,MGR1133,32,10,Medium,2021,4,Experienced
1886,EMP103789,2025,Unacademy,Growth Manager,Male,MCA,Performance review,Gujarat,Marketing,Employee_3790,2004276,IT,3.4,Hybrid,MGR1039,61,31,High,2021,4,Experienced
1887,EMP103837,2025,Google,Process Associate,Male,MCA,Automation adoption,Rajasthan,Operations,Employee_3838,1992693,Marketing,2.2,Hybrid,MGR1087,35,26,Low,2018,7,Experienced
1888,EMP103841,2025,Meesho,Operations Executive,Male,Diploma,Business restructuring,Odisha,Operations,Employee_3842,2004670,HR,4.0,Remote,MGR1091,28,37,Medium,2020,5,Experienced
1889,EMP103850,2025,Zomato,Reporting Analyst,Male,B.Tech,Performance review,Madhya Pradesh,Analytics,Employee_3851,939780,Finance,4.8,WFO,MGR1100,32,42,High,2017,8,Experienced
1890,EMP103851,2025,TCS,Risk Analyst,Female,B.E.,Business restructuring,Kerala,Finance,Employee_3852,540743,Operations,4.8,Remote,MGR1101,54,15,Low,2021,4,Experienced
1891,EMP103877,2025,Infosys,Financial Analyst,Male,M.Com,Automation adoption,Madhya Pradesh,Finance,Employee_3878,1864629,Marketing,2.9,WFO,MGR1127,32,20,High,2022,3,Experienced
1892,EMP103989,2025,Ola Electric,UX Designer,Male,BCA,Project closure,Karnataka,Product,Employee_3990,1860024,Marketing,2.6,Hybrid,MGR1089,57,53,High,2022,3,Experienced
1893,EMP103995,2025,Unacademy,Marketing Executive,Male,BCA,Business restructuring,Karnataka,Marketing,Employee_3996,915685,Marketing,2.6,Remote,MGR1095,2,30,Low,2015,10,Experienced
1894,EMP104002,2025,Wipro,Office Administrator,Female,M.Tech,Financial pressure,Uttar Pradesh,Administration,Employee_4003,1978622,IT,2.8,Hybrid,MGR1102,30,0,Medium,2022,3,Experienced
1895,EMP104003,2025,Meta,Recruiter,Female,BCA,Market demand decline,Andhra Pradesh,Human Resources,Employee_4004,2130773,IT,3.7,Remote,MGR1103,1,45,Medium,2017,8,Experienced
1896,EMP104032,2025,Cognizant,Operations Analyst,Non-binary,B.Tech,Automation adoption,Haryana,Operations,Employee_4033,1603085,Operations,2.9,Remote,MGR1132,11,22,Medium,2019,6,Experienced
1897,EMP104051,2025,Accenture,Frontend Developer,Female,Diploma,Automation adoption,Maharashtra,Engineering,Employee_4052,408723,Operations,4.8,Hybrid,MGR1001,12,21,Low,2024,1,Experienced
1898,EMP104075,2025,Wipro,Support Analyst,Non-binary,B.Tech,Business restructuring,Telangana,Customer Support,Employee_4076,1829007,Marketing,3.9,WFO,MGR1025,9,1,Medium,2024,1,Experienced
1899,EMP104196,2025,Flipkart,Risk Analyst,Female,B.E.,Project closure,Haryana,Finance,Employee_4197,2020487,Operations,3.5,WFO,MGR1146,42,39,Low,2022,3,Experienced
1900,EMP104261,2025,Flipkart,Talent Acquisition Specialist,Non-binary,B.E.,Performance review,Maharashtra,Human Resources,Employee_4262,618615,IT,4.4,Remote,MGR1061,54,20,Medium,2019,6,Experienced
1901,EMP104262,2025,Cisco,Process Associate,Non-binary,M.Tech,Automation adoption,Punjab,Operations,Employee_4263,570480,IT,3.6,WFO,MGR1062,57,8,Low,2021,4,Experienced
1902,EMP104293,2025,Unacademy,Process Associate,Non-binary,B.Tech,Performance review,Uttar Pradesh,Operations,Employee_4294,498054,Operations,4.6,Remote,MGR1093,20,21,Low,2023,2,Experienced
1903,EMP104343,2025,Cisco,Recruiter,Non-binary,M.Com,Financial pressure,West Bengal,Human Resources,Employee_4344,287981,Support,3.2,Hybrid,MGR1143,38,14,Low,2016,9,Experienced
1904,EMP104356,2025,Google,Facilities Executive,Male,BBA,Role redundancy,Tamil Nadu,Administration,Employee_4357,854407,HR,4.8,WFO,MGR1006,60,38,Medium,2022,3,Experienced
1905,EMP104396,2025,Microsoft,Talent Acquisition Specialist,Female,B.E.,Project closure,Rajasthan,Human Resources,Employee_4397,1459317,IT,4.9,Remote,MGR1046,44,53,Low,2018,7,Experienced
1906,EMP104410,2025,Freshworks,Admin Executive,Male,M.Com,Automation adoption,Telangana,Administration,Employee_4411,2060324,Marketing,2.3,Hybrid,MGR1060,79,58,High,2018,7,Experienced
1907,EMP104451,2025,Ola Electric,Admin Executive,Non-binary,BBA,Role redundancy,Tamil Nadu,Administration,Employee_4452,1540780,Finance,4.2,Remote,MGR1101,35,53,High,2017,8,Experienced
1908,EMP104535,2025,Flipkart,BI Analyst,Male,MBA,Role redundancy,Maharashtra,Analytics,Employee_4536,322505,IT,3.3,WFO,MGR1035,62,52,Low,2024,1,Experienced
1909,EMP100028,2025,TCS,Office Administrator,Female,M.Tech,Performance review,Rajasthan,Administration,Employee_29,1411794,Sales,3.4,Hybrid,MGR1028,64,24,Medium,2020,5,Experienced
1910,EMP100063,2025,Unacademy,Business Development Executive,Female,BBA,Automation adoption,Rajasthan,Sales,Employee_64,801297,IT,5.0,Remote,MGR1063,40,44,High,2016,9,Experienced
1911,EMP100085,2025,Freshworks,Data Scientist,Female,BCA,Automation adoption,Uttar Pradesh,Analytics,Employee_86,1379666,HR,2.5,Remote,MGR1085,4,30,Low,2022,3,Experienced
1912,EMP100115,2025,Infosys,Senior Software Engineer,Male,MBA,Workforce restructuring,Haryana,Engineering,Employee_116,704946,Support,2.6,Remote,MGR1115,75,29,Low,2019,6,Experienced
1913,EMP100117,2025,Infosys,Admin Executive,Non-binary,CA,Automation adoption,Karnataka,Administration,Employee_118,1729180,Finance,4.6,Remote,MGR1117,69,57,Low,2018,7,Experienced
1914,EMP100132,2025,Microsoft,Product Analyst,Non-binary,BCA,Business restructuring,Odisha,Product,Employee_133,945061,Sales,2.2,WFO,MGR1132,33,32,Low,2021,4,Experienced
1915,EMP100141,2025,Paytm,Sales Executive,Male,B.Tech,Performance review,West Bengal,Sales,Employee_142,364321,Marketing,2.8,WFO,MGR1141,71,49,High,2016,9,Experienced
1916,EMP100260,2025,Myntra,Customer Support Executive,Non-binary,BCA,Workforce restructuring,Andhra Pradesh,Customer Support,Employee_261,352474,IT,3.7,WFO,MGR1110,42,36,Medium,2019,6,Experienced
1917,EMP100283,2025,Wipro,Account Manager,Female,BBA,Market demand decline,Madhya Pradesh,Sales,Employee_284,1003046,Sales,3.2,WFO,MGR1133,23,22,Low,2019,6,Experienced
1918,EMP100318,2025,Google,Frontend Developer,Non-binary,Diploma,Financial pressure,Telangana,Engineering,Employee_319,1884086,Support,4.9,WFO,MGR1018,9,50,Medium,2017,8,Experienced
1919,EMP100575,2025,Flipkart,Customer Success Executive,Male,B.Sc,Business slowdown,Madhya Pradesh,Customer Support,Employee_576,447910,Sales,4.3,Remote,MGR1125,54,3,High,2023,2,Experienced
1920,EMP100576,2025,Meesho,MIS Executive,Male,MBA,Role redundancy,Delhi,Analytics,Employee_577,1051749,Marketing,2.9,Remote,MGR1126,78,46,Medium,2022,3,Experienced
1921,EMP100712,2025,Cisco,Process Associate,Male,CA,Automation adoption,Telangana,Operations,Employee_713,785869,Finance,3.6,Hybrid,MGR1112,36,7,Medium,2016,9,Experienced
1922,EMP100757,2025,Zomato,Software Developer,Female,MBA,Role redundancy,Madhya Pradesh,Engineering,Employee_758,1540305,Finance,4.9,WFO,MGR1007,44,42,Low,2021,4,Experienced
1923,EMP100779,2025,Flipkart,Customer Success Executive,Male,B.Sc,Business slowdown,Madhya Pradesh,Customer Support,Employee_780,286294,HR,2.8,WFO,MGR1029,45,23,High,2016,9,Experienced
1924,EMP100839,2025,Ola Electric,Support Analyst,Male,B.Sc,Role redundancy,Andhra Pradesh,Customer Support,Employee_840,489222,HR,2.1,Remote,MGR1089,72,20,Medium,2017,8,Experienced
1925,EMP100892,2025,Freshworks,Software Engineer,Female,M.Com,Project closure,Telangana,Engineering,Employee_893,1070527,Finance,3.9,Remote,MGR1142,0,13,High,2017,8,Experienced
1926,EMP100897,2025,Accenture,Growth Manager,Male,CA,Market demand decline,Punjab,Marketing,Employee_898,396991,Finance,2.3,WFO,MGR1147,32,0,Low,2022,3,Experienced
1927,EMP100959,2025,TCS,Recruiter,Male,B.Sc,Role redundancy,Telangana,Human Resources,Employee_960,342968,IT,2.3,WFO,MGR1059,20,44,High,2019,6,Experienced
1928,EMP101081,2025,Unacademy,Risk Analyst,Male,B.Sc,Market demand decline,Andhra Pradesh,Finance,Employee_1082,367579,Operations,2.7,Remote,MGR1031,26,32,Medium,2017,8,Experienced
1929,EMP101112,2025,Meta,Business Development Executive,Male,B.Sc,Financial pressure,Odisha,Sales,Employee_1113,1896288,HR,4.1,WFO,MGR1062,53,26,Medium,2015,10,Experienced
1930,EMP101121,2025,Amazon,Business Analyst,Male,B.Tech,Workforce restructuring,Delhi,Analytics,Employee_1122,892039,Finance,3.5,Hybrid,MGR1071,49,40,Low,2022,3,Experienced
1931,EMP101132,2025,Wipro,Operations Analyst,Non-binary,MCA,Role redundancy,Rajasthan,Human Resources,Employee_1133,1805134,Support,2.8,WFO,MGR1082,25,21,Medium,2016,9,Experienced
1932,EMP101146,2025,Myntra,Data Engineer,Non-binary,BCA,Market demand decline,Kerala,Engineering,Employee_1147,1560393,IT,4.2,Hybrid,MGR1096,34,11,Low,2024,1,Experienced
1933,EMP101231,2025,Ola Electric,Operations Manager,Non-binary,MCA,Performance review,Madhya Pradesh,Operations,Employee_1232,952324,Finance,2.5,Hybrid,MGR1031,7,15,Low,2016,9,Experienced
1934,EMP101270,2025,Ola Electric,MIS Executive,Non-binary,Diploma,Financial pressure,Odisha,Analytics,Employee_1271,469977,HR,4.5,Remote,MGR1070,57,31,Low,2016,9,Experienced
1935,EMP101374,2025,Google,Digital Marketing Specialist,Male,M.Com,Cost reduction,Odisha,Marketing,Employee_1375,678831,Marketing,2.8,Remote,MGR1024,28,47,Medium,2024,1,Experienced
1936,EMP101436,2025,Swiggy,Risk Analyst,Female,M.Tech,Performance review,Uttar Pradesh,Finance,Employee_1437,252745,Marketing,3.6,WFO,MGR1086,71,10,Medium,2021,4,Experienced
1937,EMP101469,2025,Accenture,Financial Analyst,Male,MCA,Cost reduction,Madhya Pradesh,Finance,Employee_1470,344736,Operations,4.6,Remote,MGR1119,17,55,Low,2020,5,Experienced
1938,EMP101492,2025,Microsoft,DevOps Engineer,Female,Diploma,Market demand decline,Tamil Nadu,Engineering,Employee_1493,2096394,Sales,4.4,WFO,MGR1142,6,7,Medium,2017,8,Experienced
1939,EMP101543,2025,Ola Electric,Financial Analyst,Non-binary,M.Tech,Cost reduction,Maharashtra,Finance,Employee_1544,1705567,Finance,3.6,WFO,MGR1043,16,41,Medium,2018,7,Experienced
1940,EMP101618,2025,Freshworks,Office Administrator,Non-binary,B.Tech,Cost reduction,Rajasthan,Administration,Employee_1619,978042,HR,2.5,Remote,MGR1118,52,59,High,2022,3,Experienced
1941,EMP101750,2025,Google,Marketing Executive,Non-binary,CA,Project closure,Tamil Nadu,Marketing,Employee_1751,2024923,HR,4.5,Remote,MGR1100,28,28,Low,2023,2,Experienced
1942,EMP101751,2025,Meesho,Business Analyst,Female,M.Com,Role redundancy,Delhi,Analytics,Employee_1752,1532261,Support,2.4,Remote,MGR1101,40,11,High,2024,1,Experienced
1943,EMP101754,2025,Freshworks,Sales Executive,Female,B.Sc,Business restructuring,Madhya Pradesh,Sales,Employee_1755,1796868,Operations,3.2,Hybrid,MGR1104,59,11,High,2016,9,Experienced
1944,EMP101757,2025,Intel,Product Designer,Non-binary,CA,Automation adoption,Odisha,Product,Employee_1758,2037438,Operations,3.5,Remote,MGR1107,7,34,High,2019,6,Experienced
1945,EMP101765,2025,Myntra,Business Development Executive,Female,B.E.,Business restructuring,Uttar Pradesh,Sales,Employee_1766,356573,Operations,2.7,Hybrid,MGR1115,59,33,High,2016,9,Experienced
1946,EMP101796,2025,Freshworks,Product Designer,Female,MBA,Cost reduction,Punjab,Product,Employee_1797,353110,Operations,4.0,WFO,MGR1146,7,50,Medium,2020,5,Experienced
1947,EMP101851,2025,Ola Electric,Digital Marketing Specialist,Female,B.Sc,Workforce restructuring,Rajasthan,Marketing,Employee_1852,837845,HR,4.0,Hybrid,MGR1051,67,22,Medium,2023,2,Experienced
1948,EMP101889,2025,Intel,Customer Success Executive,Female,BCA,Business slowdown,Telangana,Customer Support,Employee_1890,1625315,HR,2.7,Hybrid,MGR1089,8,20,Medium,2016,9,Experienced
1949,EMP101913,2025,Unacademy,Risk Analyst,Female,MCA,Cost reduction,Andhra Pradesh,Finance,Employee_1914,309675,Support,4.2,Remote,MGR1113,58,1,Medium,2017,8,Experienced
1950,EMP101956,2025,Wipro,Backend Developer,Male,B.Sc,Project closure,Punjab,Engineering,Employee_1957,1786437,Support,3.6,WFO,MGR1006,37,52,Medium,2015,10,Experienced
1951,EMP101970,2025,Swiggy,Recruiter,Non-binary,B.Sc,Performance review,Delhi,Human Resources,Employee_1971,1773239,HR,2.7,Hybrid,MGR1020,34,41,Low,2017,8,Experienced
1952,EMP102020,2025,Freshworks,BI Analyst,Female,B.Tech,Financial pressure,Haryana,Analytics,Employee_2021,565172,Operations,4.7,Hybrid,MGR1070,33,7,Low,2023,2,Experienced
1953,EMP102079,2025,Cisco,Accountant,Non-binary,CA,Financial pressure,Tamil Nadu,Finance,Employee_2080,466287,Support,4.4,Remote,MGR1129,78,12,Medium,2024,1,Experienced
1954,EMP102104,2025,Google,Facilities Executive,Non-binary,M.Tech,Performance review,Gujarat,Administration,Employee_2105,976792,Operations,3.8,WFO,MGR1004,40,8,High,2022,3,Experienced
1955,EMP102127,2025,Accenture,Operations Analyst,Non-binary,BCA,Financial pressure,Tamil Nadu,Operations,Employee_2128,752528,Finance,3.8,Hybrid,MGR1027,51,6,High,2019,6,Experienced
1956,EMP102182,2025,Zomato,Inside Sales Executive,Female,MBA,Business slowdown,Andhra Pradesh,Sales,Employee_2183,1166457,Finance,3.1,WFO,MGR1082,61,59,Low,2021,4,Experienced
1957,EMP102299,2025,Infosys,Tech Lead,Non-binary,MCA,Business restructuring,Delhi,Engineering,Employee_2300,1974660,Operations,4.5,WFO,MGR1049,37,51,Low,2017,8,Experienced
1958,EMP102317,2025,Intel,Finance Executive,Non-binary,Diploma,Business slowdown,Tamil Nadu,Finance,Employee_2318,1565626,Finance,2.3,WFO,MGR1067,13,3,Medium,2015,10,Experienced
1959,EMP102358,2025,Zomato,Frontend Developer,Female,M.Tech,Business restructuring,Uttar Pradesh,Engineering,Employee_2359,1408381,Finance,2.1,Hybrid,MGR1108,5,25,Medium,2018,7,Experienced
1960,EMP102445,2025,Google,BI Analyst,Non-binary,MCA,Role redundancy,Andhra Pradesh,Analytics,Employee_2446,1151480,IT,3.7,Remote,MGR1045,14,36,High,2023,2,Experienced
1961,EMP102486,2025,Unacademy,Admin Executive,Male,M.Tech,Financial pressure,Haryana,Administration,Employee_2487,576911,Operations,4.8,Hybrid,MGR1086,21,12,Medium,2019,6,Experienced
1962,EMP102586,2025,Meesho,Account Manager,Male,BBA,Business restructuring,Kerala,Sales,Employee_2587,2180540,Finance,2.9,Hybrid,MGR1036,49,46,Low,2021,4,Experienced
1963,EMP102619,2025,Cognizant,Product Analyst,Male,M.Tech,Project closure,Gujarat,Product,Employee_2620,714110,IT,3.9,WFO,MGR1069,0,2,Medium,2022,3,Experienced
1964,EMP102637,2025,Unacademy,HR Business Partner,Non-binary,MCA,Automation adoption,West Bengal,Human Resources,Employee_2638,591828,Operations,4.0,Remote,MGR1087,22,16,High,2023,2,Experienced
1965,EMP102686,2025,Swiggy,Technical Support Executive,Female,B.Sc,Performance review,Gujarat,Customer Support,Employee_2687,2146626,Finance,3.3,Hybrid,MGR1136,11,51,Medium,2018,7,Experienced
1966,EMP102742,2025,TCS,Marketing Executive,Female,CA,Business restructuring,Delhi,Marketing,Employee_2743,1698312,Sales,3.0,Remote,MGR1042,13,41,Medium,2021,4,Experienced
1967,EMP102744,2025,Meta,Software Engineer,Non-binary,M.Com,Project closure,Punjab,Engineering,Employee_2745,1027887,Operations,4.8,WFO,MGR1044,23,57,Medium,2024,1,Experienced
1968,EMP102779,2025,Accenture,Product Manager,Male,BCA,Cost reduction,Madhya Pradesh,Product,Employee_2780,1962112,Support,3.0,WFO,MGR1079,36,51,Medium,2022,3,Experienced
1969,EMP102921,2025,TCS,Product Manager,Female,BBA,Workforce restructuring,Madhya Pradesh,Product,Employee_2922,1517541,IT,3.4,WFO,MGR1071,6,52,Low,2015,10,Experienced
1970,EMP102923,2025,Meesho,Facilities Executive,Non-binary,B.Tech,Performance review,Odisha,Administration,Employee_2924,1510856,Marketing,3.8,Hybrid,MGR1073,16,7,Low,2019,6,Experienced
1971,EMP102991,2025,Infosys,Product Designer,Non-binary,BCA,Automation adoption,Maharashtra,Product,Employee_2992,983244,Sales,3.6,WFO,MGR1141,46,55,High,2016,9,Experienced
1972,EMP103072,2025,Google,Product Designer,Non-binary,B.E.,Business slowdown,Telangana,Product,Employee_3073,856659,Sales,2.1,Remote,MGR1072,50,3,Medium,2015,10,Experienced
1973,EMP103101,2025,Unacademy,Growth Manager,Male,Diploma,Financial pressure,Karnataka,Marketing,Employee_3102,1463026,Marketing,4.4,WFO,MGR1101,70,29,High,2024,1,Experienced
1974,EMP103110,2025,Paytm,Recruiter,Non-binary,B.Sc,Cost reduction,Maharashtra,Human Resources,Employee_3111,1840103,Support,3.1,Hybrid,MGR1110,57,21,Medium,2021,4,Experienced
1975,EMP103135,2025,Flipkart,Office Administrator,Female,CA,Business restructuring,Uttar Pradesh,Administration,Employee_3136,1414343,HR,4.7,Remote,MGR1135,66,28,Medium,2017,8,Experienced
1976,EMP103172,2025,Swiggy,Facilities Executive,Male,BBA,Cost reduction,Karnataka,Administration,Employee_3173,1756430,Operations,3.4,Hybrid,MGR1022,7,39,High,2016,9,Experienced
1977,EMP103200,2025,Paytm,Finance Executive,Male,MCA,Automation adoption,Delhi,Finance,Employee_3201,635263,Support,4.4,WFO,MGR1050,48,43,Low,2023,2,Experienced
1978,EMP103214,2025,Amazon,MIS Executive,Non-binary,M.Tech,Business restructuring,Haryana,Analytics,Employee_3215,871912,Marketing,4.6,WFO,MGR1064,41,34,Medium,2018,7,Experienced
1979,EMP103356,2025,Cisco,Customer Success Executive,Non-binary,M.Tech,Role redundancy,Madhya Pradesh,Customer Support,Employee_3357,613133,Support,2.5,Hybrid,MGR1056,50,1,Low,2021,4,Experienced
1980,EMP103449,2025,Google,Technical Support Executive,Non-binary,BBA,Market demand decline,Rajasthan,Customer Support,Employee_3450,1862298,HR,3.8,WFO,MGR1149,61,47,High,2022,3,Experienced
1981,EMP103466,2025,Accenture,Product Analyst,Non-binary,Diploma,Automation adoption,Maharashtra,Product,Employee_3467,1295897,IT,2.3,WFO,MGR1016,32,19,High,2024,1,Experienced
1982,EMP103469,2025,Swiggy,Finance Executive,Non-binary,M.Tech,Workforce restructuring,Delhi,Finance,Employee_3470,1949724,IT,2.8,Hybrid,MGR1019,63,20,Medium,2024,1,Experienced
1983,EMP103503,2025,Cisco,Customer Support Executive,Male,M.Com,Role redundancy,Andhra Pradesh,Customer Support,Employee_3504,556566,Finance,3.0,WFO,MGR1053,22,6,Low,2022,3,Experienced
1984,EMP103523,2025,Zomato,Sales Executive,Female,MCA,Role redundancy,Rajasthan,Sales,Employee_3524,406389,Operations,4.4,Remote,MGR1073,67,35,High,2024,1,Experienced
1985,EMP103537,2025,Meta,Customer Support Executive,Female,MBA,Market demand decline,Punjab,Customer Support,Employee_3538,806841,IT,3.4,Remote,MGR1087,62,5,Medium,2017,8,Experienced
1986,EMP103581,2025,Unacademy,Customer Success Executive,Non-binary,B.Sc,Market demand decline,Kerala,Customer Support,Employee_3582,1057227,Operations,2.4,Hybrid,MGR1131,3,40,Low,2016,9,Experienced
1987,EMP103598,2025,Unacademy,Finance Executive,Non-binary,M.Com,Project closure,Odisha,Finance,Employee_3599,886370,Finance,4.6,WFO,MGR1148,6,21,High,2022,3,Experienced
1988,EMP103659,2025,Ola Electric,Tech Lead,Non-binary,M.Tech,Business slowdown,Karnataka,Engineering,Employee_3660,2010464,HR,2.0,WFO,MGR1059,64,49,Medium,2023,2,Experienced
1989,EMP103711,2025,Meesho,Risk Analyst,Female,BCA,Automation adoption,West Bengal,Finance,Employee_3712,1354314,Finance,3.2,Hybrid,MGR1111,9,46,Medium,2021,4,Experienced
1990,EMP103734,2025,Microsoft,Reporting Analyst,Male,M.Tech,Workforce restructuring,Odisha,Analytics,Employee_3735,579885,Sales,2.6,Hybrid,MGR1134,46,44,High,2022,3,Experienced
1991,EMP103741,2025,Meesho,Technical Support Executive,Female,BCA,Role redundancy,Andhra Pradesh,Customer Support,Employee_3742,1646177,Finance,2.4,Remote,MGR1141,23,18,High,2019,6,Experienced
1992,EMP103763,2025,Intel,Talent Acquisition Specialist,Male,M.Com,Role redundancy,Rajasthan,Human Resources,Employee_3764,2172408,Finance,4.2,Hybrid,MGR1013,71,39,High,2017,8,Experienced
1993,EMP103797,2025,Microsoft,Account Manager,Non-binary,MBA,Market demand decline,Gujarat,Sales,Employee_3798,1780945,Support,2.6,Hybrid,MGR1047,2,40,High,2024,1,Experienced
1994,EMP103820,2025,Amazon,Talent Acquisition Specialist,Female,M.Com,Business restructuring,Gujarat,Human Resources,Employee_3821,1825489,Finance,4.6,Remote,MGR1070,0,52,Medium,2018,7,Experienced
1995,EMP103967,2025,Unacademy,Product Manager,Non-binary,M.Com,Performance review,Gujarat,Product,Employee_3968,1874411,HR,4.3,Hybrid,MGR1067,44,47,High,2021,4,Experienced
1996,EMP103979,2025,Freshworks,Customer Support Executive,Male,MBA,Performance review,Tamil Nadu,Customer Support,Employee_3980,1596684,Operations,4.3,WFO,MGR1079,74,33,Low,2019,6,Experienced
1997,EMP103988,2025,Cognizant,Growth Manager,Female,M.Tech,Project closure,Maharashtra,Marketing,Employee_3989,1003570,Marketing,3.2,WFO,MGR1088,71,37,Medium,2018,7,Experienced
1998,EMP104048,2025,Microsoft,Accountant,Non-binary,BBA,Market demand decline,West Bengal,Finance,Employee_4049,2172244,Sales,4.6,Hybrid,MGR1148,2,4,Low,2022,3,Experienced
1999,EMP104070,2025,Myntra,Risk Analyst,Non-binary,MBA,Business slowdown,Madhya Pradesh,Finance,Employee_4071,1371871,Operations,4.3,WFO,MGR1020,42,26,Low,2019,6,Experienced
2000,EMP104071,2025,Swiggy,Facilities Executive,Female,M.Com,Role redundancy,Haryana,Administration,Employee_4072,526328,Finance,2.5,Hybrid,MGR1021,10,59,Low,2021,4,Experienced
2001,EMP104140,2025,Meesho,Growth Manager,Non-binary,MCA,Business restructuring,Madhya Pradesh,Marketing,Employee_4141,284539,Sales,3.6,Hybrid,MGR1090,43,36,Low,2018,7,Experienced
2002,EMP104145,2025,Myntra,Admin Executive,Female,Diploma,Workforce restructuring,Odisha,Administration,Employee_4146,2071410,HR,4.8,WFO,MGR1095,75,36,Low,2017,8,Experienced
2003,EMP104150,2025,Intel,Product Manager,Non-binary,MBA,Performance review,Haryana,Product,Employee_4151,1496972,Operations,2.2,WFO,MGR1100,26,10,High,2020,5,Experienced
2004,EMP104180,2025,Flipkart,Product Designer,Male,CA,Role redundancy,Rajasthan,Product,Employee_4181,342465,IT,4.8,Remote,MGR1130,49,42,Low,2023,2,Experienced
2005,EMP104203,2025,Microsoft,HR Executive,Female,MCA,Market demand decline,Haryana,Human Resources,Employee_4204,263482,Marketing,4.5,Remote,MGR1003,35,43,Medium,2024,1,Experienced
2006,EMP104207,2025,Paytm,Finance Executive,Male,M.Com,Cost reduction,Odisha,Finance,Employee_4208,1289447,Support,3.2,Hybrid,MGR1007,35,41,Medium,2021,4,Experienced
2007,EMP104313,2025,Cognizant,Sales Manager,Male,BCA,Business restructuring,Maharashtra,Sales,Employee_4314,947743,Marketing,3.8,WFO,MGR1113,2,18,Low,2017,8,Experienced
2008,EMP104377,2025,Microsoft,Office Administrator,Female,CA,Project closure,Rajasthan,Administration,Employee_4378,780277,HR,3.5,Hybrid,MGR1027,28,8,High,2019,6,Experienced
2009,EMP104390,2025,Cognizant,Operations Manager,Non-binary,Diploma,Project closure,Tamil Nadu,Operations,Employee_4391,281510,HR,2.6,WFO,MGR1040,20,47,Medium,2018,7,Experienced
2010,EMP104435,2025,Cognizant,Reporting Analyst,Female,B.E.,Business slowdown,Haryana,Analytics,Employee_4436,716326,Sales,2.6,Remote,MGR1085,49,10,High,2021,4,Experienced
2011,EMP104459,2025,Meta,Financial Analyst,Female,M.Tech,Business restructuring,Haryana,Finance,Employee_4460,1535667,Finance,4.9,WFO,MGR1109,7,35,High,2019,6,Experienced
2012,EMP104476,2025,Ola Electric,UX Designer,Female,B.Sc,Business restructuring,West Bengal,Product,Employee_4477,1304866,Marketing,3.1,WFO,MGR1126,50,47,Low,2023,2,Experienced
2013,EMP100018,2025,Freshworks,Facilities Executive,Non-binary,BBA,Cost reduction,Gujarat,Administration,Employee_19,928095,HR,4.4,WFO,MGR1018,12,20,Medium,2018,7,Experienced
2014,EMP100212,2025,Infosys,HR Business Partner,Male,M.Com,Role redundancy,Delhi,Human Resources,Employee_213,1142551,Finance,3.2,WFO,MGR1062,42,7,Low,2015,10,Experienced
2015,EMP100215,2025,Paytm,Customer Support Executive,Male,BCA,Project closure,Maharashtra,Customer Support,Employee_216,622287,Finance,2.3,Hybrid,MGR1065,12,20,Medium,2022,3,Experienced
2016,EMP100216,2025,Unacademy,Sales Executive,Non-binary,M.Tech,Workforce restructuring,Karnataka,Sales,Employee_217,1383629,Sales,2.8,Remote,MGR1066,63,54,Low,2023,2,Experienced
2017,EMP100243,2025,Unacademy,Product Analyst,Non-binary,MBA,Business slowdown,Tamil Nadu,Product,Employee_244,358377,Sales,2.9,WFO,MGR1093,53,4,Medium,2018,7,Experienced
2018,EMP100245,2025,Intel,Sales Manager,Female,M.Com,Performance review,Kerala,Sales,Employee_246,1650690,HR,3.9,Hybrid,MGR1095,11,12,Low,2023,2,Experienced
2019,EMP100251,2025,Cognizant,Sales Executive,Female,B.Sc,Cost reduction,Andhra Pradesh,Sales,Employee_252,368477,HR,4.3,Hybrid,MGR1101,28,50,High,2017,8,Experienced
2020,EMP100269,2025,Amazon,Support Analyst,Male,B.E.,Role redundancy,Tamil Nadu,Customer Support,Employee_270,2158582,Operations,3.5,Remote,MGR1119,16,4,High,2022,3,Experienced
2021,EMP100327,2025,Google,Content Manager,Non-binary,B.Tech,Financial pressure,Uttar Pradesh,Marketing,Employee_328,256181,IT,3.8,WFO,MGR1027,1,47,Medium,2019,6,Experienced
2022,EMP100378,2025,Cisco,Product Analyst,Male,Diploma,Market demand decline,Tamil Nadu,Product,Employee_379,781179,HR,2.1,Remote,MGR1078,10,50,Low,2021,4,Experienced
2023,EMP100382,2025,Intel,Technical Support Executive,Male,Diploma,Business restructuring,Uttar Pradesh,Customer Support,Employee_383,1471894,Sales,3.8,Hybrid,MGR1082,42,11,Medium,2016,9,Experienced
2024,EMP100388,2025,Accenture,Financial Analyst,Non-binary,CA,Cost reduction,Andhra Pradesh,Finance,Employee_389,832641,Operations,2.6,Remote,MGR1088,44,21,High,2022,3,Experienced
2025,EMP100393,2025,Cisco,Product Analyst,Female,MCA,Financial pressure,Madhya Pradesh,Product,Employee_394,725707,Sales,4.2,Remote,MGR1093,48,13,High,2017,8,Experienced
2026,EMP100408,2025,Swiggy,Office Administrator,Female,M.Com,Business slowdown,West Bengal,Administration,Employee_409,1478757,IT,2.8,Remote,MGR1108,75,57,Low,2018,7,Experienced
2027,EMP100443,2025,Accenture,Business Development Executive,Female,Diploma,Project closure,Karnataka,Sales,Employee_444,1220854,Finance,2.4,WFO,MGR1143,61,41,High,2015,10,Experienced
2028,EMP100468,2025,Cognizant,QA Engineer,Male,BCA,Role redundancy,Uttar Pradesh,Engineering,Employee_469,1076772,HR,2.1,Remote,MGR1018,63,24,High,2023,2,Experienced
2029,EMP100472,2025,Accenture,Office Administrator,Male,BBA,Project closure,Odisha,Administration,Employee_473,1261740,Operations,4.9,Remote,MGR1022,75,30,Medium,2021,4,Experienced
2030,EMP100532,2025,Swiggy,Marketing Executive,Non-binary,B.E.,Role redundancy,Punjab,Marketing,Employee_533,482476,Finance,4.6,Remote,MGR1082,77,34,Low,2020,5,Experienced
2031,EMP100628,2025,Google,Growth Manager,Male,Diploma,Performance review,Punjab,Marketing,Employee_629,781440,Finance,3.6,Hybrid,MGR1028,54,34,High,2016,9,Experienced
2032,EMP100755,2025,Ola Electric,Operations Manager,Non-binary,B.Sc,Business slowdown,Gujarat,Operations,Employee_756,1607662,Operations,4.3,Remote,MGR1005,34,1,Medium,2019,6,Experienced
2033,EMP100764,2025,Ola Electric,Inside Sales Executive,Male,M.Com,Market demand decline,Maharashtra,Sales,Employee_765,303595,Operations,5.0,Hybrid,MGR1014,48,37,Low,2018,7,Experienced
2034,EMP100766,2025,Amazon,Operations Manager,Female,B.Sc,Cost reduction,Maharashtra,Operations,Employee_767,654439,Sales,3.2,WFO,MGR1016,21,52,Medium,2021,4,Experienced
2035,EMP100774,2025,Freshworks,Content Manager,Female,M.Com,Business restructuring,Andhra Pradesh,Marketing,Employee_775,1076707,IT,4.8,Hybrid,MGR1024,26,11,Low,2019,6,Experienced
2036,EMP100778,2025,Flipkart,Data Scientist,Male,M.Tech,Project closure,West Bengal,Analytics,Employee_779,383332,Sales,2.7,Remote,MGR1028,8,7,Medium,2015,10,Experienced
2037,EMP100811,2025,Paytm,Backend Developer,Non-binary,B.E.,Business slowdown,Gujarat,Engineering,Employee_812,2140633,HR,4.1,WFO,MGR1061,45,0,Medium,2024,1,Experienced
2038,EMP100848,2025,Myntra,Support Analyst,Male,CA,Automation adoption,Maharashtra,Customer Support,Employee_849,2011172,Finance,4.2,Remote,MGR1098,1,29,Low,2022,3,Experienced
2039,EMP100864,2025,Amazon,Operations Analyst,Male,MBA,Workforce restructuring,Telangana,Operations,Employee_865,673137,Support,3.0,Hybrid,MGR1114,24,18,Medium,2016,9,Experienced
2040,EMP100895,2025,TCS,Operations Manager,Female,M.Tech,Financial pressure,Madhya Pradesh,Operations,Employee_896,1448826,HR,4.4,Hybrid,MGR1145,10,45,Low,2023,2,Experienced
2041,EMP100931,2025,Paytm,Office Administrator,Non-binary,B.E.,Workforce restructuring,Odisha,Administration,Employee_932,1989676,Operations,2.3,WFO,MGR1031,65,13,Low,2022,3,Experienced
2042,EMP100954,2025,Intel,Operations Manager,Female,CA,Business slowdown,Delhi,Operations,Employee_955,1645160,Support,3.0,WFO,MGR1054,54,58,High,2015,10,Experienced
2043,EMP100986,2025,Paytm,Software Developer,Female,M.Tech,Business slowdown,Odisha,Engineering,Employee_987,538281,HR,2.2,Remote,MGR1086,69,21,Low,2019,6,Experienced
2044,EMP101000,2025,Unacademy,Content Manager,Female,MBA,Cost reduction,Madhya Pradesh,Marketing,Employee_1001,1303633,IT,2.8,WFO,MGR1100,44,16,Medium,2022,3,Experienced
2045,EMP101035,2025,Swiggy,Accountant,Non-binary,Diploma,Automation adoption,Telangana,Finance,Employee_1036,1250861,Operations,2.7,WFO,MGR1135,62,8,Low,2024,1,Experienced
2046,EMP101075,2025,Cisco,MIS Executive,Male,B.Tech,Role redundancy,Telangana,Analytics,Employee_1076,2145686,HR,2.0,WFO,MGR1025,48,44,High,2016,9,Experienced
2047,EMP101137,2025,Accenture,Facilities Executive,Non-binary,BBA,Business slowdown,Haryana,Administration,Employee_1138,932955,Sales,4.2,Hybrid,MGR1087,9,15,Low,2020,5,Experienced
2048,EMP101163,2025,Wipro,Admin Executive,Male,BBA,Automation adoption,Telangana,Administration,Employee_1164,657827,HR,4.9,Hybrid,MGR1113,40,57,Low,2020,5,Experienced
2049,EMP101179,2025,Swiggy,Inside Sales Executive,Female,B.E.,Financial pressure,Punjab,Sales,Employee_1180,311939,Operations,4.6,WFO,MGR1129,77,31,Low,2018,7,Experienced
2050,EMP101193,2025,Intel,Customer Support Executive,Female,M.Com,Workforce restructuring,Kerala,Customer Support,Employee_1194,490991,Sales,4.8,Remote,MGR1143,71,9,High,2019,6,Experienced
2051,EMP101233,2025,Myntra,UX Designer,Male,B.Sc,Cost reduction,Andhra Pradesh,Product,Employee_1234,573675,Support,3.5,Remote,MGR1033,22,55,Medium,2022,3,Experienced
2052,EMP101287,2025,Cisco,Office Administrator,Female,MCA,Financial pressure,Karnataka,Administration,Employee_1288,696139,Support,3.1,Hybrid,MGR1087,49,35,High,2020,5,Experienced
2053,EMP101328,2025,Paytm,Product Designer,Female,BBA,Cost reduction,West Bengal,Product,Employee_1329,965127,Support,3.7,WFO,MGR1128,29,59,Medium,2018,7,Experienced
2054,EMP101352,2025,Ola Electric,Recruiter,Male,BBA,Business restructuring,Rajasthan,Human Resources,Employee_1353,2005126,Support,2.3,Remote,MGR1002,20,22,High,2024,1,Experienced
2055,EMP101415,2025,Cisco,Office Administrator,Female,M.Com,Performance review,Telangana,Administration,Employee_1416,1600555,Sales,2.3,Hybrid,MGR1065,21,19,Low,2018,7,Experienced
2056,EMP101438,2025,Cognizant,Business Development Executive,Male,M.Com,Project closure,Karnataka,Sales,Employee_1439,890246,Sales,2.9,Hybrid,MGR1088,45,21,Medium,2022,3,Experienced
2057,EMP101561,2025,Unacademy,Frontend Developer,Non-binary,MCA,Workforce restructuring,Uttar Pradesh,Engineering,Employee_1562,1252034,Finance,3.0,WFO,MGR1061,31,44,Medium,2023,2,Experienced
2058,EMP101584,2025,Accenture,Admin Executive,Female,BCA,Performance review,Uttar Pradesh,Administration,Employee_1585,1302097,IT,3.5,Hybrid,MGR1084,66,14,Medium,2024,1,Experienced
2059,EMP101614,2025,Accenture,Office Administrator,Male,B.Sc,Automation adoption,Delhi,Administration,Employee_1615,294875,Support,2.0,Hybrid,MGR1114,41,32,Low,2021,4,Experienced
2060,EMP101651,2025,TCS,Marketing Executive,Male,CA,Market demand decline,Tamil Nadu,Marketing,Employee_1652,788914,Finance,3.5,Hybrid,MGR1001,63,54,Low,2016,9,Experienced
2061,EMP101675,2025,Zomato,Marketing Executive,Female,BBA,Financial pressure,Gujarat,Marketing,Employee_1676,1954800,IT,4.5,WFO,MGR1025,53,16,Medium,2016,9,Experienced
2062,EMP101680,2025,TCS,Admin Executive,Non-binary,Diploma,Business restructuring,Uttar Pradesh,Administration,Employee_1681,1870805,Support,2.4,Remote,MGR1030,17,44,High,2023,2,Experienced
2063,EMP101682,2025,TCS,Product Analyst,Female,MBA,Role redundancy,Andhra Pradesh,Product,Employee_1683,1133961,HR,2.7,Remote,MGR1032,38,55,Low,2018,7,Experienced
2064,EMP101758,2025,Cisco,HR Executive,Female,Diploma,Workforce restructuring,Kerala,Human Resources,Employee_1759,2188926,Support,2.5,Remote,MGR1108,77,7,Medium,2020,5,Experienced
2065,EMP101795,2025,Paytm,Office Administrator,Non-binary,M.Tech,Project closure,Punjab,Administration,Employee_1796,968863,Support,3.9,Remote,MGR1145,57,23,High,2023,2,Experienced
2066,EMP101808,2025,Google,Software Developer,Female,Diploma,Performance review,Uttar Pradesh,Engineering,Employee_1809,1594173,Marketing,4.0,Remote,MGR1008,76,30,High,2017,8,Experienced
2067,EMP101814,2025,TCS,Content Manager,Non-binary,CA,Financial pressure,Haryana,Marketing,Employee_1815,563752,HR,2.2,WFO,MGR1014,39,27,High,2022,3,Experienced
2068,EMP101815,2025,Wipro,Product Analyst,Non-binary,B.Tech,Market demand decline,Madhya Pradesh,Product,Employee_1816,1265477,Operations,3.3,WFO,MGR1015,54,35,High,2022,3,Experienced
2069,EMP101816,2025,Infosys,Sales Manager,Non-binary,MBA,Business slowdown,Maharashtra,Sales,Employee_1817,754042,IT,4.3,Hybrid,MGR1016,32,9,Medium,2021,4,Experienced
2070,EMP101820,2025,Wipro,Content Manager,Non-binary,BCA,Workforce restructuring,Odisha,Marketing,Employee_1821,1938233,Operations,3.9,Remote,MGR1020,33,46,Low,2024,1,Experienced
2071,EMP101841,2025,Meta,HR Executive,Male,B.Sc,Business slowdown,Punjab,Human Resources,Employee_1842,1186005,Finance,4.5,Remote,MGR1041,11,34,Medium,2024,1,Experienced
2072,EMP101846,2025,Zomato,Sales Manager,Male,B.E.,Financial pressure,Odisha,Sales,Employee_1847,1483538,Operations,4.7,Remote,MGR1046,59,44,Medium,2024,1,Experienced
2073,EMP101869,2025,Infosys,Data Analyst,Male,MBA,Financial pressure,Punjab,Analytics,Employee_1870,538808,Support,3.2,WFO,MGR1069,33,2,High,2021,4,Experienced
2074,EMP101916,2025,Unacademy,UX Designer,Non-binary,BBA,Role redundancy,West Bengal,Product,Employee_1917,806109,Sales,3.7,Remote,MGR1116,29,42,Low,2022,3,Experienced
2075,EMP101936,2025,Infosys,UX Designer,Male,BBA,Financial pressure,Gujarat,Product,Employee_1937,709276,Operations,3.5,WFO,MGR1136,30,27,Low,2019,6,Experienced
2076,EMP101951,2025,Intel,Office Administrator,Female,BBA,Business restructuring,Maharashtra,Administration,Employee_1952,2081023,Sales,3.5,Hybrid,MGR1001,54,20,Medium,2015,10,Experienced
2077,EMP101963,2025,Accenture,Financial Analyst,Non-binary,CA,Cost reduction,Andhra Pradesh,Finance,Employee_1964,1372373,Finance,4.0,Remote,MGR1013,70,26,Low,2016,9,Experienced
2078,EMP101983,2025,Meesho,Business Development Executive,Female,BBA,Automation adoption,Telangana,Sales,Employee_1984,1602758,Sales,4.1,Remote,MGR1033,48,28,High,2018,7,Experienced
2079,EMP102051,2025,Accenture,Risk Analyst,Female,M.Com,Performance review,Delhi,Finance,Employee_2052,910775,Operations,3.0,Remote,MGR1101,4,22,Low,2016,9,Experienced
2080,EMP102108,2025,Meesho,Software Developer,Non-binary,B.Tech,Automation adoption,Gujarat,Engineering,Employee_2109,917427,Support,4.8,WFO,MGR1008,27,55,High,2019,6,Experienced
2081,EMP102118,2025,Flipkart,Recruiter,Female,B.E.,Cost reduction,Delhi,Human Resources,Employee_2119,902502,HR,3.8,Hybrid,MGR1018,3,45,High,2021,4,Experienced
2082,EMP102134,2025,Accenture,Content Manager,Non-binary,B.Sc,Automation adoption,Andhra Pradesh,Marketing,Employee_2135,1397854,Sales,4.2,WFO,MGR1034,30,52,High,2022,3,Experienced
2083,EMP102145,2025,Zomato,Facilities Executive,Female,M.Com,Workforce restructuring,Uttar Pradesh,Administration,Employee_2146,1624245,Sales,2.5,Remote,MGR1045,49,46,Medium,2018,7,Experienced
2084,EMP102177,2025,Accenture,Talent Acquisition Specialist,Non-binary,B.E.,Project closure,Odisha,Human Resources,Employee_2178,1374912,Finance,4.8,WFO,MGR1077,62,44,High,2024,1,Experienced
2085,EMP102240,2025,Zomato,HR Executive,Non-binary,M.Tech,Automation adoption,Rajasthan,Human Resources,Employee_2241,472084,Finance,4.0,WFO,MGR1140,42,35,High,2022,3,Experienced
2086,EMP102310,2025,Wipro,Growth Manager,Male,B.E.,Workforce restructuring,Madhya Pradesh,Marketing,Employee_2311,2188060,Finance,4.6,WFO,MGR1060,4,13,High,2024,1,Experienced
2087,EMP102337,2025,Google,Sales Manager,Female,CA,Business slowdown,Andhra Pradesh,Sales,Employee_2338,1051912,HR,3.9,Remote,MGR1087,58,24,Low,2015,10,Experienced
2088,EMP102468,2025,Meesho,Content Manager,Male,Diploma,Workforce restructuring,Rajasthan,Marketing,Employee_2469,1050791,HR,3.1,WFO,MGR1068,14,4,High,2021,4,Experienced
2089,EMP102472,2025,Swiggy,Product Designer,Non-binary,B.Sc,Business restructuring,Punjab,Product,Employee_2473,2057468,IT,4.7,Remote,MGR1072,24,1,Low,2017,8,Experienced
2090,EMP102499,2025,Paytm,Finance Executive,Female,M.Tech,Financial pressure,Andhra Pradesh,Finance,Employee_2500,1463384,Marketing,4.6,Hybrid,MGR1099,30,27,Medium,2017,8,Experienced
2091,EMP102516,2025,Wipro,Process Associate,Female,MCA,Business slowdown,Kerala,Operations,Employee_2517,1824752,Operations,4.8,Hybrid,MGR1116,53,43,Medium,2021,4,Experienced
2092,EMP102539,2025,Google,Customer Support Executive,Male,B.Tech,Cost reduction,Kerala,Customer Support,Employee_2540,2164662,Finance,2.1,Hybrid,MGR1139,76,21,Low,2021,4,Experienced
2093,EMP102554,2025,Google,Growth Manager,Non-binary,B.Sc,Market demand decline,Karnataka,Marketing,Employee_2555,1917460,HR,4.2,Remote,MGR1004,40,35,Medium,2021,4,Experienced
2094,EMP102563,2025,Meta,Inside Sales Executive,Male,MCA,Financial pressure,Uttar Pradesh,Sales,Employee_2564,2152595,Marketing,2.8,WFO,MGR1013,32,32,Low,2020,5,Experienced
2095,EMP102592,2025,Accenture,Risk Analyst,Female,Diploma,Automation adoption,Uttar Pradesh,Finance,Employee_2593,2127667,Operations,3.2,Remote,MGR1042,76,26,Low,2017,8,Experienced
2096,EMP102711,2025,Swiggy,Technical Support Executive,Non-binary,B.E.,Business restructuring,Punjab,Customer Support,Employee_2712,759482,HR,4.5,Remote,MGR1011,7,55,High,2021,4,Experienced
2097,EMP102749,2025,Meesho,Account Manager,Male,B.E.,Business restructuring,Tamil Nadu,Sales,Employee_2750,913022,Finance,4.1,Remote,MGR1049,37,37,Low,2016,9,Experienced
2098,EMP102759,2025,Flipkart,Sales Executive,Non-binary,Diploma,Market demand decline,Maharashtra,Sales,Employee_2760,680697,Sales,2.1,WFO,MGR1059,37,5,Low,2016,9,Experienced
2099,EMP102793,2025,Swiggy,Operations Analyst,Male,MBA,Cost reduction,Punjab,Operations,Employee_2794,1300636,IT,4.8,Hybrid,MGR1093,37,16,Low,2020,5,Experienced
2100,EMP102843,2025,Paytm,Inside Sales Executive,Non-binary,CA,Performance review,Andhra Pradesh,Human Resources,Employee_2844,1256261,Marketing,3.3,Remote,MGR1143,30,6,High,2019,6,Experienced
2101,EMP102863,2025,Google,Content Manager,Non-binary,M.Com,Cost reduction,Andhra Pradesh,Marketing,Employee_2864,437468,HR,3.5,Hybrid,MGR1013,37,22,High,2023,2,Experienced
2102,EMP102869,2025,Cisco,Data Analyst,Non-binary,MCA,Project closure,Maharashtra,Analytics,Employee_2870,1235646,Support,4.8,Hybrid,MGR1019,33,40,Medium,2017,8,Experienced
2103,EMP102981,2025,TCS,Data Analyst,Non-binary,M.Com,Workforce restructuring,Delhi,Analytics,Employee_2982,2123878,HR,2.2,Hybrid,MGR1131,73,29,Medium,2022,3,Experienced
2104,EMP103034,2025,Meesho,Customer Success Executive,Female,Diploma,Project closure,Punjab,Customer Support,Employee_3035,255502,Support,2.7,Hybrid,MGR1034,77,14,Medium,2021,4,Experienced
2105,EMP103058,2025,Wipro,Facilities Executive,Non-binary,B.Tech,Business slowdown,Andhra Pradesh,Administration,Employee_3059,1532142,Support,2.7,Hybrid,MGR1058,0,18,Low,2021,4,Experienced
2106,EMP103064,2025,Freshworks,Product Designer,Male,B.Sc,Business restructuring,Telangana,Product,Employee_3065,947497,Support,3.8,Hybrid,MGR1064,53,16,Low,2020,5,Experienced
2107,EMP103103,2025,Cognizant,Admin Executive,Female,MBA,Performance review,West Bengal,Analytics,Employee_3104,394571,Finance,2.6,Hybrid,MGR1103,51,50,Low,2020,5,Experienced
2108,EMP103222,2025,Amazon,UX Designer,Male,MBA,Cost reduction,Kerala,Product,Employee_3223,786286,Finance,3.4,WFO,MGR1072,25,56,High,2015,10,Experienced
2109,EMP103281,2025,Wipro,Office Administrator,Female,BCA,Market demand decline,Punjab,Administration,Employee_3282,468957,Sales,2.5,Remote,MGR1131,0,28,Low,2019,6,Experienced
2110,EMP103308,2025,Ola Electric,Support Analyst,Female,MCA,Performance review,Andhra Pradesh,Customer Support,Employee_3309,2163176,Sales,3.4,WFO,MGR1008,43,14,Medium,2018,7,Experienced
2111,EMP103311,2025,Cognizant,Financial Analyst,Female,MCA,Market demand decline,Rajasthan,Finance,Employee_3312,1920567,Finance,3.1,Hybrid,MGR1011,0,27,Medium,2015,10,Experienced
2112,EMP103316,2025,Swiggy,Software Developer,Non-binary,B.Sc,Business slowdown,Gujarat,Engineering,Employee_3317,1231085,HR,2.7,Remote,MGR1016,55,10,High,2019,6,Experienced
2113,EMP103357,2025,Meta,Technical Support Executive,Male,BCA,Market demand decline,Maharashtra,Customer Support,Employee_3358,1952693,IT,3.0,WFO,MGR1057,36,11,High,2022,3,Experienced
2114,EMP103392,2025,TCS,Talent Acquisition Specialist,Male,M.Com,Workforce restructuring,Telangana,Human Resources,Employee_3393,393179,Sales,4.1,Hybrid,MGR1092,27,31,High,2022,3,Experienced
2115,EMP103395,2025,Wipro,Recruiter,Non-binary,MCA,Workforce restructuring,Telangana,Human Resources,Employee_3396,1413165,Sales,3.3,Hybrid,MGR1095,7,6,Low,2017,8,Experienced
2116,EMP103412,2025,Cognizant,UX Designer,Male,B.Tech,Workforce restructuring,Karnataka,Product,Employee_3413,999617,Marketing,2.1,WFO,MGR1112,72,24,Medium,2017,8,Experienced
2117,EMP103459,2025,Paytm,Digital Marketing Specialist,Male,Diploma,Role redundancy,Maharashtra,Marketing,Employee_3460,585415,Finance,2.5,WFO,MGR1009,15,53,High,2015,10,Experienced
2118,EMP103473,2025,Cisco,Content Manager,Female,MBA,Financial pressure,Haryana,Marketing,Employee_3474,1246348,Finance,2.3,Hybrid,MGR1023,26,22,High,2022,3,Experienced
2119,EMP103504,2025,Meta,Marketing Executive,Non-binary,Diploma,Financial pressure,Madhya Pradesh,Marketing,Employee_3505,1022384,Marketing,4.5,Hybrid,MGR1054,70,1,Low,2015,10,Experienced
2120,EMP103532,2025,Ola Electric,Support Analyst,Male,BBA,Workforce restructuring,Tamil Nadu,Customer Support,Employee_3533,928567,Finance,4.8,Hybrid,MGR1082,7,35,Low,2017,8,Experienced
2121,EMP103557,2025,Cisco,Digital Marketing Specialist,Male,B.Tech,Business slowdown,Andhra Pradesh,Marketing,Employee_3558,784045,Marketing,2.9,WFO,MGR1107,12,23,High,2020,5,Experienced
2122,EMP103596,2025,Google,Growth Manager,Non-binary,B.Sc,Market demand decline,Karnataka,Marketing,Employee_3597,1727542,IT,5.0,WFO,MGR1146,20,40,Low,2022,3,Experienced
2123,EMP103599,2025,Flipkart,Product Designer,Female,BBA,Automation adoption,Tamil Nadu,Product,Employee_3600,1559748,Support,2.7,Remote,MGR1149,70,7,Medium,2024,1,Experienced
2124,EMP103607,2025,Zomato,Backend Developer,Female,CA,Business restructuring,Maharashtra,Engineering,Employee_3608,1481906,Finance,4.2,Remote,MGR1007,78,16,Low,2019,6,Experienced
2125,EMP103608,2025,Accenture,Accountant,Non-binary,B.E.,Project closure,Delhi,Finance,Employee_3609,617751,HR,4.0,WFO,MGR1008,22,31,Medium,2024,1,Experienced
2126,EMP103640,2025,Zomato,Operations Analyst,Female,M.Com,Workforce restructuring,Odisha,Operations,Employee_3641,918837,Operations,3.4,Remote,MGR1040,40,57,High,2022,3,Experienced
2127,EMP103778,2025,Unacademy,Talent Acquisition Specialist,Female,MCA,Automation adoption,Kerala,Human Resources,Employee_3779,1319145,Sales,3.4,Remote,MGR1028,26,25,Low,2016,9,Experienced
2128,EMP103936,2025,Zomato,Talent Acquisition Specialist,Male,B.Sc,Financial pressure,Punjab,Human Resources,Employee_3937,308588,HR,2.3,Hybrid,MGR1036,63,33,Low,2019,6,Experienced
2129,EMP103938,2025,Intel,UX Designer,Male,Diploma,Cost reduction,Tamil Nadu,Product,Employee_3939,1368168,Marketing,4.4,WFO,MGR1038,73,34,High,2018,7,Experienced
2130,EMP103955,2025,Freshworks,Talent Acquisition Specialist,Female,MCA,Automation adoption,Kerala,Human Resources,Employee_3956,1938669,Finance,4.6,WFO,MGR1055,64,20,Medium,2023,2,Experienced
2131,EMP104014,2025,Swiggy,Marketing Executive,Non-binary,CA,Cost reduction,Rajasthan,Marketing,Employee_4015,1859086,Support,2.3,WFO,MGR1114,14,15,High,2015,10,Experienced
2132,EMP104047,2025,Meesho,Data Analyst,Non-binary,Diploma,Financial pressure,Tamil Nadu,Analytics,Employee_4048,1238970,Support,3.9,Remote,MGR1147,53,34,Low,2022,3,Experienced
2133,EMP104052,2025,Ola Electric,Customer Support Executive,Male,B.Sc,Role redundancy,Maharashtra,Customer Support,Employee_4053,773083,Support,3.5,Remote,MGR1002,53,46,Low,2017,8,Experienced
2134,EMP104115,2025,Myntra,UX Designer,Male,B.Sc,Cost reduction,Andhra Pradesh,Product,Employee_4116,1254240,Operations,4.9,Remote,MGR1065,48,4,Low,2023,2,Experienced
2135,EMP104121,2025,Paytm,Facilities Executive,Male,M.Com,Market demand decline,Telangana,Administration,Employee_4122,1755918,Support,2.8,WFO,MGR1071,50,47,High,2015,10,Experienced
2136,EMP104245,2025,Freshworks,Sales Executive,Non-binary,MCA,Workforce restructuring,Haryana,Sales,Employee_4246,1536645,Support,4.7,Remote,MGR1045,60,52,Medium,2015,10,Experienced
2137,EMP104263,2025,Cognizant,Account Manager,Non-binary,Diploma,Project closure,Gujarat,Sales,Employee_4264,529855,IT,2.8,Hybrid,MGR1063,31,56,Low,2024,1,Experienced
2138,EMP104264,2025,Ola Electric,Senior Software Engineer,Non-binary,Diploma,Business slowdown,Maharashtra,Engineering,Employee_4265,1979644,Sales,3.3,Remote,MGR1064,13,41,Medium,2021,4,Experienced
2139,EMP104297,2025,Flipkart,Support Analyst,Non-binary,B.E.,Cost reduction,Maharashtra,Customer Support,Employee_4298,635427,HR,3.8,WFO,MGR1097,30,19,High,2021,4,Experienced
2140,EMP104357,2025,Paytm,Support Analyst,Non-binary,B.E.,Financial pressure,Odisha,Customer Support,Employee_4358,1240772,IT,3.1,Hybrid,MGR1007,0,35,High,2018,7,Experienced
2141,EMP104383,2025,Accenture,Facilities Executive,Male,Diploma,Business slowdown,Kerala,Administration,Employee_4384,1857009,Support,3.7,Hybrid,MGR1033,26,36,Low,2021,4,Experienced
2142,EMP104386,2025,Amazon,Product Analyst,Non-binary,B.Sc,Performance review,Punjab,Product,Employee_4387,1241745,Finance,4.0,Remote,MGR1036,3,16,Medium,2020,5,Experienced
2143,EMP104391,2025,Wipro,Account Manager,Non-binary,B.Tech,Financial pressure,Karnataka,Sales,Employee_4392,1696261,IT,4.6,Hybrid,MGR1041,76,14,Medium,2024,1,Experienced
2144,EMP104397,2025,Unacademy,Frontend Developer,Female,BBA,Performance review,Madhya Pradesh,Engineering,Employee_4398,1898015,IT,2.8,WFO,MGR1047,15,50,High,2023,2,Experienced
2145,EMP104462,2025,Swiggy,Customer Success Executive,Non-binary,Diploma,Cost reduction,West Bengal,Customer Support,Employee_4463,408177,Sales,3.3,Remote,MGR1112,57,43,Medium,2024,1,Experienced
2146,EMP104502,2025,Accenture,Office Administrator,Female,M.Tech,Business restructuring,Punjab,Administration,Employee_4503,1293445,HR,4.4,WFO,MGR1002,31,6,High,2018,7,Experienced
2147,EMP100039,2025,Wipro,Operations Executive,Male,MBA,Performance review,West Bengal,Operations,Employee_40,1980068,IT,3.1,WFO,MGR1039,28,17,High,2018,7,Experienced
2148,EMP100065,2025,Paytm,Process Associate,Non-binary,B.Sc,Business slowdown,Karnataka,Operations,Employee_66,421709,IT,2.2,Hybrid,MGR1065,9,44,Medium,2017,8,Experienced
2149,EMP100084,2025,Myntra,DevOps Engineer,Male,MBA,Automation adoption,Andhra Pradesh,Engineering,Employee_85,1798570,Marketing,3.2,WFO,MGR1084,42,26,High,2018,7,Experienced
2150,EMP100092,2025,Infosys,DevOps Engineer,Non-binary,B.E.,Market demand decline,Delhi,Engineering,Employee_93,339976,HR,3.8,Hybrid,MGR1092,36,58,Low,2016,9,Experienced
2151,EMP100143,2025,Google,Content Manager,Male,MCA,Automation adoption,Odisha,Marketing,Employee_144,1041281,HR,4.9,WFO,MGR1143,42,34,Medium,2024,1,Experienced
2152,EMP100170,2025,Zomato,Facilities Executive,Female,BCA,Business restructuring,West Bengal,Administration,Employee_171,350433,Finance,3.8,Remote,MGR1020,64,7,High,2024,1,Experienced
2153,EMP100194,2025,Cisco,Inside Sales Executive,Non-binary,BBA,Business restructuring,Uttar Pradesh,Sales,Employee_195,880272,Finance,3.7,Remote,MGR1044,41,45,Medium,2019,6,Experienced
2154,EMP100222,2025,Myntra,Product Analyst,Male,B.Tech,Market demand decline,Madhya Pradesh,Product,Employee_223,436330,Support,4.4,Remote,MGR1072,77,34,Medium,2015,10,Experienced
2155,EMP100228,2025,Infosys,HR Executive,Non-binary,B.Sc,Business restructuring,Gujarat,Human Resources,Employee_229,285523,Support,2.5,WFO,MGR1078,79,54,Medium,2024,1,Experienced
2156,EMP100238,2025,Unacademy,Content Manager,Male,M.Com,Project closure,Odisha,Marketing,Employee_239,923122,Operations,2.4,WFO,MGR1088,57,50,Low,2016,9,Experienced
2157,EMP100380,2025,Cognizant,Office Administrator,Male,B.E.,Automation adoption,Karnataka,Administration,Employee_381,2161614,IT,3.7,Remote,MGR1080,16,31,Low,2024,1,Experienced
2158,EMP100423,2025,Zomato,Sales Manager,Male,CA,Automation adoption,Telangana,Sales,Employee_424,696999,Sales,2.1,Hybrid,MGR1123,27,25,High,2019,6,Experienced
2159,EMP100427,2025,Paytm,Growth Manager,Non-binary,B.Tech,Project closure,Kerala,Marketing,Employee_428,1293440,Support,2.1,Hybrid,MGR1127,69,51,Medium,2020,5,Experienced
2160,EMP100521,2025,Microsoft,BI Analyst,Non-binary,CA,Financial pressure,Maharashtra,Analytics,Employee_522,337635,Sales,2.1,Hybrid,MGR1071,3,54,High,2023,2,Experienced
2161,EMP100624,2025,Infosys,UX Designer,Non-binary,B.E.,Financial pressure,Haryana,Product,Employee_625,1734509,IT,2.1,Hybrid,MGR1024,52,28,High,2021,4,Experienced
2162,EMP100663,2025,Infosys,Digital Marketing Specialist,Non-binary,M.Com,Business slowdown,West Bengal,Marketing,Employee_664,1510369,Support,2.3,WFO,MGR1063,15,37,Medium,2017,8,Experienced
2163,EMP100745,2025,Ola Electric,Digital Marketing Specialist,Male,M.Com,Role redundancy,Tamil Nadu,Marketing,Employee_746,930611,Marketing,4.7,Hybrid,MGR1145,23,15,Medium,2017,8,Experienced
2164,EMP100781,2025,Meesho,Operations Executive,Female,Diploma,Role redundancy,Karnataka,Operations,Employee_782,1747105,Support,2.8,Remote,MGR1031,67,3,Medium,2019,6,Experienced
2165,EMP100786,2025,Swiggy,Product Designer,Female,MCA,Project closure,Telangana,Product,Employee_787,887671,Support,2.1,Hybrid,MGR1036,18,10,Medium,2021,4,Experienced
2166,EMP100809,2025,Cisco,Inside Sales Executive,Female,M.Com,Cost reduction,Rajasthan,Sales,Employee_810,411998,Operations,4.0,WFO,MGR1059,71,57,Medium,2024,1,Experienced
2167,EMP100814,2025,Amazon,Product Designer,Non-binary,Diploma,Role redundancy,Uttar Pradesh,Product,Employee_815,1772647,IT,4.7,Hybrid,MGR1064,8,38,Low,2015,10,Experienced
2168,EMP100846,2025,Microsoft,Product Manager,Male,B.E.,Performance review,Madhya Pradesh,Product,Employee_847,2055348,Sales,3.6,Remote,MGR1096,24,4,Low,2016,9,Experienced
2169,EMP100855,2025,Freshworks,Business Development Executive,Male,MBA,Workforce restructuring,West Bengal,Sales,Employee_856,426096,HR,2.5,WFO,MGR1105,21,32,High,2019,6,Experienced
2170,EMP100860,2025,Accenture,Customer Success Executive,Non-binary,MCA,Performance review,Odisha,Customer Support,Employee_861,1929149,Operations,2.6,Remote,MGR1110,56,49,Low,2018,7,Experienced
2171,EMP100921,2025,Cognizant,Operations Manager,Female,B.Tech,Project closure,Punjab,Operations,Employee_922,994720,Operations,3.2,Remote,MGR1021,66,59,High,2019,6,Experienced
2172,EMP100998,2025,Swiggy,Finance Executive,Male,CA,Market demand decline,Karnataka,Finance,Employee_999,1371634,IT,3.6,WFO,MGR1098,58,31,Medium,2018,7,Experienced
2173,EMP101058,2025,Swiggy,Growth Manager,Male,B.E.,Performance review,Karnataka,Marketing,Employee_1059,349922,HR,2.5,Remote,MGR1008,38,32,Medium,2019,6,Experienced
2174,EMP101104,2025,Cognizant,Process Associate,Non-binary,BCA,Cost reduction,Karnataka,Operations,Employee_1105,346661,Marketing,3.5,Hybrid,MGR1054,72,14,High,2018,7,Experienced
2175,EMP101119,2025,Ola Electric,Growth Manager,Female,M.Com,Business slowdown,Tamil Nadu,Marketing,Employee_1120,959426,Finance,3.3,Remote,MGR1069,30,14,Low,2024,1,Experienced
2176,EMP101217,2025,Swiggy,Sales Manager,Non-binary,B.Sc,Financial pressure,Gujarat,Sales,Employee_1218,1086672,IT,2.2,Remote,MGR1017,68,36,Low,2017,8,Experienced
2177,EMP101254,2025,Accenture,Data Analyst,Non-binary,MBA,Financial pressure,Uttar Pradesh,Analytics,Employee_1255,1216191,IT,2.1,WFO,MGR1054,49,48,Medium,2021,4,Experienced
2178,EMP101265,2025,Swiggy,Sales Manager,Male,M.Tech,Role redundancy,Kerala,Sales,Employee_1266,349086,Sales,2.7,WFO,MGR1065,70,12,Medium,2022,3,Experienced
2179,EMP101293,2025,Paytm,Support Analyst,Male,BCA,Market demand decline,Uttar Pradesh,Customer Support,Employee_1294,603606,HR,3.9,WFO,MGR1093,14,42,High,2016,9,Experienced
2180,EMP101317,2025,Cognizant,Marketing Executive,Female,M.Com,Project closure,Rajasthan,Marketing,Employee_1318,318855,Marketing,2.1,Hybrid,MGR1117,47,21,Medium,2024,1,Experienced
2181,EMP101338,2025,Ola Electric,Talent Acquisition Specialist,Non-binary,M.Tech,Performance review,Kerala,Human Resources,Employee_1339,2053613,Sales,2.1,Hybrid,MGR1138,56,22,Medium,2018,7,Experienced
2182,EMP101392,2025,Cisco,Content Manager,Male,CA,Role redundancy,Madhya Pradesh,Marketing,Employee_1393,1606547,Operations,3.6,WFO,MGR1042,3,48,High,2015,10,Experienced
2183,EMP101426,2025,Swiggy,BI Analyst,Male,B.E.,Automation adoption,Punjab,Analytics,Employee_1427,1786832,Finance,4.9,Remote,MGR1076,39,54,Low,2017,8,Experienced
2184,EMP101431,2025,Wipro,Office Administrator,Female,BCA,Business slowdown,Uttar Pradesh,Administration,Employee_1432,742816,Marketing,4.7,Remote,MGR1081,63,21,High,2021,4,Experienced
2185,EMP101437,2025,Meesho,Product Manager,Female,M.Com,Role redundancy,Karnataka,Product,Employee_1438,2057829,Support,4.6,Remote,MGR1087,34,31,Medium,2022,3,Experienced
2186,EMP101508,2025,Flipkart,Growth Manager,Female,MBA,Market demand decline,Telangana,Marketing,Employee_1509,1003227,Support,4.3,WFO,MGR1008,67,4,Medium,2016,9,Experienced
2187,EMP101515,2025,Myntra,Technical Support Executive,Female,BCA,Role redundancy,West Bengal,Customer Support,Employee_1516,1811518,Operations,4.7,Remote,MGR1015,77,36,Medium,2017,8,Experienced
2188,EMP101573,2025,Wipro,Data Analyst,Non-binary,MCA,Cost reduction,Rajasthan,Analytics,Employee_1574,268654,Operations,2.5,WFO,MGR1073,79,23,High,2017,8,Experienced
2189,EMP101589,2025,TCS,Support Analyst,Female,B.Sc,Cost reduction,Delhi,Customer Support,Employee_1590,1538926,Support,3.2,WFO,MGR1089,12,24,Low,2022,3,Experienced
2190,EMP101596,2025,Swiggy,Risk Analyst,Non-binary,B.E.,Performance review,Odisha,Finance,Employee_1597,889451,Support,4.4,WFO,MGR1096,78,22,Low,2020,5,Experienced
2191,EMP101632,2025,Google,Talent Acquisition Specialist,Female,BBA,Financial pressure,Madhya Pradesh,Human Resources,Employee_1633,1982267,Finance,4.0,Hybrid,MGR1132,60,56,High,2022,3,Experienced
2192,EMP101640,2025,Flipkart,BI Analyst,Non-binary,M.Com,Cost reduction,Gujarat,Analytics,Employee_1641,950075,Sales,2.4,WFO,MGR1140,72,14,Low,2015,10,Experienced
2193,EMP101669,2025,Amazon,Technical Support Executive,Male,B.Tech,Cost reduction,Delhi,Customer Support,Employee_1670,1876897,Operations,2.1,Remote,MGR1019,57,12,Low,2019,6,Experienced
2194,EMP101709,2025,Freshworks,HR Executive,Male,BBA,Financial pressure,Andhra Pradesh,Human Resources,Employee_1710,2129448,Sales,4.0,Hybrid,MGR1059,7,40,Medium,2022,3,Experienced
2195,EMP101717,2025,Swiggy,Operations Analyst,Male,M.Tech,Role redundancy,Rajasthan,Operations,Employee_1718,1616232,Sales,2.9,Remote,MGR1067,47,13,High,2017,8,Experienced
2196,EMP101812,2025,Swiggy,Process Associate,Male,M.Tech,Project closure,Rajasthan,Operations,Employee_1813,924005,Finance,2.4,WFO,MGR1012,50,57,Low,2017,8,Experienced
2197,EMP101831,2025,Zomato,Process Associate,Female,BBA,Cost reduction,Haryana,Operations,Employee_1832,402354,Support,2.0,Remote,MGR1031,2,48,Medium,2021,4,Experienced
2198,EMP101853,2025,Ola Electric,Data Scientist,Female,MBA,Financial pressure,Karnataka,Analytics,Employee_1854,663951,Sales,3.5,Remote,MGR1053,50,49,High,2020,5,Experienced
2199,EMP101867,2025,Unacademy,Growth Manager,Non-binary,M.Com,Automation adoption,Karnataka,Marketing,Employee_1868,592277,Finance,3.5,Remote,MGR1067,1,40,High,2016,9,Experienced
2200,EMP101879,2025,Swiggy,Process Associate,Non-binary,BCA,Performance review,Maharashtra,Operations,Employee_1880,768336,HR,4.5,WFO,MGR1079,23,1,High,2017,8,Experienced
2201,EMP101900,2025,Cognizant,Sales Manager,Female,BBA,Automation adoption,Odisha,Sales,Employee_1901,1177638,Finance,2.9,Hybrid,MGR1100,4,47,Low,2020,5,Experienced
2202,EMP101915,2025,Amazon,Sales Executive,Non-binary,B.E.,Performance review,Punjab,Sales,Employee_1916,393864,Finance,2.2,Hybrid,MGR1115,51,49,Low,2019,6,Experienced
2203,EMP101966,2025,Wipro,Office Administrator,Non-binary,BBA,Performance review,Punjab,Administration,Employee_1967,1564541,Marketing,2.8,WFO,MGR1016,30,17,Low,2016,9,Experienced
2204,EMP101979,2025,Flipkart,Recruiter,Male,BBA,Workforce restructuring,Madhya Pradesh,Human Resources,Employee_1980,2086698,Finance,2.6,WFO,MGR1029,66,29,Medium,2017,8,Experienced
2205,EMP101984,2025,Accenture,Operations Manager,Non-binary,CA,Project closure,Tamil Nadu,Operations,Employee_1985,1028263,IT,4.9,Remote,MGR1034,11,51,High,2022,3,Experienced
2206,EMP102028,2025,Meesho,Growth Manager,Female,M.Tech,Role redundancy,Kerala,Marketing,Employee_2029,1289003,Support,2.7,WFO,MGR1078,14,52,High,2024,1,Experienced
2207,EMP102029,2025,Google,Talent Acquisition Specialist,Female,BBA,Financial pressure,Madhya Pradesh,Human Resources,Employee_2030,2090401,Operations,2.7,Remote,MGR1079,27,1,Medium,2022,3,Experienced
2208,EMP102054,2025,Wipro,Recruiter,Non-binary,BCA,Business slowdown,Tamil Nadu,Human Resources,Employee_2055,1219099,Operations,4.4,Remote,MGR1104,36,19,Low,2016,9,Experienced
2209,EMP102099,2025,Infosys,Recruiter,Female,B.Sc,Financial pressure,Andhra Pradesh,Human Resources,Employee_2100,562891,Support,3.0,Remote,MGR1149,24,30,High,2021,4,Experienced
2210,EMP102128,2025,Google,Data Scientist,Non-binary,MBA,Project closure,Karnataka,Analytics,Employee_2129,1240102,Sales,4.9,Remote,MGR1028,34,52,High,2022,3,Experienced
2211,EMP102200,2025,Swiggy,Software Engineer,Non-binary,CA,Automation adoption,Odisha,Engineering,Employee_2201,795767,Finance,2.8,Remote,MGR1100,79,39,High,2021,4,Experienced
2212,EMP102224,2025,Myntra,Product Manager,Female,B.Tech,Workforce restructuring,Delhi,Product,Employee_2225,2140213,Finance,4.0,Hybrid,MGR1124,54,13,Low,2015,10,Experienced
2213,EMP102290,2025,Google,Account Manager,Non-binary,MBA,Cost reduction,West Bengal,Sales,Employee_2291,513002,Operations,4.1,WFO,MGR1040,41,56,Medium,2017,8,Experienced
2214,EMP102418,2025,Infosys,UX Designer,Female,CA,Role redundancy,Kerala,Product,Employee_2419,499319,HR,4.4,WFO,MGR1018,54,39,Low,2019,6,Experienced
2215,EMP102430,2025,Wipro,Office Administrator,Male,M.Com,Financial pressure,Kerala,Administration,Employee_2431,1798817,IT,2.9,Hybrid,MGR1030,22,6,High,2015,10,Experienced
2216,EMP102441,2025,Amazon,Operations Manager,Non-binary,Diploma,Automation adoption,Andhra Pradesh,Operations,Employee_2442,649116,Operations,2.4,Remote,MGR1041,12,38,Low,2017,8,Experienced
2217,EMP102463,2025,Cognizant,HR Executive,Non-binary,Diploma,Automation adoption,Telangana,Human Resources,Employee_2464,958001,IT,2.3,Hybrid,MGR1063,39,50,Low,2022,3,Experienced
2218,EMP102501,2025,Accenture,Office Administrator,Male,MCA,Performance review,Maharashtra,Administration,Employee_2502,499639,Marketing,3.3,Remote,MGR1101,30,49,High,2023,2,Experienced
2219,EMP102576,2025,Infosys,Recruiter,Female,MCA,Business slowdown,Tamil Nadu,Human Resources,Employee_2577,403681,Support,4.6,Remote,MGR1026,68,55,Medium,2021,4,Experienced
2220,EMP102587,2025,Accenture,Finance Executive,Non-binary,M.Com,Cost reduction,Kerala,Finance,Employee_2588,1382080,Operations,2.3,WFO,MGR1037,50,41,Low,2017,8,Experienced
2221,EMP102605,2025,Swiggy,Operations Manager,Male,M.Com,Automation adoption,West Bengal,Operations,Employee_2606,686450,Marketing,4.0,Hybrid,MGR1055,17,41,High,2023,2,Experienced
2222,EMP102645,2025,Freshworks,Data Analyst,Female,B.Tech,Automation adoption,Telangana,Analytics,Employee_2646,687913,Support,3.6,Remote,MGR1095,57,3,High,2024,1,Experienced
2223,EMP102664,2025,Amazon,Operations Executive,Non-binary,B.E.,Workforce restructuring,Rajasthan,Operations,Employee_2665,473767,HR,4.3,WFO,MGR1114,50,4,Medium,2018,7,Experienced
2224,EMP102670,2025,Wipro,Operations Manager,Male,B.Tech,Cost reduction,Punjab,Operations,Employee_2671,1265550,HR,3.8,WFO,MGR1120,72,19,High,2019,6,Experienced
2225,EMP102721,2025,Accenture,Facilities Executive,Non-binary,MBA,Financial pressure,Gujarat,Administration,Employee_2722,1140685,Marketing,2.2,Hybrid,MGR1021,19,18,Low,2019,6,Experienced
2226,EMP102743,2025,Microsoft,Business Development Executive,Male,M.Com,Business slowdown,Odisha,Sales,Employee_2744,1379818,Sales,2.9,Remote,MGR1043,53,28,Medium,2024,1,Experienced
2227,EMP102777,2025,Accenture,DevOps Engineer,Male,CA,Workforce restructuring,Haryana,Engineering,Employee_2778,1756812,IT,5.0,WFO,MGR1077,12,31,Low,2021,4,Experienced
2228,EMP102783,2025,Infosys,Admin Executive,Male,B.Tech,Financial pressure,Kerala,Administration,Employee_2784,504008,Support,4.2,WFO,MGR1083,2,19,High,2023,2,Experienced
2229,EMP102814,2025,Meta,Admin Executive,Non-binary,B.Sc,Financial pressure,Gujarat,Administration,Employee_2815,1817217,IT,4.7,Hybrid,MGR1114,38,19,Medium,2018,7,Experienced
2230,EMP102824,2025,Flipkart,Content Manager,Male,BBA,Business slowdown,Delhi,Marketing,Employee_2825,845554,HR,4.4,Remote,MGR1124,45,44,Low,2021,4,Experienced
2231,EMP102876,2025,TCS,Digital Marketing Specialist,Female,BCA,Business restructuring,Gujarat,Marketing,Employee_2877,1277031,Finance,2.5,Hybrid,MGR1026,15,35,High,2019,6,Experienced
2232,EMP102942,2025,TCS,Tech Lead,Male,B.E.,Business restructuring,Telangana,Engineering,Employee_2943,792323,Finance,2.4,Hybrid,MGR1092,7,33,Low,2023,2,Experienced
2233,EMP102957,2025,Unacademy,HR Executive,Female,MCA,Project closure,Delhi,Human Resources,Employee_2958,1367638,Finance,3.4,WFO,MGR1107,36,5,Low,2021,4,Experienced
2234,EMP103018,2025,Infosys,Admin Executive,Male,BBA,Market demand decline,Andhra Pradesh,Administration,Employee_3019,2176793,Sales,4.4,WFO,MGR1018,71,55,High,2021,4,Experienced
2235,EMP103052,2025,Accenture,Marketing Executive,Non-binary,BCA,Performance review,Haryana,Marketing,Employee_3053,959655,Finance,2.9,Remote,MGR1052,34,7,High,2023,2,Experienced
2236,EMP103053,2025,Accenture,Admin Executive,Female,B.E.,Financial pressure,Gujarat,Administration,Employee_3054,1609531,Finance,2.6,Remote,MGR1053,3,26,High,2024,1,Experienced
2237,EMP103087,2025,Accenture,QA Engineer,Female,B.Sc,Financial pressure,Andhra Pradesh,Engineering,Employee_3088,260764,Marketing,2.5,Remote,MGR1087,76,35,Low,2024,1,Experienced
2238,EMP103120,2025,Infosys,Digital Marketing Specialist,Male,B.Tech,Project closure,Tamil Nadu,Marketing,Employee_3121,1319846,Support,2.4,Remote,MGR1120,7,59,Medium,2021,4,Experienced
2239,EMP103160,2025,Cisco,Recruiter,Non-binary,B.Tech,Business restructuring,Maharashtra,Human Resources,Employee_3161,1352024,Sales,4.6,Hybrid,MGR1010,48,2,Medium,2016,9,Experienced
2240,EMP103176,2025,Meta,Reporting Analyst,Male,MBA,Business restructuring,Karnataka,Analytics,Employee_3177,1150953,Operations,4.8,WFO,MGR1026,50,25,High,2022,3,Experienced
2241,EMP103217,2025,Freshworks,HR Executive,Non-binary,BCA,Role redundancy,Gujarat,Human Resources,Employee_3218,886577,Support,4.6,Remote,MGR1067,17,13,Low,2019,6,Experienced
2242,EMP103228,2025,TCS,Product Manager,Female,B.Sc,Role redundancy,Rajasthan,Product,Employee_3229,1633521,Finance,2.2,Hybrid,MGR1078,23,49,Medium,2015,10,Experienced
2243,EMP103236,2025,Freshworks,DevOps Engineer,Non-binary,M.Tech,Performance review,Delhi,Engineering,Employee_3237,1459328,Finance,3.6,Hybrid,MGR1086,48,48,Medium,2017,8,Experienced
2244,EMP103244,2025,Accenture,Business Analyst,Male,BCA,Role redundancy,Odisha,Analytics,Employee_3245,1458219,Marketing,2.2,WFO,MGR1094,43,47,Low,2023,2,Experienced
2245,EMP103259,2025,Cisco,Product Designer,Female,M.Com,Workforce restructuring,Kerala,Product,Employee_3260,1796216,HR,2.9,Remote,MGR1109,18,39,Medium,2020,5,Experienced
2246,EMP103265,2025,Cognizant,Operations Executive,Male,B.E.,Project closure,Uttar Pradesh,Operations,Employee_3266,336377,IT,4.9,Remote,MGR1115,55,39,High,2017,8,Experienced
2247,EMP103284,2025,Paytm,Customer Success Executive,Male,BBA,Financial pressure,Karnataka,Customer Support,Employee_3285,1295548,HR,2.6,WFO,MGR1134,60,17,High,2023,2,Experienced
2248,EMP103341,2025,Cognizant,UX Designer,Female,CA,Market demand decline,West Bengal,Product,Employee_3342,425567,IT,2.0,Remote,MGR1041,48,32,Low,2023,2,Experienced
2249,EMP103360,2025,Cognizant,Product Analyst,Non-binary,MCA,Business restructuring,Rajasthan,Product,Employee_3361,901602,Operations,3.8,Hybrid,MGR1060,24,25,Low,2020,5,Experienced
2250,EMP103405,2025,Freshworks,Accountant,Non-binary,B.Sc,Role redundancy,Rajasthan,Finance,Employee_3406,1603636,Marketing,2.9,Hybrid,MGR1105,54,34,Medium,2016,9,Experienced
2251,EMP103451,2025,Unacademy,Sales Manager,Male,CA,Workforce restructuring,Delhi,Sales,Employee_3452,2041913,Sales,3.2,WFO,MGR1001,43,36,Medium,2015,10,Experienced
2252,EMP103470,2025,Unacademy,Support Analyst,Non-binary,M.Com,Project closure,Tamil Nadu,Customer Support,Employee_3471,1591246,Marketing,3.5,WFO,MGR1020,68,34,Medium,2024,1,Experienced
2253,EMP103478,2025,Meesho,Data Analyst,Male,B.E.,Financial pressure,Punjab,Analytics,Employee_3479,1816741,Marketing,4.1,Hybrid,MGR1028,10,11,High,2024,1,Experienced
2254,EMP103539,2025,Unacademy,Business Analyst,Non-binary,BBA,Financial pressure,West Bengal,Analytics,Employee_3540,1567353,Marketing,4.4,WFO,MGR1089,69,30,High,2023,2,Experienced
2255,EMP103593,2025,Ola Electric,Technical Support Executive,Male,B.Sc,Project closure,Maharashtra,Customer Support,Employee_3594,867490,Finance,4.8,Hybrid,MGR1143,3,14,Low,2020,5,Experienced
2256,EMP103617,2025,Microsoft,Reporting Analyst,Male,B.Tech,Financial pressure,Odisha,Analytics,Employee_3618,1422377,Sales,2.5,WFO,MGR1017,29,18,Medium,2023,2,Experienced
2257,EMP103618,2025,Cognizant,QA Engineer,Non-binary,Diploma,Business restructuring,Andhra Pradesh,Engineering,Employee_3619,626319,IT,4.2,WFO,MGR1018,3,59,Medium,2024,1,Experienced
2258,EMP103678,2025,Cisco,Inside Sales Executive,Female,M.Com,Cost reduction,Rajasthan,Sales,Employee_3679,1126104,Support,4.4,Hybrid,MGR1078,37,32,Low,2016,9,Experienced
2259,EMP103679,2025,Paytm,Recruiter,Male,CA,Role redundancy,Karnataka,Human Resources,Employee_3680,1094521,HR,4.5,WFO,MGR1079,10,53,High,2024,1,Experienced
2260,EMP103703,2025,Paytm,Admin Executive,Non-binary,M.Com,Business restructuring,Rajasthan,Administration,Employee_3704,1235815,IT,2.0,WFO,MGR1103,40,3,Medium,2019,6,Experienced
2261,EMP103758,2025,Microsoft,Finance Executive,Female,M.Com,Role redundancy,West Bengal,Finance,Employee_3759,528500,Finance,4.6,WFO,MGR1008,26,40,High,2019,6,Experienced
2262,EMP103796,2025,Amazon,Reporting Analyst,Male,Diploma,Role redundancy,Haryana,Analytics,Employee_3797,289003,Sales,4.1,Hybrid,MGR1046,16,57,Medium,2015,10,Experienced
2263,EMP103824,2025,TCS,Operations Manager,Male,BBA,Workforce restructuring,Delhi,Operations,Employee_3825,992270,Marketing,4.5,WFO,MGR1074,74,57,Low,2024,1,Experienced
2264,EMP103853,2025,Infosys,Growth Manager,Male,BBA,Project closure,Uttar Pradesh,Marketing,Employee_3854,394489,HR,4.7,Hybrid,MGR1103,64,22,Medium,2021,4,Experienced
2265,EMP103886,2025,Zomato,Inside Sales Executive,Female,M.Com,Project closure,Karnataka,Sales,Employee_3887,1683370,IT,4.7,Remote,MGR1136,35,43,Medium,2022,3,Experienced
2266,EMP103898,2025,Zomato,DevOps Engineer,Female,M.Tech,Role redundancy,Karnataka,Engineering,Employee_3899,1259083,Marketing,2.0,Remote,MGR1148,42,12,High,2019,6,Experienced
2267,EMP103923,2025,Cognizant,Software Engineer,Non-binary,BCA,Business restructuring,Kerala,Engineering,Employee_3924,2072936,Sales,2.1,Remote,MGR1023,66,43,Low,2023,2,Experienced
2268,EMP103937,2025,TCS,Data Scientist,Male,Diploma,Role redundancy,Tamil Nadu,Analytics,Employee_3938,571162,HR,2.1,WFO,MGR1037,18,52,Low,2017,8,Experienced
2269,EMP103957,2025,Freshworks,Software Engineer,Non-binary,MBA,Cost reduction,Odisha,Engineering,Employee_3958,1685370,Operations,5.0,Remote,MGR1057,71,0,Medium,2020,5,Experienced
2270,EMP103990,2025,Meesho,Growth Manager,Male,MBA,Role redundancy,Karnataka,Marketing,Employee_3991,2148555,IT,4.2,Hybrid,MGR1090,0,37,Low,2019,6,Experienced
2271,EMP104001,2025,Infosys,Account Manager,Male,M.Tech,Performance review,West Bengal,Sales,Employee_4002,1043252,Finance,4.4,Remote,MGR1101,69,31,Low,2021,4,Experienced
2272,EMP104018,2025,Swiggy,Product Designer,Non-binary,B.E.,Business restructuring,Maharashtra,Product,Employee_4019,1513531,HR,3.8,Hybrid,MGR1118,43,45,Medium,2023,2,Experienced
2273,EMP104031,2025,Myntra,Financial Analyst,Non-binary,B.Sc,Financial pressure,Telangana,Finance,Employee_4032,1639697,Operations,3.1,WFO,MGR1131,7,19,High,2023,2,Experienced
2274,EMP104065,2025,Cognizant,Customer Support Executive,Non-binary,B.Tech,Business restructuring,Madhya Pradesh,Customer Support,Employee_4066,1429716,IT,2.4,WFO,MGR1015,36,15,Medium,2022,3,Experienced
2275,EMP104086,2025,Cisco,Marketing Executive,Male,M.Tech,Project closure,Tamil Nadu,Marketing,Employee_4087,1574899,Support,2.2,Hybrid,MGR1036,64,40,High,2023,2,Experienced
2276,EMP104112,2025,Swiggy,Marketing Executive,Female,MBA,Market demand decline,Gujarat,Marketing,Employee_4113,2005633,Operations,3.6,Remote,MGR1062,79,52,Low,2020,5,Experienced
2277,EMP104139,2025,Cisco,HR Executive,Male,BCA,Business slowdown,Delhi,Human Resources,Employee_4140,1854958,Finance,4.0,Remote,MGR1089,54,48,High,2019,6,Experienced
2278,EMP104216,2025,Unacademy,QA Engineer,Non-binary,BBA,Financial pressure,Maharashtra,Engineering,Employee_4217,341213,Finance,2.8,Remote,MGR1016,2,23,Medium,2015,10,Experienced
2279,EMP104247,2025,Zomato,Office Administrator,Non-binary,B.Tech,Automation adoption,Madhya Pradesh,Administration,Employee_4248,835229,Operations,2.1,Remote,MGR1047,27,45,Low,2021,4,Experienced
2280,EMP104251,2025,Infosys,Sales Executive,Female,M.Com,Role redundancy,Haryana,Sales,Employee_4252,1122647,Finance,2.4,Hybrid,MGR1051,66,35,High,2023,2,Experienced
2281,EMP104255,2025,Google,Office Administrator,Female,CA,Workforce restructuring,Delhi,Administration,Employee_4256,704223,HR,2.3,Remote,MGR1055,44,38,High,2019,6,Experienced
2282,EMP104279,2025,TCS,QA Engineer,Non-binary,B.E.,Market demand decline,Maharashtra,Engineering,Employee_4280,1385752,Sales,2.9,WFO,MGR1079,62,58,Medium,2020,5,Experienced
2283,EMP104288,2025,Microsoft,Account Manager,Male,BBA,Automation adoption,Punjab,Sales,Employee_4289,1055064,Marketing,3.9,Hybrid,MGR1088,78,15,Medium,2022,3,Experienced
2284,EMP104350,2025,Paytm,Product Designer,Female,B.Tech,Cost reduction,Haryana,Product,Employee_4351,320520,Marketing,3.0,Hybrid,MGR1000,27,10,Low,2023,2,Experienced
2285,EMP104366,2025,Flipkart,Product Designer,Non-binary,MBA,Automation adoption,Gujarat,Product,Employee_4367,615391,Marketing,2.7,Hybrid,MGR1016,49,14,High,2016,9,Experienced
2286,EMP104379,2025,Flipkart,Data Analyst,Female,BBA,Project closure,Uttar Pradesh,Analytics,Employee_4380,1341467,HR,3.8,Hybrid,MGR1029,78,50,High,2020,5,Experienced
2287,EMP104400,2025,Cognizant,Operations Manager,Female,BCA,Financial pressure,Maharashtra,Operations,Employee_4401,835633,Finance,2.9,Remote,MGR1050,63,18,High,2022,3,Experienced
2288,EMP104517,2025,Meta,Tech Lead,Female,M.Com,Role redundancy,Odisha,Engineering,Employee_4518,481453,HR,4.8,Hybrid,MGR1017,50,8,Low,2024,1,Experienced
2289,EMP104524,2025,Google,Customer Success Executive,Male,MCA,Market demand decline,Andhra Pradesh,Customer Support,Employee_4525,2118027,HR,3.6,Hybrid,MGR1024,26,24,Medium,2019,6,Experienced
2290,EMP104549,2025,Meta,Data Scientist,Male,M.Tech,Market demand decline,Uttar Pradesh,Analytics,Employee_4550,1478323,Marketing,3.2,Remote,MGR1049,42,4,Low,2020,5,Experienced
2291,EMP100003,2025,Google,BI Analyst,Non-binary,MCA,Performance review,Rajasthan,Analytics,Employee_4,995502,Operations,2.8,Hybrid,MGR1003,75,16,Medium,2015,10,Experienced
2292,EMP100014,2025,Paytm,Sales Executive,Male,M.Tech,Financial pressure,Haryana,Sales,Employee_15,1581670,IT,2.0,Remote,MGR1014,16,35,High,2022,3,Experienced
2293,EMP100020,2025,Swiggy,Account Manager,Male,BBA,Performance review,Telangana,Sales,Employee_21,945678,Finance,3.2,Remote,MGR1020,14,28,High,2022,3,Experienced
2294,EMP100062,2025,TCS,Product Analyst,Male,CA,Cost reduction,Andhra Pradesh,Product,Employee_63,895575,Sales,3.4,Remote,MGR1062,21,22,Low,2017,8,Experienced
2295,EMP100094,2025,Microsoft,Recruiter,Female,MBA,Market demand decline,Rajasthan,Human Resources,Employee_95,615123,Support,3.6,Hybrid,MGR1094,61,57,Low,2017,8,Experienced
2296,EMP100139,2025,Myntra,Customer Success Executive,Non-binary,MCA,Automation adoption,Tamil Nadu,Customer Support,Employee_140,620749,Operations,5.0,Hybrid,MGR1139,37,1,High,2019,6,Experienced
2297,EMP100196,2025,Freshworks,QA Engineer,Male,BBA,Workforce restructuring,Kerala,Engineering,Employee_197,1055511,Operations,3.5,WFO,MGR1046,45,23,Medium,2022,3,Experienced
2298,EMP100214,2025,Meesho,Support Analyst,Male,BBA,Business restructuring,Punjab,Customer Support,Employee_215,2046026,Sales,3.5,WFO,MGR1064,36,5,High,2024,1,Experienced
2299,EMP100217,2025,Cognizant,Growth Manager,Female,M.Tech,Financial pressure,Haryana,Marketing,Employee_218,290181,HR,4.2,Remote,MGR1067,40,45,Medium,2019,6,Experienced
2300,EMP100231,2025,Flipkart,Content Manager,Male,MCA,Project closure,Kerala,Marketing,Employee_232,2097216,Sales,3.6,Hybrid,MGR1081,21,13,Low,2024,1,Experienced
2301,EMP100256,2025,Intel,Process Associate,Female,M.Com,Financial pressure,Maharashtra,Operations,Employee_257,1285137,Sales,2.3,Remote,MGR1106,39,44,Medium,2015,10,Experienced
2302,EMP100328,2025,Accenture,Admin Executive,Female,M.Tech,Financial pressure,Haryana,Administration,Employee_329,969355,Marketing,2.0,Remote,MGR1028,49,45,Medium,2017,8,Experienced
2303,EMP100332,2025,Zomato,Admin Executive,Male,M.Tech,Performance review,Haryana,Administration,Employee_333,2163838,HR,3.5,WFO,MGR1032,61,43,High,2018,7,Experienced
2304,EMP100394,2025,Meta,HR Executive,Non-binary,MBA,Business slowdown,Gujarat,Human Resources,Employee_395,1124446,Finance,3.5,WFO,MGR1094,3,31,Medium,2018,7,Experienced
2305,EMP100420,2025,Intel,Talent Acquisition Specialist,Female,BBA,Business restructuring,Madhya Pradesh,Human Resources,Employee_421,593304,Support,4.0,Remote,MGR1120,66,1,Medium,2016,9,Experienced
2306,EMP100432,2025,Ola Electric,Technical Support Executive,Male,CA,Business restructuring,Uttar Pradesh,Customer Support,Employee_433,2053945,HR,2.7,WFO,MGR1132,59,40,Low,2023,2,Experienced
2307,EMP100433,2025,Unacademy,Tech Lead,Female,B.E.,Business restructuring,Maharashtra,Engineering,Employee_434,1480019,Sales,2.0,WFO,MGR1133,14,37,High,2024,1,Experienced
2308,EMP100491,2025,Infosys,Software Engineer,Non-binary,M.Com,Workforce restructuring,Uttar Pradesh,Engineering,Employee_492,2069047,HR,4.3,Remote,MGR1041,62,51,High,2020,5,Experienced
2309,EMP100494,2025,Microsoft,Operations Executive,Non-binary,B.E.,Performance review,West Bengal,Operations,Employee_495,2106207,Operations,4.9,Hybrid,MGR1044,26,14,High,2020,5,Experienced
2310,EMP100496,2025,Unacademy,Recruiter,Male,BCA,Performance review,Kerala,Human Resources,Employee_497,574832,Marketing,4.3,Remote,MGR1046,75,11,Low,2022,3,Experienced
2311,EMP100502,2025,Accenture,MIS Executive,Non-binary,B.Sc,Role redundancy,Madhya Pradesh,Analytics,Employee_503,1170234,Sales,4.4,Remote,MGR1052,78,41,High,2017,8,Experienced
2312,EMP100553,2025,Freshworks,Inside Sales Executive,Male,MCA,Project closure,Madhya Pradesh,Sales,Employee_554,313930,Sales,4.5,Hybrid,MGR1103,28,6,Medium,2024,1,Experienced
2313,EMP100558,2025,Cisco,Risk Analyst,Female,B.Tech,Financial pressure,Maharashtra,Finance,Employee_559,1834968,Marketing,2.2,WFO,MGR1108,55,49,Low,2015,10,Experienced
2314,EMP100577,2025,Infosys,Sales Executive,Non-binary,MCA,Project closure,Maharashtra,Sales,Employee_578,1176363,Operations,3.1,Remote,MGR1127,25,32,Medium,2015,10,Experienced
2315,EMP100578,2025,Flipkart,Data Scientist,Female,B.Sc,Business restructuring,Tamil Nadu,Analytics,Employee_579,1303928,HR,2.8,Hybrid,MGR1128,70,26,Medium,2017,8,Experienced
2316,EMP100607,2025,Microsoft,Financial Analyst,Female,B.Sc,Cost reduction,West Bengal,Finance,Employee_608,1502083,IT,4.8,WFO,MGR1007,0,42,Low,2019,6,Experienced
2317,EMP100650,2025,Freshworks,Senior Software Engineer,Male,CA,Business restructuring,Maharashtra,Engineering,Employee_651,546094,IT,3.5,WFO,MGR1050,55,18,Low,2019,6,Experienced
2318,EMP100684,2025,Intel,Talent Acquisition Specialist,Non-binary,B.E.,Business slowdown,Uttar Pradesh,Human Resources,Employee_685,1284870,Marketing,2.3,Hybrid,MGR1084,61,15,Low,2016,9,Experienced
2319,EMP100709,2025,Meta,Growth Manager,Male,M.Com,Business restructuring,Telangana,Marketing,Employee_710,1735434,Operations,5.0,Hybrid,MGR1109,63,1,Medium,2022,3,Experienced
2320,EMP100715,2025,Amazon,Facilities Executive,Male,MBA,Market demand decline,Tamil Nadu,Administration,Employee_716,1817865,IT,4.6,WFO,MGR1115,31,7,High,2021,4,Experienced
2321,EMP100748,2025,Ola Electric,Backend Developer,Male,B.Sc,Market demand decline,Odisha,Engineering,Employee_749,542314,Operations,2.3,WFO,MGR1148,52,36,High,2021,4,Experienced
2322,EMP100754,2025,Swiggy,Inside Sales Executive,Male,BCA,Cost reduction,Madhya Pradesh,Sales,Employee_755,898291,IT,3.5,Remote,MGR1004,43,29,Low,2024,1,Experienced
2323,EMP100759,2025,Ola Electric,Admin Executive,Male,B.E.,Performance review,West Bengal,Sales,Employee_760,1101836,Marketing,2.2,Remote,MGR1009,40,5,Medium,2015,10,Experienced
2324,EMP100805,2025,Infosys,Reporting Analyst,Non-binary,Diploma,Workforce restructuring,Punjab,Analytics,Employee_806,1852232,Support,2.2,Hybrid,MGR1055,62,41,Low,2023,2,Experienced
2325,EMP100849,2025,Meta,Growth Manager,Non-binary,B.E.,Market demand decline,Punjab,Marketing,Employee_850,702265,Sales,4.6,Hybrid,MGR1099,66,58,Low,2018,7,Experienced
2326,EMP100904,2025,Amazon,Facilities Executive,Non-binary,Diploma,Workforce restructuring,Gujarat,Administration,Employee_905,762501,Support,2.8,Remote,MGR1004,20,5,Medium,2023,2,Experienced
2327,EMP101105,2025,Wipro,Recruiter,Male,MBA,Workforce restructuring,Kerala,Human Resources,Employee_1106,323807,Support,2.5,Hybrid,MGR1055,68,26,Low,2015,10,Experienced
2328,EMP101117,2025,Meta,BI Analyst,Male,CA,Workforce restructuring,Karnataka,Analytics,Employee_1118,449337,IT,2.2,Remote,MGR1067,51,36,High,2018,7,Experienced
2329,EMP101123,2025,TCS,Recruiter,Male,M.Tech,Cost reduction,Punjab,Human Resources,Employee_1124,1351599,Sales,3.3,Remote,MGR1073,11,25,High,2018,7,Experienced
2330,EMP101170,2025,Zomato,Product Manager,Male,MBA,Business restructuring,Uttar Pradesh,Product,Employee_1171,1272807,HR,4.0,Remote,MGR1120,61,52,Medium,2015,10,Experienced
2331,EMP101207,2025,Accenture,Facilities Executive,Non-binary,B.Sc,Cost reduction,Rajasthan,Administration,Employee_1208,1893836,Finance,3.9,Remote,MGR1007,20,54,Low,2017,8,Experienced
2332,EMP101227,2025,Swiggy,Facilities Executive,Female,M.Com,Business restructuring,Maharashtra,Administration,Employee_1228,837612,Marketing,2.3,Remote,MGR1027,26,30,Low,2021,4,Experienced
2333,EMP101234,2025,Infosys,Recruiter,Female,B.Sc,Financial pressure,Madhya Pradesh,Human Resources,Employee_1235,264199,Sales,3.6,Hybrid,MGR1034,57,41,Low,2016,9,Experienced
2334,EMP101240,2025,Flipkart,Account Manager,Female,B.Tech,Project closure,Rajasthan,Sales,Employee_1241,1358250,IT,3.8,Hybrid,MGR1040,77,48,High,2022,3,Experienced
2335,EMP101244,2025,Amazon,Content Manager,Non-binary,CA,Performance review,Delhi,Marketing,Employee_1245,714567,Support,4.3,Hybrid,MGR1044,58,3,Medium,2015,10,Experienced
2336,EMP101290,2025,TCS,Financial Analyst,Male,M.Tech,Business restructuring,Gujarat,Finance,Employee_1291,1252836,Finance,4.4,WFO,MGR1090,77,48,Low,2022,3,Experienced
2337,EMP101315,2025,Paytm,HR Executive,Non-binary,CA,Workforce restructuring,Madhya Pradesh,Human Resources,Employee_1316,673131,HR,4.8,Remote,MGR1115,56,9,Low,2021,4,Experienced
2338,EMP101373,2025,Meesho,Recruiter,Female,Diploma,Role redundancy,Andhra Pradesh,Human Resources,Employee_1374,1463684,Operations,2.2,Remote,MGR1023,22,6,Medium,2015,10,Experienced
2339,EMP101386,2025,Google,Recruiter,Male,B.E.,Business slowdown,Tamil Nadu,Human Resources,Employee_1387,600051,HR,5.0,WFO,MGR1036,21,44,High,2024,1,Experienced
2340,EMP101414,2025,Amazon,HR Executive,Non-binary,Diploma,Market demand decline,Kerala,Human Resources,Employee_1415,1745726,Support,2.9,WFO,MGR1064,31,47,Medium,2020,5,Experienced
2341,EMP101444,2025,Meesho,Sales Executive,Non-binary,MBA,Financial pressure,Tamil Nadu,Sales,Employee_1445,1235099,Operations,4.6,Hybrid,MGR1094,32,27,Low,2016,9,Experienced
2342,EMP101490,2025,Cognizant,Risk Analyst,Male,M.Com,Business restructuring,Odisha,Finance,Employee_1491,1196431,IT,2.6,Hybrid,MGR1140,44,3,Medium,2020,5,Experienced
2343,EMP101520,2025,Myntra,Product Manager,Male,M.Tech,Role redundancy,Uttar Pradesh,Product,Employee_1521,891906,Support,2.9,WFO,MGR1020,67,57,High,2017,8,Experienced
2344,EMP101548,2025,Zomato,Data Engineer,Non-binary,M.Com,Role redundancy,Haryana,Engineering,Employee_1549,1991563,Operations,4.2,Remote,MGR1048,0,47,High,2020,5,Experienced
2345,EMP101556,2025,Wipro,Risk Analyst,Female,B.Sc,Financial pressure,Andhra Pradesh,Finance,Employee_1557,1565079,IT,4.6,Remote,MGR1056,30,4,High,2021,4,Experienced
2346,EMP101579,2025,Freshworks,Technical Support Executive,Male,Diploma,Market demand decline,Andhra Pradesh,Customer Support,Employee_1580,1305440,IT,3.9,WFO,MGR1079,29,33,High,2024,1,Experienced
2347,EMP101609,2025,Zomato,Frontend Developer,Male,Diploma,Business restructuring,West Bengal,Engineering,Employee_1610,673486,Support,3.9,Hybrid,MGR1109,54,16,Medium,2017,8,Experienced
2348,EMP101639,2025,Amazon,Inside Sales Executive,Non-binary,Diploma,Project closure,Karnataka,Sales,Employee_1640,1242219,Marketing,2.9,Hybrid,MGR1139,67,16,Low,2024,1,Experienced
2349,EMP101642,2025,Cisco,HR Executive,Male,M.Com,Business restructuring,Uttar Pradesh,Human Resources,Employee_1643,1443516,Operations,3.2,WFO,MGR1142,40,36,Low,2020,5,Experienced
2350,EMP101646,2025,Swiggy,Marketing Executive,Male,B.Sc,Business slowdown,Maharashtra,Marketing,Employee_1647,483402,IT,4.3,Remote,MGR1146,0,5,High,2015,10,Experienced
2351,EMP101686,2025,Cisco,QA Engineer,Non-binary,M.Com,Business slowdown,Maharashtra,Engineering,Employee_1687,1742202,Operations,2.7,Hybrid,MGR1036,24,34,High,2016,9,Experienced
2352,EMP101712,2025,Amazon,Software Engineer,Female,MBA,Automation adoption,Madhya Pradesh,Engineering,Employee_1713,327867,Finance,4.9,Hybrid,MGR1062,44,10,Low,2016,9,Experienced
2353,EMP101775,2025,Meesho,HR Executive,Female,BBA,Market demand decline,Punjab,Human Resources,Employee_1776,745881,Sales,2.5,WFO,MGR1125,6,59,Medium,2024,1,Experienced
2354,EMP101778,2025,Google,Technical Support Executive,Non-binary,B.E.,Automation adoption,Haryana,Customer Support,Employee_1779,571460,Sales,2.1,WFO,MGR1128,12,57,Medium,2015,10,Experienced
2355,EMP101786,2025,Infosys,Growth Manager,Non-binary,CA,Automation adoption,Odisha,Marketing,Employee_1787,253367,HR,2.0,Remote,MGR1136,15,20,Medium,2023,2,Experienced
2356,EMP101825,2025,Intel,Technical Support Executive,Male,CA,Business restructuring,Andhra Pradesh,Customer Support,Employee_1826,1148992,Operations,3.9,WFO,MGR1025,4,35,High,2023,2,Experienced
2357,EMP101862,2025,Intel,Inside Sales Executive,Non-binary,MCA,Project closure,Rajasthan,Sales,Employee_1863,1171773,Support,2.7,WFO,MGR1062,27,38,High,2016,9,Experienced
2358,EMP101865,2025,Meesho,Financial Analyst,Male,B.E.,Role redundancy,Maharashtra,Finance,Employee_1866,1057127,IT,4.4,Hybrid,MGR1065,45,50,High,2015,10,Experienced
2359,EMP101893,2025,Meesho,Office Administrator,Non-binary,B.Sc,Performance review,Odisha,Administration,Employee_1894,1154884,IT,3.2,WFO,MGR1093,68,5,Low,2017,8,Experienced
2360,EMP101927,2025,Accenture,Tech Lead,Female,M.Com,Automation adoption,West Bengal,Engineering,Employee_1928,1711546,HR,2.2,WFO,MGR1127,71,23,Medium,2021,4,Experienced
2361,EMP101992,2025,Freshworks,Recruiter,Male,M.Tech,Financial pressure,Rajasthan,Human Resources,Employee_1993,398808,Operations,2.9,Hybrid,MGR1042,7,53,High,2019,6,Experienced
2362,EMP102009,2025,Cisco,Facilities Executive,Female,MCA,Performance review,Maharashtra,Administration,Employee_2010,1900018,HR,3.6,Hybrid,MGR1059,4,47,High,2022,3,Experienced
2363,EMP102024,2025,Intel,Data Scientist,Female,B.Tech,Performance review,Tamil Nadu,Analytics,Employee_2025,855001,HR,2.4,Remote,MGR1074,22,16,Medium,2021,4,Experienced
2364,EMP102041,2025,Cognizant,Data Engineer,Non-binary,CA,Project closure,Odisha,Engineering,Employee_2042,1161271,Support,4.8,Hybrid,MGR1091,62,22,High,2022,3,Experienced
2365,EMP102045,2025,Meta,Sales Manager,Male,BBA,Financial pressure,Karnataka,Sales,Employee_2046,2036317,Operations,4.3,Hybrid,MGR1095,28,19,High,2018,7,Experienced
2366,EMP102050,2025,Unacademy,Operations Manager,Male,B.Sc,Business restructuring,Telangana,Operations,Employee_2051,2052892,Support,3.5,Remote,MGR1100,9,55,Low,2016,9,Experienced
2367,EMP102082,2025,Amazon,Sales Executive,Non-binary,M.Tech,Business slowdown,Telangana,Sales,Employee_2083,1987090,Finance,4.8,WFO,MGR1132,75,15,Medium,2018,7,Experienced
2368,EMP102094,2025,Wipro,Finance Executive,Female,MCA,Project closure,Andhra Pradesh,Finance,Employee_2095,1575249,Sales,2.4,Remote,MGR1144,0,19,High,2023,2,Experienced
2369,EMP102097,2025,Flipkart,Product Analyst,Female,M.Tech,Cost reduction,Kerala,Product,Employee_2098,639254,Finance,2.7,Hybrid,MGR1147,6,42,Low,2024,1,Experienced
2370,EMP102109,2025,Infosys,UX Designer,Non-binary,CA,Automation adoption,Delhi,Product,Employee_2110,1813746,HR,4.3,Remote,MGR1009,52,56,Low,2023,2,Experienced
2371,EMP102192,2025,TCS,Technical Support Executive,Male,MCA,Market demand decline,Kerala,Customer Support,Employee_2193,1437617,Support,4.7,Remote,MGR1092,38,26,Medium,2022,3,Experienced
2372,EMP102196,2025,Flipkart,Process Associate,Non-binary,BBA,Project closure,Tamil Nadu,Operations,Employee_2197,1019641,Sales,3.6,WFO,MGR1096,44,15,High,2019,6,Experienced
2373,EMP102359,2025,Myntra,Content Manager,Female,MCA,Project closure,Karnataka,Marketing,Employee_2360,1598219,Operations,3.0,Hybrid,MGR1109,0,20,Medium,2018,7,Experienced
2374,EMP102368,2025,Freshworks,Operations Manager,Non-binary,CA,Financial pressure,Haryana,Operations,Employee_2369,1496100,Marketing,4.5,Hybrid,MGR1118,52,52,Low,2018,7,Experienced
2375,EMP102414,2025,Infosys,Data Scientist,Male,BCA,Market demand decline,Rajasthan,Analytics,Employee_2415,456635,Finance,4.1,Remote,MGR1014,56,4,Medium,2016,9,Experienced
2376,EMP102475,2025,Infosys,Sales Manager,Female,M.Tech,Performance review,Telangana,Sales,Employee_2476,1582017,Marketing,3.6,WFO,MGR1075,32,41,Medium,2017,8,Experienced
2377,EMP102505,2025,Infosys,Content Manager,Female,CA,Financial pressure,Karnataka,Marketing,Employee_2506,1632480,HR,2.8,Hybrid,MGR1105,11,32,High,2021,4,Experienced
2378,EMP102522,2025,Infosys,Content Manager,Non-binary,M.Tech,Business slowdown,Haryana,Marketing,Employee_2523,1339345,Operations,4.6,Hybrid,MGR1122,3,11,High,2022,3,Experienced
2379,EMP102538,2025,Zomato,Business Analyst,Female,BBA,Workforce restructuring,Haryana,Analytics,Employee_2539,862996,Operations,2.7,Hybrid,MGR1138,60,42,High,2015,10,Experienced
2380,EMP102540,2025,Amazon,Account Manager,Female,Diploma,Business slowdown,Telangana,Sales,Employee_2541,566560,Operations,3.6,WFO,MGR1140,60,38,Medium,2019,6,Experienced
2381,EMP102541,2025,Unacademy,Office Administrator,Female,MCA,Business restructuring,Delhi,Administration,Employee_2542,919377,Support,4.9,WFO,MGR1141,10,41,Medium,2018,7,Experienced
2382,EMP102566,2025,Meesho,Product Designer,Non-binary,BBA,Financial pressure,Haryana,Product,Employee_2567,702597,Sales,4.5,Remote,MGR1016,30,34,Medium,2020,5,Experienced
2383,EMP102625,2025,Wipro,BI Analyst,Female,BBA,Automation adoption,Rajasthan,Analytics,Employee_2626,358380,Support,2.3,Hybrid,MGR1075,77,1,Medium,2021,4,Experienced
2384,EMP102666,2025,Wipro,Account Manager,Male,M.Com,Automation adoption,Maharashtra,Sales,Employee_2667,942309,Marketing,3.2,Remote,MGR1116,45,19,High,2020,5,Experienced
2385,EMP102716,2025,Accenture,Risk Analyst,Female,M.Com,Business restructuring,Delhi,Finance,Employee_2717,814385,Sales,4.3,Remote,MGR1016,51,48,Low,2017,8,Experienced
2386,EMP102732,2025,Flipkart,Operations Manager,Male,M.Tech,Automation adoption,West Bengal,Operations,Employee_2733,1096935,IT,2.4,WFO,MGR1032,7,24,High,2022,3,Experienced
2387,EMP102797,2025,Paytm,Recruiter,Non-binary,MBA,Workforce restructuring,Uttar Pradesh,Human Resources,Employee_2798,1574368,Finance,4.4,WFO,MGR1097,60,56,Medium,2018,7,Experienced
2388,EMP102810,2025,Google,Operations Executive,Female,BCA,Workforce restructuring,Madhya Pradesh,Operations,Employee_2811,1074506,Finance,2.7,Hybrid,MGR1110,25,39,High,2019,6,Experienced
2389,EMP102829,2025,Myntra,Frontend Developer,Male,BCA,Automation adoption,Haryana,Engineering,Employee_2830,1789039,Support,4.6,WFO,MGR1129,3,32,Medium,2022,3,Experienced
2390,EMP102866,2025,Meta,Software Engineer,Female,M.Com,Project closure,Haryana,Engineering,Employee_2867,1915865,Operations,2.6,Remote,MGR1016,76,4,Medium,2023,2,Experienced
2391,EMP102884,2025,Unacademy,HR Executive,Female,B.Tech,Workforce restructuring,Tamil Nadu,Human Resources,Employee_2885,2169539,IT,3.1,Remote,MGR1034,55,53,Medium,2018,7,Experienced
2392,EMP102887,2025,Intel,Risk Analyst,Female,M.Tech,Project closure,Telangana,Finance,Employee_2888,354002,IT,4.0,Hybrid,MGR1037,44,21,Low,2024,1,Experienced
2393,EMP102892,2025,Myntra,Operations Analyst,Male,MCA,Cost reduction,Maharashtra,Operations,Employee_2893,1065661,Sales,3.6,WFO,MGR1042,3,43,Low,2019,6,Experienced
2394,EMP102901,2025,Google,Business Development Executive,Female,MBA,Financial pressure,Tamil Nadu,Sales,Employee_2902,498834,Finance,2.5,Hybrid,MGR1051,66,56,Medium,2015,10,Experienced
2395,EMP102902,2025,Ola Electric,Senior Software Engineer,Female,MBA,Role redundancy,Rajasthan,Engineering,Employee_2903,1540140,IT,4.4,WFO,MGR1052,11,43,Low,2022,3,Experienced
2396,EMP102952,2025,Myntra,Data Engineer,Female,M.Tech,Cost reduction,Odisha,Human Resources,Employee_2953,1692256,HR,2.7,WFO,MGR1102,23,27,High,2017,8,Experienced
2397,EMP102988,2025,Accenture,Inside Sales Executive,Non-binary,M.Com,Project closure,Madhya Pradesh,Sales,Employee_2989,1330256,Sales,3.9,Hybrid,MGR1138,77,34,Low,2022,3,Experienced
2398,EMP103030,2025,Flipkart,MIS Executive,Female,B.Tech,Cost reduction,Haryana,Analytics,Employee_3031,1800449,Sales,3.3,WFO,MGR1030,22,20,High,2015,10,Experienced
2399,EMP103031,2025,Google,Facilities Executive,Male,CA,Business restructuring,Telangana,Administration,Employee_3032,2139293,HR,4.4,Remote,MGR1031,59,43,Low,2016,9,Experienced
2400,EMP103041,2025,Swiggy,Marketing Executive,Male,BBA,Performance review,Tamil Nadu,Marketing,Employee_3042,317637,IT,2.8,Hybrid,MGR1041,59,53,High,2022,3,Experienced
2401,EMP103054,2025,Cisco,DevOps Engineer,Female,B.E.,Business restructuring,Punjab,Engineering,Employee_3055,1124301,Operations,2.3,Hybrid,MGR1054,15,36,Low,2019,6,Experienced
2402,EMP103055,2025,Google,Digital Marketing Specialist,Female,B.Sc,Cost reduction,Maharashtra,Marketing,Employee_3056,690591,Sales,3.2,Hybrid,MGR1055,66,21,Low,2024,1,Experienced
2403,EMP103077,2025,Meta,Technical Support Executive,Female,B.E.,Performance review,Kerala,Customer Support,Employee_3078,1515071,Support,5.0,Remote,MGR1077,69,6,High,2018,7,Experienced
2404,EMP103089,2025,Swiggy,Facilities Executive,Non-binary,B.E.,Role redundancy,Telangana,Administration,Employee_3090,466125,Operations,4.0,Remote,MGR1089,75,52,Medium,2022,3,Experienced
2405,EMP103127,2025,Accenture,Inside Sales Executive,Female,B.E.,Role redundancy,Haryana,Sales,Employee_3128,1544366,HR,3.2,Hybrid,MGR1127,49,28,High,2024,1,Experienced
2406,EMP103133,2025,Microsoft,Accountant,Non-binary,B.Tech,Project closure,Maharashtra,Finance,Employee_3134,553000,Support,4.1,Remote,MGR1133,3,56,High,2021,4,Experienced
2407,EMP103192,2025,Cisco,Admin Executive,Non-binary,M.Tech,Role redundancy,Punjab,Administration,Employee_3193,441058,Operations,3.0,Remote,MGR1042,12,11,Medium,2021,4,Experienced
2408,EMP103227,2025,Flipkart,Growth Manager,Male,B.Tech,Role redundancy,Rajasthan,Marketing,Employee_3228,1283563,Finance,2.7,WFO,MGR1077,48,35,Medium,2022,3,Experienced
2409,EMP103324,2025,Unacademy,Office Administrator,Non-binary,M.Com,Business restructuring,Rajasthan,Administration,Employee_3325,704111,Support,4.8,WFO,MGR1024,2,38,Medium,2024,1,Experienced
2410,EMP103328,2025,Meta,Customer Success Executive,Male,BBA,Business restructuring,Rajasthan,Customer Support,Employee_3329,564958,Support,2.6,Remote,MGR1028,0,48,Low,2018,7,Experienced
2411,EMP103428,2025,Paytm,Reporting Analyst,Female,BBA,Role redundancy,Telangana,Analytics,Employee_3429,1214847,HR,2.5,Hybrid,MGR1128,14,3,High,2024,1,Experienced
2412,EMP103476,2025,Cisco,Facilities Executive,Non-binary,BCA,Workforce restructuring,Punjab,Administration,Employee_3477,1244091,Marketing,2.6,Remote,MGR1026,69,45,Medium,2016,9,Experienced
2413,EMP103499,2025,Cognizant,Accountant,Non-binary,BCA,Market demand decline,Maharashtra,Finance,Employee_3500,1829965,Marketing,2.6,Remote,MGR1049,31,51,Medium,2021,4,Experienced
2414,EMP103525,2025,Unacademy,Product Manager,Male,MCA,Business restructuring,West Bengal,Product,Employee_3526,1544306,Finance,2.3,Hybrid,MGR1075,12,45,Low,2019,6,Experienced
2415,EMP103550,2025,TCS,Facilities Executive,Non-binary,M.Tech,Financial pressure,Rajasthan,Administration,Employee_3551,1558370,Support,4.4,Remote,MGR1100,60,59,High,2018,7,Experienced
2416,EMP103559,2025,Intel,Backend Developer,Non-binary,B.E.,Project closure,Punjab,Engineering,Employee_3560,1039826,Operations,4.7,Remote,MGR1109,32,24,High,2019,6,Experienced
2417,EMP103562,2025,Infosys,Talent Acquisition Specialist,Non-binary,B.Tech,Performance review,Andhra Pradesh,Human Resources,Employee_3563,1778447,Finance,2.2,Hybrid,MGR1112,21,52,High,2019,6,Experienced
2418,EMP103590,2025,Freshworks,Growth Manager,Female,B.Tech,Automation adoption,Telangana,Marketing,Employee_3591,1697414,Sales,2.3,Hybrid,MGR1140,65,31,High,2016,9,Experienced
2419,EMP103619,2025,Paytm,Digital Marketing Specialist,Male,BCA,Performance review,West Bengal,Marketing,Employee_3620,1222303,HR,2.7,Hybrid,MGR1019,28,54,Low,2021,4,Experienced
2420,EMP103630,2025,Zomato,Talent Acquisition Specialist,Male,B.Tech,Business slowdown,Karnataka,Human Resources,Employee_3631,1199729,Finance,4.7,Remote,MGR1030,26,41,Medium,2017,8,Experienced
2421,EMP103641,2025,Wipro,Facilities Executive,Non-binary,Diploma,Workforce restructuring,Punjab,Administration,Employee_3642,1716655,HR,3.7,Remote,MGR1041,20,45,High,2017,8,Experienced
2422,EMP103657,2025,Infosys,Operations Executive,Non-binary,Diploma,Cost reduction,Gujarat,Operations,Employee_3658,1047521,HR,3.3,Remote,MGR1057,16,3,Medium,2022,3,Experienced
2423,EMP103671,2025,Google,Process Associate,Female,Diploma,Workforce restructuring,Gujarat,Operations,Employee_3672,1318080,Operations,4.3,WFO,MGR1071,12,1,High,2020,5,Experienced
2424,EMP103723,2025,Microsoft,Reporting Analyst,Female,MCA,Business restructuring,Andhra Pradesh,Analytics,Employee_3724,328366,Operations,5.0,Remote,MGR1123,66,6,Low,2015,10,Experienced
2425,EMP103769,2025,Meesho,Finance Executive,Male,BCA,Cost reduction,Delhi,Finance,Employee_3770,480145,Support,2.2,Remote,MGR1019,16,34,Medium,2020,5,Experienced
2426,EMP103790,2025,Paytm,UX Designer,Non-binary,MCA,Business slowdown,West Bengal,Product,Employee_3791,953335,IT,4.7,WFO,MGR1040,50,48,High,2020,5,Experienced
2427,EMP103831,2025,Meta,HR Executive,Male,BBA,Performance review,Madhya Pradesh,Human Resources,Employee_3832,1663309,Sales,3.5,Hybrid,MGR1081,49,52,Medium,2017,8,Experienced
2428,EMP103842,2025,Amazon,Financial Analyst,Male,BBA,Business restructuring,Tamil Nadu,Finance,Employee_3843,2181807,IT,4.7,Hybrid,MGR1092,42,15,High,2018,7,Experienced
2429,EMP103863,2025,Intel,Recruiter,Female,BCA,Project closure,Haryana,Human Resources,Employee_3864,944175,Sales,2.1,Remote,MGR1113,12,22,High,2023,2,Experienced
2430,EMP103866,2025,Meesho,Accountant,Male,M.Com,Automation adoption,Kerala,Finance,Employee_3867,1115767,Finance,4.5,Hybrid,MGR1116,54,23,High,2022,3,Experienced
2431,EMP103871,2025,Intel,Content Manager,Non-binary,B.E.,Performance review,Gujarat,Marketing,Employee_3872,1599292,Marketing,2.9,Remote,MGR1121,58,36,Medium,2024,1,Experienced
2432,EMP103891,2025,Wipro,Product Designer,Female,M.Tech,Business restructuring,Uttar Pradesh,Product,Employee_3892,1429273,IT,3.6,WFO,MGR1141,7,22,Low,2021,4,Experienced
2433,EMP103925,2025,Swiggy,Risk Analyst,Non-binary,M.Com,Cost reduction,Haryana,Finance,Employee_3926,522071,Finance,4.6,Remote,MGR1025,34,48,High,2020,5,Experienced
2434,EMP103931,2025,Meta,Technical Support Executive,Female,B.E.,Performance review,Kerala,Customer Support,Employee_3932,339781,Marketing,4.1,WFO,MGR1031,75,47,High,2022,3,Experienced
2435,EMP103976,2025,Accenture,Data Analyst,Non-binary,B.Sc,Business restructuring,Telangana,Analytics,Employee_3977,930467,HR,3.0,WFO,MGR1076,29,41,Low,2017,8,Experienced
2436,EMP104009,2025,Microsoft,QA Engineer,Male,M.Tech,Financial pressure,Haryana,Engineering,Employee_4010,1213738,Finance,3.0,Remote,MGR1109,15,46,High,2017,8,Experienced
2437,EMP104011,2025,Cisco,Inside Sales Executive,Non-binary,MCA,Business slowdown,Madhya Pradesh,Sales,Employee_4012,1785648,Sales,4.9,Remote,MGR1111,26,40,High,2020,5,Experienced
2438,EMP104042,2025,Zomato,Customer Support Executive,Female,B.Tech,Business slowdown,Kerala,Customer Support,Employee_4043,392817,HR,4.6,WFO,MGR1142,41,53,High,2017,8,Experienced
2439,EMP104188,2025,Cisco,Support Analyst,Male,BBA,Business slowdown,Maharashtra,Customer Support,Employee_4189,600941,Marketing,2.3,WFO,MGR1138,26,22,High,2018,7,Experienced
2440,EMP104210,2025,Meesho,Process Associate,Non-binary,BCA,Performance review,Punjab,Operations,Employee_4211,926544,Operations,2.3,Hybrid,MGR1010,78,46,High,2023,2,Experienced
2441,EMP104215,2025,Freshworks,Recruiter,Female,MCA,Performance review,Odisha,Human Resources,Employee_4216,1585635,IT,4.0,Hybrid,MGR1015,65,7,Low,2018,7,Experienced
2442,EMP104224,2025,Meta,Support Analyst,Non-binary,CA,Automation adoption,Madhya Pradesh,Customer Support,Employee_4225,1947972,Finance,4.7,WFO,MGR1024,10,32,High,2024,1,Experienced
2443,EMP104243,2025,Microsoft,Growth Manager,Non-binary,M.Tech,Role redundancy,West Bengal,Marketing,Employee_4244,2154606,Operations,4.7,Remote,MGR1043,49,27,Low,2020,5,Experienced
2444,EMP104296,2025,Unacademy,Account Manager,Non-binary,BCA,Project closure,Odisha,Sales,Employee_4297,1008296,IT,3.0,Hybrid,MGR1096,13,43,Low,2019,6,Experienced
2445,EMP104363,2025,Wipro,QA Engineer,Female,BCA,Financial pressure,West Bengal,Engineering,Employee_4364,1950866,Sales,3.5,Hybrid,MGR1013,73,21,High,2016,9,Experienced
2446,EMP104414,2025,Google,Operations Manager,Non-binary,Diploma,Role redundancy,Delhi,Operations,Employee_4415,2136125,Operations,2.8,WFO,MGR1064,48,57,High,2023,2,Experienced
2447,EMP104416,2025,Cognizant,Office Administrator,Male,MCA,Workforce restructuring,Rajasthan,Administration,Employee_4417,2006403,Finance,4.5,WFO,MGR1066,41,29,Low,2019,6,Experienced
2448,EMP104423,2025,Amazon,Software Developer,Non-binary,M.Tech,Business restructuring,Gujarat,Engineering,Employee_4424,1430594,Support,4.7,Hybrid,MGR1073,10,32,High,2015,10,Experienced
2449,EMP104439,2025,TCS,Frontend Developer,Female,M.Com,Financial pressure,Kerala,Engineering,Employee_4440,1498753,Operations,3.8,WFO,MGR1089,65,43,Low,2015,10,Experienced
2450,EMP104543,2025,TCS,UX Designer,Male,B.Sc,Business slowdown,Haryana,Product,Employee_4544,2192745,Support,2.4,Hybrid,MGR1043,74,0,Medium,2020,5,Experienced
2451,EMP100021,2025,Amazon,Digital Marketing Specialist,Female,M.Com,Business restructuring,Andhra Pradesh,Marketing,Employee_22,990469,IT,3.9,Hybrid,MGR1021,48,2,Low,2024,1,Experienced
2452,EMP100078,2025,Myntra,Risk Analyst,Male,BCA,Role redundancy,Andhra Pradesh,Finance,Employee_79,2114860,HR,3.6,WFO,MGR1078,73,14,Low,2018,7,Experienced
2453,EMP100205,2025,Meesho,Data Analyst,Non-binary,B.Sc,Project closure,Punjab,Analytics,Employee_206,389175,Sales,4.2,Remote,MGR1055,41,30,Medium,2021,4,Experienced
2454,EMP100235,2025,Myntra,Admin Executive,Female,B.Tech,Automation adoption,Uttar Pradesh,Administration,Employee_236,1843496,Operations,3.2,Remote,MGR1085,44,21,High,2024,1,Experienced
2455,EMP100321,2025,Amazon,Financial Analyst,Non-binary,Diploma,Business slowdown,Madhya Pradesh,Finance,Employee_322,279983,Marketing,2.0,Remote,MGR1021,47,48,Medium,2022,3,Experienced
2456,EMP100344,2025,Unacademy,Operations Executive,Female,CA,Project closure,Punjab,Operations,Employee_345,979919,IT,2.8,Hybrid,MGR1044,8,54,Medium,2017,8,Experienced
2457,EMP100345,2025,Freshworks,Product Manager,Female,MBA,Project closure,Andhra Pradesh,Product,Employee_346,490746,Support,3.5,WFO,MGR1045,26,16,High,2024,1,Experienced
2458,EMP100367,2025,Zomato,Digital Marketing Specialist,Non-binary,B.Sc,Business slowdown,West Bengal,Marketing,Employee_368,426663,Sales,3.6,Remote,MGR1067,14,53,Medium,2017,8,Experienced
2459,EMP100415,2025,Freshworks,Admin Executive,Female,BBA,Market demand decline,Andhra Pradesh,Administration,Employee_416,906779,Marketing,2.1,Hybrid,MGR1115,9,43,Medium,2015,10,Experienced
2460,EMP100431,2025,Infosys,Sales Executive,Female,M.Com,Business slowdown,Rajasthan,Sales,Employee_432,1581743,Support,4.7,Hybrid,MGR1131,62,18,Medium,2015,10,Experienced
2461,EMP100438,2025,Google,Software Developer,Non-binary,MCA,Project closure,Madhya Pradesh,Engineering,Employee_439,1261576,Operations,3.7,Hybrid,MGR1138,63,43,Low,2017,8,Experienced
2462,EMP100446,2025,Cisco,Business Development Executive,Male,M.Tech,Business restructuring,Telangana,Sales,Employee_447,1736048,Finance,3.1,Hybrid,MGR1146,7,25,Medium,2017,8,Experienced
2463,EMP100557,2025,Google,HR Business Partner,Male,M.Tech,Workforce restructuring,Tamil Nadu,Human Resources,Employee_558,266125,Sales,2.5,Hybrid,MGR1107,71,2,Low,2015,10,Experienced
2464,EMP100564,2025,Microsoft,Facilities Executive,Female,MCA,Automation adoption,Uttar Pradesh,Administration,Employee_565,441358,Support,3.0,Hybrid,MGR1114,62,49,High,2024,1,Experienced
2465,EMP100583,2025,Microsoft,Customer Support Executive,Non-binary,B.Sc,Automation adoption,Uttar Pradesh,Customer Support,Employee_584,1378342,HR,4.1,WFO,MGR1133,62,49,High,2019,6,Experienced
2466,EMP100658,2025,TCS,DevOps Engineer,Non-binary,B.E.,Performance review,Tamil Nadu,Engineering,Employee_659,614154,Marketing,3.5,WFO,MGR1058,23,22,Low,2019,6,Experienced
2467,EMP100677,2025,Google,Business Development Executive,Male,B.Tech,Role redundancy,Andhra Pradesh,Sales,Employee_678,672051,Marketing,2.7,WFO,MGR1077,52,40,Low,2019,6,Experienced
2468,EMP100692,2025,Intel,Financial Analyst,Male,M.Com,Business restructuring,Tamil Nadu,Finance,Employee_693,1626750,Finance,4.1,Remote,MGR1092,21,42,Medium,2015,10,Experienced
2469,EMP100729,2025,Ola Electric,Account Manager,Female,M.Com,Role redundancy,Andhra Pradesh,Sales,Employee_730,2097421,Finance,2.5,WFO,MGR1129,76,33,Medium,2024,1,Experienced
2470,EMP100749,2025,Meesho,Technical Support Executive,Male,M.Tech,Business slowdown,Madhya Pradesh,Customer Support,Employee_750,1175964,Finance,4.2,WFO,MGR1149,74,42,Low,2021,4,Experienced
2471,EMP100787,2025,Cisco,Technical Support Executive,Male,B.Tech,Project closure,West Bengal,Customer Support,Employee_788,1566029,HR,4.9,Remote,MGR1037,42,13,Medium,2024,1,Experienced
2472,EMP100817,2025,Meesho,Recruiter,Female,B.Sc,Role redundancy,Andhra Pradesh,Human Resources,Employee_818,1738055,Marketing,4.5,Hybrid,MGR1067,51,34,High,2019,6,Experienced
2473,EMP100836,2025,Microsoft,Support Analyst,Female,B.Sc,Automation adoption,Telangana,Customer Support,Employee_837,1032493,IT,2.2,Remote,MGR1086,12,3,Low,2016,9,Experienced
2474,EMP100991,2025,Amazon,Customer Success Executive,Male,BBA,Cost reduction,Odisha,Customer Support,Employee_992,1537642,Finance,4.9,WFO,MGR1091,16,58,Low,2020,5,Experienced
2475,EMP101003,2025,Microsoft,Account Manager,Non-binary,MBA,Role redundancy,Rajasthan,Sales,Employee_1004,711716,HR,3.2,Hybrid,MGR1103,67,19,High,2021,4,Experienced
2476,EMP101033,2025,Infosys,Sales Manager,Male,Diploma,Business restructuring,Karnataka,Sales,Employee_1034,1157704,Marketing,4.8,WFO,MGR1133,12,9,High,2015,10,Experienced
2477,EMP101040,2025,Intel,Technical Support Executive,Male,BCA,Project closure,Kerala,Customer Support,Employee_1041,415841,Operations,4.0,Hybrid,MGR1140,29,4,Low,2020,5,Experienced
2478,EMP101126,2025,Zomato,Process Associate,Non-binary,B.Sc,Project closure,West Bengal,Operations,Employee_1127,1745980,Support,2.1,WFO,MGR1076,26,50,High,2015,10,Experienced
2479,EMP101150,2025,Cognizant,HR Executive,Non-binary,Diploma,Financial pressure,Uttar Pradesh,Human Resources,Employee_1151,1552736,HR,4.5,WFO,MGR1100,48,50,High,2015,10,Experienced
2480,EMP101154,2025,Meta,Product Analyst,Female,MCA,Market demand decline,Tamil Nadu,Product,Employee_1155,1675800,IT,4.5,WFO,MGR1104,73,48,Medium,2024,1,Experienced
2481,EMP101173,2025,Meesho,Financial Analyst,Non-binary,B.Sc,Cost reduction,Delhi,Finance,Employee_1174,910543,Operations,4.3,WFO,MGR1123,15,33,Low,2017,8,Experienced
2482,EMP101215,2025,Paytm,Business Analyst,Female,MBA,Market demand decline,Andhra Pradesh,Analytics,Employee_1216,584977,IT,4.1,WFO,MGR1015,41,55,High,2016,9,Experienced
2483,EMP101301,2025,Meesho,Account Manager,Female,Diploma,Cost reduction,Delhi,Sales,Employee_1302,1360796,IT,4.6,Hybrid,MGR1101,68,23,Medium,2024,1,Experienced
2484,EMP101341,2025,Intel,DevOps Engineer,Female,BBA,Performance review,West Bengal,Engineering,Employee_1342,716232,Operations,4.8,WFO,MGR1141,73,28,High,2016,9,Experienced
2485,EMP101350,2025,Amazon,Support Analyst,Male,B.Tech,Market demand decline,Kerala,Customer Support,Employee_1351,1627834,Support,3.3,Remote,MGR1000,24,1,Low,2015,10,Experienced
2486,EMP101487,2025,Meesho,Marketing Executive,Female,BBA,Performance review,Maharashtra,Marketing,Employee_1488,507604,HR,5.0,Hybrid,MGR1137,50,38,High,2022,3,Experienced
2487,EMP101494,2025,Meesho,Digital Marketing Specialist,Female,MCA,Financial pressure,Tamil Nadu,Marketing,Employee_1495,1222955,Finance,4.0,WFO,MGR1144,27,3,Medium,2021,4,Experienced
2488,EMP101500,2025,Meesho,Growth Manager,Male,B.E.,Performance review,Maharashtra,Marketing,Employee_1501,2005831,Sales,2.6,WFO,MGR1000,18,18,Medium,2015,10,Experienced
2489,EMP101511,2025,Wipro,HR Business Partner,Female,MBA,Performance review,Maharashtra,Human Resources,Employee_1512,1169149,HR,3.4,Hybrid,MGR1011,11,20,High,2016,9,Experienced
2490,EMP101565,2025,Flipkart,Support Analyst,Non-binary,BBA,Market demand decline,Rajasthan,Customer Support,Employee_1566,1049666,Marketing,4.9,Remote,MGR1065,44,24,Medium,2023,2,Experienced
2491,EMP101593,2025,Swiggy,Senior Software Engineer,Male,CA,Performance review,Madhya Pradesh,Engineering,Employee_1594,253068,IT,3.7,Remote,MGR1093,6,56,Medium,2020,5,Experienced
2492,EMP101613,2025,Zomato,Technical Support Executive,Non-binary,B.Sc,Cost reduction,Gujarat,Customer Support,Employee_1614,1020050,Support,3.8,Hybrid,MGR1113,61,24,Medium,2016,9,Experienced
2493,EMP101623,2025,Accenture,Growth Manager,Female,Diploma,Role redundancy,Rajasthan,Marketing,Employee_1624,1189796,Operations,3.7,Remote,MGR1123,10,51,Low,2018,7,Experienced
2494,EMP101703,2025,Myntra,Office Administrator,Male,Diploma,Performance review,Delhi,Administration,Employee_1704,481832,Operations,2.7,Remote,MGR1053,22,20,High,2024,1,Experienced
2495,EMP101706,2025,Microsoft,Operations Analyst,Male,Diploma,Business slowdown,Madhya Pradesh,Operations,Employee_1707,1120174,HR,2.1,WFO,MGR1056,15,58,Low,2020,5,Experienced
2496,EMP101764,2025,Unacademy,Finance Executive,Male,BBA,Performance review,Rajasthan,Finance,Employee_1765,1299796,Sales,3.2,WFO,MGR1114,45,18,Medium,2021,4,Experienced
2497,EMP101807,2025,Amazon,Product Manager,Male,BBA,Market demand decline,Andhra Pradesh,Product,Employee_1808,2157969,HR,3.4,Hybrid,MGR1007,77,2,High,2023,2,Experienced
2498,EMP101843,2025,Swiggy,HR Business Partner,Male,BCA,Business restructuring,Rajasthan,Human Resources,Employee_1844,2008123,Finance,2.4,Remote,MGR1043,12,47,Medium,2015,10,Experienced
2499,EMP101876,2025,Microsoft,Facilities Executive,Female,Diploma,Performance review,West Bengal,Administration,Employee_1877,1060449,Finance,4.0,Hybrid,MGR1076,65,55,Medium,2015,10,Experienced
2500,EMP101905,2025,Freshworks,Data Analyst,Female,BBA,Financial pressure,Gujarat,Analytics,Employee_1906,275144,Finance,2.8,Remote,MGR1105,79,47,High,2016,9,Experienced
2501,EMP101911,2025,Cognizant,Content Manager,Male,BCA,Automation adoption,Uttar Pradesh,Marketing,Employee_1912,2020742,Sales,3.0,Hybrid,MGR1111,7,54,High,2022,3,Experienced
2502,EMP101920,2025,Unacademy,Software Developer,Non-binary,BBA,Market demand decline,Uttar Pradesh,Engineering,Employee_1921,437284,Support,3.5,WFO,MGR1120,43,12,Low,2019,6,Experienced
2503,EMP101938,2025,Wipro,Marketing Executive,Male,B.Tech,Cost reduction,Kerala,Marketing,Employee_1939,463820,Finance,4.3,Hybrid,MGR1138,6,47,Medium,2017,8,Experienced
2504,EMP101959,2025,Freshworks,Business Development Executive,Female,B.E.,Automation adoption,Haryana,Sales,Employee_1960,453807,Sales,2.1,WFO,MGR1009,3,3,Medium,2016,9,Experienced
2505,EMP101960,2025,Amazon,Technical Support Executive,Non-binary,B.E.,Workforce restructuring,Odisha,Customer Support,Employee_1961,1917456,Operations,4.5,WFO,MGR1010,4,31,High,2015,10,Experienced
2506,EMP101968,2025,Google,Data Engineer,Male,MCA,Cost reduction,West Bengal,Engineering,Employee_1969,1230916,Sales,2.4,Hybrid,MGR1018,12,10,Medium,2024,1,Experienced
2507,EMP101980,2025,Freshworks,Growth Manager,Non-binary,CA,Business restructuring,Gujarat,Marketing,Employee_1981,819802,Sales,4.6,Hybrid,MGR1030,19,42,Low,2019,6,Experienced
2508,EMP101981,2025,Myntra,Marketing Executive,Female,CA,Business restructuring,Telangana,Marketing,Employee_1982,1800444,Marketing,4.2,Remote,MGR1031,18,56,Low,2022,3,Experienced
2509,EMP102124,2025,Amazon,Sales Executive,Male,MBA,Market demand decline,Kerala,Sales,Employee_2125,1345253,Marketing,2.2,Hybrid,MGR1024,20,50,Low,2022,3,Experienced
2510,EMP102136,2025,Unacademy,Marketing Executive,Non-binary,M.Tech,Financial pressure,Delhi,Marketing,Employee_2137,1298455,Finance,4.1,WFO,MGR1036,71,35,Medium,2018,7,Experienced
2511,EMP102137,2025,Ola Electric,Growth Manager,Female,M.Com,Performance review,Delhi,Marketing,Employee_2138,1253871,Marketing,3.4,Hybrid,MGR1037,18,7,Medium,2016,9,Experienced
2512,EMP102156,2025,Swiggy,Operations Analyst,Male,BBA,Cost reduction,Karnataka,Operations,Employee_2157,571743,IT,2.4,Hybrid,MGR1056,35,24,High,2020,5,Experienced
2513,EMP102183,2025,Microsoft,HR Executive,Female,B.Tech,Project closure,Punjab,Human Resources,Employee_2184,1991999,Support,2.9,WFO,MGR1083,49,34,Medium,2020,5,Experienced
2514,EMP102223,2025,Zomato,QA Engineer,Male,BBA,Performance review,Madhya Pradesh,Engineering,Employee_2224,1462100,Sales,3.3,Hybrid,MGR1123,53,56,High,2015,10,Experienced
2515,EMP102241,2025,Meesho,Customer Support Executive,Female,BCA,Role redundancy,Maharashtra,Human Resources,Employee_2242,856458,IT,3.7,Remote,MGR1141,15,57,High,2024,1,Experienced
2516,EMP102242,2025,Myntra,Product Manager,Non-binary,BBA,Business restructuring,Gujarat,Product,Employee_2243,881702,Operations,4.5,Remote,MGR1142,70,4,Low,2023,2,Experienced
2517,EMP102331,2025,Intel,Product Designer,Female,BBA,Workforce restructuring,Delhi,Product,Employee_2332,1962440,Sales,3.2,WFO,MGR1081,50,24,Medium,2016,9,Experienced
2518,EMP102335,2025,Zomato,Recruiter,Male,M.Tech,Business restructuring,Uttar Pradesh,Human Resources,Employee_2336,1484342,Finance,4.2,Hybrid,MGR1085,34,12,Low,2024,1,Experienced
2519,EMP102354,2025,Cognizant,Reporting Analyst,Male,Diploma,Market demand decline,Punjab,Analytics,Employee_2355,1482742,Sales,4.6,Remote,MGR1104,72,6,High,2018,7,Experienced
2520,EMP102380,2025,Microsoft,Reporting Analyst,Non-binary,BBA,Role redundancy,Gujarat,Analytics,Employee_2381,278946,IT,2.0,WFO,MGR1130,15,37,High,2024,1,Experienced
2521,EMP102405,2025,Myntra,Customer Support Executive,Non-binary,BCA,Financial pressure,West Bengal,Customer Support,Employee_2406,1324632,IT,2.2,Remote,MGR1005,60,55,Medium,2022,3,Experienced
2522,EMP102446,2025,Ola Electric,Admin Executive,Non-binary,B.E.,Role redundancy,Andhra Pradesh,Administration,Employee_2447,1051213,Sales,2.4,WFO,MGR1046,52,32,Medium,2021,4,Experienced
2523,EMP102474,2025,Meta,Technical Support Executive,Female,B.Sc,Financial pressure,Odisha,Customer Support,Employee_2475,1437213,Marketing,3.3,Remote,MGR1074,77,9,High,2016,9,Experienced
2524,EMP102588,2025,Swiggy,Data Analyst,Female,B.Tech,Workforce restructuring,Delhi,Analytics,Employee_2589,992898,Operations,2.8,Hybrid,MGR1038,54,41,Medium,2015,10,Experienced
2525,EMP102654,2025,Ola Electric,Business Analyst,Male,B.E.,Role redundancy,Haryana,Analytics,Employee_2655,766315,Finance,3.6,WFO,MGR1104,78,9,Low,2016,9,Experienced
2526,EMP102673,2025,Zomato,Support Analyst,Female,B.Tech,Financial pressure,Karnataka,Customer Support,Employee_2674,1498181,Marketing,2.9,Hybrid,MGR1123,40,53,Low,2024,1,Experienced
2527,EMP102676,2025,Swiggy,Business Analyst,Non-binary,MCA,Project closure,Tamil Nadu,Analytics,Employee_2677,2115485,Finance,3.2,Remote,MGR1126,21,54,Medium,2018,7,Experienced
2528,EMP102688,2025,Swiggy,Operations Manager,Female,CA,Workforce restructuring,Kerala,Operations,Employee_2689,1816840,HR,3.6,Remote,MGR1138,10,49,Medium,2018,7,Experienced
2529,EMP102697,2025,Meesho,Operations Analyst,Female,B.E.,Market demand decline,Maharashtra,Operations,Employee_2698,1796289,Operations,2.4,Hybrid,MGR1147,35,11,High,2023,2,Experienced
2530,EMP102706,2025,Wipro,Business Development Executive,Female,BBA,Role redundancy,Rajasthan,Sales,Employee_2707,492004,HR,3.9,Remote,MGR1006,45,14,Medium,2023,2,Experienced
2531,EMP102758,2025,Freshworks,Business Analyst,Female,BBA,Cost reduction,Delhi,Analytics,Employee_2759,1479166,Marketing,3.1,WFO,MGR1058,17,43,High,2021,4,Experienced
2532,EMP102765,2025,Unacademy,Admin Executive,Male,B.E.,Role redundancy,Maharashtra,Administration,Employee_2766,1447500,Finance,2.6,Remote,MGR1065,62,4,Medium,2018,7,Experienced
2533,EMP102778,2025,Freshworks,Content Manager,Non-binary,MBA,Automation adoption,Maharashtra,Marketing,Employee_2779,860221,HR,3.2,WFO,MGR1078,26,53,High,2018,7,Experienced
2534,EMP102809,2025,Unacademy,Customer Support Executive,Female,BBA,Automation adoption,Karnataka,Customer Support,Employee_2810,1029532,HR,2.9,WFO,MGR1109,34,24,Low,2018,7,Experienced
2535,EMP102816,2025,Infosys,Marketing Executive,Female,BCA,Business slowdown,Tamil Nadu,Marketing,Employee_2817,1463774,Support,4.6,Remote,MGR1116,9,58,Low,2021,4,Experienced
2536,EMP102818,2025,Google,HR Executive,Non-binary,B.E.,Role redundancy,Odisha,Human Resources,Employee_2819,1315618,Sales,2.0,Remote,MGR1118,51,27,Medium,2015,10,Experienced
2537,EMP102845,2025,Microsoft,Senior Software Engineer,Female,B.Sc,Cost reduction,Maharashtra,Engineering,Employee_2846,1563953,Sales,3.9,Remote,MGR1145,1,41,Low,2022,3,Experienced
2538,EMP102864,2025,Ola Electric,Frontend Developer,Male,M.Tech,Market demand decline,Andhra Pradesh,Engineering,Employee_2865,995053,Operations,5.0,Hybrid,MGR1014,52,27,High,2022,3,Experienced
2539,EMP102865,2025,Intel,Accountant,Male,Diploma,Market demand decline,Andhra Pradesh,Finance,Employee_2866,1517817,Support,3.6,Hybrid,MGR1015,51,24,Low,2017,8,Experienced
2540,EMP102874,2025,Myntra,Marketing Executive,Male,MCA,Market demand decline,Maharashtra,Marketing,Employee_2875,950929,Finance,4.1,Remote,MGR1024,28,25,Medium,2018,7,Experienced
2541,EMP102877,2025,Meta,Support Analyst,Female,MCA,Workforce restructuring,Odisha,Customer Support,Employee_2878,1062985,Marketing,4.6,Hybrid,MGR1027,74,25,Low,2018,7,Experienced
2542,EMP102894,2025,Cognizant,Process Associate,Non-binary,M.Com,Automation adoption,Madhya Pradesh,Operations,Employee_2895,2067328,Operations,4.7,WFO,MGR1044,66,21,Low,2024,1,Experienced
2543,EMP102905,2025,Zomato,Growth Manager,Female,MBA,Market demand decline,Rajasthan,Marketing,Employee_2906,2117322,Finance,4.9,Remote,MGR1055,28,56,Low,2015,10,Experienced
2544,EMP102909,2025,Microsoft,Product Manager,Female,B.Sc,Market demand decline,Andhra Pradesh,Product,Employee_2910,1084771,Support,3.5,Remote,MGR1059,0,12,Low,2022,3,Experienced
2545,EMP102917,2025,Amazon,UX Designer,Male,M.Com,Role redundancy,Haryana,Product,Employee_2918,2151329,Finance,3.3,WFO,MGR1067,73,13,Medium,2023,2,Experienced
2546,EMP102919,2025,Google,Customer Success Executive,Female,BCA,Market demand decline,Odisha,Customer Support,Employee_2920,494422,Marketing,4.1,Hybrid,MGR1069,3,42,Low,2021,4,Experienced
2547,EMP102935,2025,Cognizant,Sales Executive,Male,BBA,Workforce restructuring,Punjab,Sales,Employee_2936,1238675,IT,3.8,Hybrid,MGR1085,0,3,Medium,2019,6,Experienced
2548,EMP102938,2025,Microsoft,Customer Success Executive,Female,BCA,Automation adoption,Punjab,Customer Support,Employee_2939,1798256,IT,2.4,Hybrid,MGR1088,58,32,High,2024,1,Experienced
2549,EMP102958,2025,Freshworks,Process Associate,Female,M.Tech,Workforce restructuring,Madhya Pradesh,Operations,Employee_2959,777328,IT,2.2,Remote,MGR1108,66,16,Medium,2022,3,Experienced
2550,EMP103094,2025,Myntra,Account Manager,Male,B.E.,Role redundancy,Odisha,Sales,Employee_3095,515441,Finance,2.8,Hybrid,MGR1094,7,26,Medium,2022,3,Experienced
2551,EMP103122,2025,Paytm,Frontend Developer,Female,M.Com,Workforce restructuring,Rajasthan,Engineering,Employee_3123,803299,HR,2.9,Remote,MGR1122,78,7,Medium,2015,10,Experienced
2552,EMP103144,2025,Intel,Digital Marketing Specialist,Non-binary,BBA,Financial pressure,Telangana,Marketing,Employee_3145,1534638,IT,4.4,WFO,MGR1144,63,9,High,2023,2,Experienced
2553,EMP103152,2025,TCS,Marketing Executive,Non-binary,B.Sc,Cost reduction,Punjab,Marketing,Employee_3153,911086,Finance,3.7,Hybrid,MGR1002,18,10,High,2016,9,Experienced
2554,EMP103174,2025,Accenture,Customer Support Executive,Male,MCA,Performance review,West Bengal,Customer Support,Employee_3175,486503,Sales,3.8,Hybrid,MGR1024,34,3,High,2022,3,Experienced
2555,EMP103204,2025,Microsoft,Customer Success Executive,Female,BCA,Automation adoption,Punjab,Customer Support,Employee_3205,275616,Support,4.0,WFO,MGR1054,48,20,Low,2021,4,Experienced
2556,EMP103208,2025,Freshworks,Operations Executive,Female,Diploma,Market demand decline,Haryana,Operations,Employee_3209,2034515,Marketing,4.9,Remote,MGR1058,2,43,High,2015,10,Experienced
2557,EMP103213,2025,Accenture,Operations Executive,Female,MCA,Performance review,Punjab,Operations,Employee_3214,1768984,Sales,3.9,WFO,MGR1063,25,58,Medium,2024,1,Experienced
2558,EMP103229,2025,TCS,Data Analyst,Non-binary,M.Com,Workforce restructuring,Uttar Pradesh,Analytics,Employee_3230,1285945,Finance,4.3,Remote,MGR1079,50,26,Medium,2023,2,Experienced
2559,EMP103240,2025,Freshworks,Facilities Executive,Non-binary,CA,Business restructuring,Maharashtra,Administration,Employee_3241,789709,IT,4.9,Remote,MGR1090,52,50,Medium,2018,7,Experienced
2560,EMP103243,2025,Unacademy,MIS Executive,Female,M.Com,Project closure,Punjab,Analytics,Employee_3244,1702233,IT,3.0,Remote,MGR1093,9,53,High,2018,7,Experienced
2561,EMP103266,2025,Google,Office Administrator,Non-binary,B.Sc,Financial pressure,Karnataka,Administration,Employee_3267,1272373,Support,2.5,Hybrid,MGR1116,51,1,Low,2020,5,Experienced
2562,EMP103270,2025,Zomato,Business Development Executive,Male,B.E.,Business restructuring,Delhi,Sales,Employee_3271,1677691,Marketing,2.3,Hybrid,MGR1120,58,5,Medium,2023,2,Experienced
2563,EMP103273,2025,Meta,Facilities Executive,Non-binary,BBA,Performance review,Odisha,Administration,Employee_3274,706069,Finance,3.8,Remote,MGR1123,60,35,Low,2017,8,Experienced
2564,EMP103352,2025,Amazon,Growth Manager,Male,BBA,Business slowdown,Haryana,Marketing,Employee_3353,2081460,Operations,3.6,Remote,MGR1052,79,46,High,2019,6,Experienced
2565,EMP103355,2025,Cisco,Digital Marketing Specialist,Male,MBA,Financial pressure,Andhra Pradesh,Marketing,Employee_3356,842171,HR,3.4,WFO,MGR1055,32,47,High,2016,9,Experienced
2566,EMP103375,2025,TCS,Office Administrator,Non-binary,BBA,Role redundancy,Punjab,Administration,Employee_3376,1670937,Finance,4.1,WFO,MGR1075,38,52,High,2023,2,Experienced
2567,EMP103377,2025,Accenture,Marketing Executive,Non-binary,Diploma,Performance review,Kerala,Marketing,Employee_3378,612318,Support,4.5,WFO,MGR1077,60,26,Medium,2016,9,Experienced
2568,EMP103417,2025,Myntra,QA Engineer,Male,M.Tech,Workforce restructuring,Haryana,Engineering,Employee_3418,898226,IT,4.7,Hybrid,MGR1117,70,23,High,2020,5,Experienced
2569,EMP103433,2025,Accenture,Inside Sales Executive,Female,B.Tech,Business slowdown,Kerala,Sales,Employee_3434,1335192,Support,2.7,WFO,MGR1133,32,47,Low,2024,1,Experienced
2570,EMP103513,2025,Google,Process Associate,Female,Diploma,Business slowdown,Rajasthan,Operations,Employee_3514,1518657,Finance,2.5,WFO,MGR1063,1,37,Medium,2017,8,Experienced
2571,EMP103520,2025,Microsoft,Operations Manager,Female,CA,Business restructuring,Uttar Pradesh,Operations,Employee_3521,689550,IT,4.6,Hybrid,MGR1070,64,40,Medium,2023,2,Experienced
2572,EMP103543,2025,Accenture,Software Engineer,Female,BCA,Financial pressure,Odisha,Engineering,Employee_3544,1669571,Sales,4.9,WFO,MGR1093,70,38,High,2017,8,Experienced
2573,EMP103570,2025,Unacademy,Product Manager,Female,B.E.,Business slowdown,Rajasthan,Product,Employee_3571,1481489,Support,4.6,Remote,MGR1120,22,24,Low,2017,8,Experienced
2574,EMP103622,2025,Flipkart,Operations Analyst,Non-binary,B.Tech,Cost reduction,Punjab,Operations,Employee_3623,447424,IT,3.3,Remote,MGR1022,20,53,Low,2015,10,Experienced
2575,EMP103632,2025,Unacademy,Facilities Executive,Male,MCA,Business slowdown,Karnataka,Administration,Employee_3633,572960,Operations,3.4,WFO,MGR1032,37,57,High,2015,10,Experienced
2576,EMP103673,2025,Infosys,Data Engineer,Non-binary,Diploma,Cost reduction,Odisha,Engineering,Employee_3674,866568,Marketing,2.9,WFO,MGR1073,29,4,Low,2023,2,Experienced
2577,EMP103690,2025,Infosys,Sales Executive,Female,M.Tech,Workforce restructuring,Odisha,Sales,Employee_3691,1736346,Support,3.2,Hybrid,MGR1090,0,41,Medium,2023,2,Experienced
2578,EMP103699,2025,Ola Electric,Sales Executive,Female,CA,Performance review,Uttar Pradesh,Sales,Employee_3700,2188801,HR,2.5,WFO,MGR1099,61,22,Low,2019,6,Experienced
2579,EMP103710,2025,Freshworks,Admin Executive,Female,B.Sc,Project closure,Andhra Pradesh,Administration,Employee_3711,1592895,Marketing,4.3,WFO,MGR1110,9,14,High,2018,7,Experienced
2580,EMP103719,2025,Infosys,Product Designer,Non-binary,BBA,Business restructuring,Telangana,Product,Employee_3720,1086934,IT,4.2,Hybrid,MGR1119,74,30,High,2021,4,Experienced
2581,EMP103740,2025,Flipkart,Operations Manager,Female,BBA,Financial pressure,Telangana,Operations,Employee_3741,1164301,IT,4.5,Remote,MGR1140,44,29,High,2021,4,Experienced
2582,EMP103754,2025,Paytm,Product Manager,Female,B.E.,Automation adoption,Odisha,Product,Employee_3755,901813,IT,2.4,Hybrid,MGR1004,76,18,High,2023,2,Experienced
2583,EMP103770,2025,Meesho,Customer Support Executive,Female,BBA,Performance review,Madhya Pradesh,Customer Support,Employee_3771,1018224,Sales,3.7,Hybrid,MGR1020,6,51,Medium,2018,7,Experienced
2584,EMP103949,2025,Unacademy,Business Analyst,Female,MBA,Performance review,Rajasthan,Analytics,Employee_3950,1417296,Finance,3.0,WFO,MGR1049,48,31,Low,2021,4,Experienced
2585,EMP104076,2025,Freshworks,Office Administrator,Male,M.Tech,Business slowdown,Andhra Pradesh,Administration,Employee_4077,642519,Finance,4.3,WFO,MGR1026,35,54,Low,2018,7,Experienced
2586,EMP104265,2025,Wipro,Talent Acquisition Specialist,Non-binary,MBA,Financial pressure,Tamil Nadu,Human Resources,Employee_4266,277284,Operations,2.6,WFO,MGR1065,30,15,High,2020,5,Experienced
2587,EMP104270,2025,Swiggy,Growth Manager,Female,B.Tech,Business slowdown,Karnataka,Marketing,Employee_4271,888519,HR,4.3,Remote,MGR1070,20,51,High,2020,5,Experienced
2588,EMP104272,2025,Freshworks,Operations Executive,Female,Diploma,Business slowdown,Kerala,Operations,Employee_4273,2138777,HR,3.3,Hybrid,MGR1072,15,8,High,2023,2,Experienced
2589,EMP104276,2025,Microsoft,Marketing Executive,Non-binary,BBA,Financial pressure,West Bengal,Marketing,Employee_4277,1869507,IT,4.6,Remote,MGR1076,24,1,Low,2019,6,Experienced
2590,EMP104310,2025,Freshworks,HR Executive,Male,B.E.,Cost reduction,Telangana,Human Resources,Employee_4311,1878290,Support,3.8,WFO,MGR1110,27,30,High,2015,10,Experienced
2591,EMP104336,2025,Cognizant,MIS Executive,Male,M.Tech,Automation adoption,West Bengal,Analytics,Employee_4337,2052193,Support,3.7,Remote,MGR1136,28,57,High,2016,9,Experienced
2592,EMP104404,2025,Zomato,Business Analyst,Male,BCA,Automation adoption,Madhya Pradesh,Analytics,Employee_4405,2113195,Support,3.1,Remote,MGR1054,69,51,Low,2016,9,Experienced
2593,EMP104407,2025,Intel,Office Administrator,Male,MCA,Market demand decline,Andhra Pradesh,Administration,Employee_4408,1214119,IT,2.1,Hybrid,MGR1057,20,29,High,2022,3,Experienced
2594,EMP104456,2025,Intel,Product Analyst,Non-binary,B.Sc,Market demand decline,Andhra Pradesh,Product,Employee_4457,380929,HR,2.2,Remote,MGR1106,22,16,High,2024,1,Experienced
2595,EMP104477,2025,Myntra,Software Engineer,Female,B.Sc,Market demand decline,Maharashtra,Engineering,Employee_4478,366256,HR,4.6,WFO,MGR1127,21,45,Medium,2021,4,Experienced
2596,EMP104485,2025,Paytm,Backend Developer,Male,BCA,Financial pressure,Andhra Pradesh,Engineering,Employee_4486,970547,Sales,2.1,WFO,MGR1135,42,18,Medium,2019,6,Experienced
2597,EMP100038,2025,Cognizant,Content Manager,Female,B.E.,Project closure,West Bengal,Marketing,Employee_39,1895750,Operations,3.5,Hybrid,MGR1038,3,2,High,2023,2,Experienced
2598,EMP100056,2025,Freshworks,Frontend Developer,Male,B.Tech,Market demand decline,Madhya Pradesh,Engineering,Employee_57,1869123,Operations,5.0,Hybrid,MGR1056,14,4,Low,2021,4,Experienced
2599,EMP100083,2025,TCS,Financial Analyst,Female,B.Sc,Financial pressure,Madhya Pradesh,Finance,Employee_84,1462532,Operations,3.6,WFO,MGR1083,77,18,Medium,2023,2,Experienced
2600,EMP100093,2025,Cognizant,Inside Sales Executive,Non-binary,MCA,Workforce restructuring,Andhra Pradesh,Sales,Employee_94,716426,Finance,4.2,WFO,MGR1093,26,40,High,2020,5,Experienced
2601,EMP100126,2025,TCS,Admin Executive,Male,M.Tech,Project closure,West Bengal,Administration,Employee_127,2076261,Sales,4.7,Remote,MGR1126,3,17,Medium,2018,7,Experienced
2602,EMP100157,2025,Wipro,HR Business Partner,Female,M.Tech,Role redundancy,Gujarat,Human Resources,Employee_158,1648463,HR,2.7,Remote,MGR1007,39,54,High,2015,10,Experienced
2603,EMP100160,2025,Unacademy,Marketing Executive,Female,B.Tech,Business restructuring,West Bengal,Marketing,Employee_161,1869044,Marketing,2.2,Hybrid,MGR1010,55,21,High,2018,7,Experienced
2604,EMP100161,2025,Zomato,UX Designer,Non-binary,M.Tech,Performance review,Karnataka,Product,Employee_162,2119869,IT,3.0,WFO,MGR1011,1,9,High,2023,2,Experienced
2605,EMP100172,2025,Accenture,Operations Executive,Female,M.Tech,Project closure,Karnataka,Operations,Employee_173,2129574,Marketing,4.3,WFO,MGR1022,51,39,High,2019,6,Experienced
2606,EMP100181,2025,Meta,Account Manager,Non-binary,B.Tech,Project closure,Maharashtra,Sales,Employee_182,830678,Marketing,3.1,WFO,MGR1031,32,50,Low,2019,6,Experienced
2607,EMP100193,2025,Freshworks,Inside Sales Executive,Male,BCA,Role redundancy,Rajasthan,Sales,Employee_194,1152869,HR,3.9,Hybrid,MGR1043,62,38,Medium,2019,6,Experienced
2608,EMP100198,2025,Paytm,Digital Marketing Specialist,Female,MCA,Role redundancy,Telangana,Marketing,Employee_199,1824054,Operations,3.7,WFO,MGR1048,2,34,High,2022,3,Experienced
2609,EMP100282,2025,Intel,Growth Manager,Female,B.Sc,Business restructuring,Tamil Nadu,Marketing,Employee_283,2030941,HR,3.8,Hybrid,MGR1132,43,52,Medium,2020,5,Experienced
2610,EMP100322,2025,Intel,Facilities Executive,Female,CA,Workforce restructuring,West Bengal,Administration,Employee_323,453044,Support,2.9,WFO,MGR1022,0,46,Medium,2023,2,Experienced
2611,EMP100400,2025,Ola Electric,Content Manager,Non-binary,B.Tech,Automation adoption,Tamil Nadu,Marketing,Employee_401,555976,Marketing,4.1,Remote,MGR1100,24,40,Low,2024,1,Experienced
2612,EMP100418,2025,Paytm,Financial Analyst,Non-binary,MCA,Business restructuring,Odisha,Finance,Employee_419,1795598,IT,2.6,WFO,MGR1118,43,33,Low,2017,8,Experienced
2613,EMP100451,2025,Ola Electric,Finance Executive,Non-binary,M.Com,Business slowdown,West Bengal,Finance,Employee_452,1792012,Support,4.7,Remote,MGR1001,48,28,High,2016,9,Experienced
2614,EMP100482,2025,Freshworks,HR Executive,Non-binary,MBA,Workforce restructuring,Rajasthan,Human Resources,Employee_483,1926259,IT,2.7,Hybrid,MGR1032,60,13,High,2020,5,Experienced
2615,EMP100541,2025,Intel,Risk Analyst,Non-binary,BCA,Business restructuring,Haryana,Finance,Employee_542,782439,Support,2.7,Remote,MGR1091,54,29,Medium,2017,8,Experienced
2616,EMP100550,2025,Freshworks,Inside Sales Executive,Male,BCA,Performance review,Tamil Nadu,Sales,Employee_551,1321655,Support,4.9,Hybrid,MGR1100,12,54,Low,2018,7,Experienced
2617,EMP100599,2025,Cognizant,Growth Manager,Male,B.Tech,Cost reduction,Telangana,Marketing,Employee_600,592745,Operations,3.4,Remote,MGR1149,72,38,Low,2018,7,Experienced
2618,EMP100613,2025,Ola Electric,Product Manager,Female,BBA,Performance review,Karnataka,Product,Employee_614,384011,Finance,3.9,Hybrid,MGR1013,73,18,Medium,2018,7,Experienced
2619,EMP100614,2025,Wipro,Reporting Analyst,Male,BBA,Business slowdown,Punjab,Analytics,Employee_615,1185567,Operations,3.1,WFO,MGR1014,69,23,High,2023,2,Experienced
2620,EMP100622,2025,Cognizant,Tech Lead,Non-binary,B.Tech,Workforce restructuring,Uttar Pradesh,Engineering,Employee_623,1730190,Sales,2.6,WFO,MGR1022,15,3,High,2017,8,Experienced
2621,EMP100671,2025,Ola Electric,Operations Executive,Non-binary,B.Sc,Project closure,Karnataka,Operations,Employee_672,1383446,Marketing,3.0,WFO,MGR1071,75,39,Medium,2015,10,Experienced
2622,EMP100808,2025,Cisco,Business Analyst,Male,BCA,Financial pressure,Rajasthan,Analytics,Employee_809,1743774,Sales,4.9,WFO,MGR1058,68,35,Low,2021,4,Experienced
2623,EMP100819,2025,Meesho,Data Analyst,Female,BBA,Cost reduction,Rajasthan,Analytics,Employee_820,1707889,Marketing,2.2,WFO,MGR1069,18,17,Medium,2023,2,Experienced
2624,EMP100854,2025,Intel,Account Manager,Male,CA,Workforce restructuring,Tamil Nadu,Sales,Employee_855,1927296,Marketing,4.3,WFO,MGR1104,17,0,Medium,2019,6,Experienced
2625,EMP100872,2025,Freshworks,Business Analyst,Female,Diploma,Business slowdown,Telangana,Analytics,Employee_873,2081406,Support,3.1,Remote,MGR1122,41,52,Medium,2020,5,Experienced
2626,EMP100925,2025,Cognizant,Facilities Executive,Non-binary,Diploma,Automation adoption,Odisha,Administration,Employee_926,746227,Marketing,4.0,Hybrid,MGR1025,50,23,Medium,2023,2,Experienced
2627,EMP101006,2025,Meesho,Operations Analyst,Non-binary,Diploma,Business restructuring,Maharashtra,Operations,Employee_1007,2104168,Support,3.1,Remote,MGR1106,67,51,Medium,2018,7,Experienced
2628,EMP101032,2025,Freshworks,Financial Analyst,Male,BBA,Automation adoption,Tamil Nadu,Finance,Employee_1033,1049190,HR,3.3,Hybrid,MGR1132,54,18,Medium,2022,3,Experienced
2629,EMP101078,2025,Intel,Risk Analyst,Male,B.E.,Project closure,Rajasthan,Finance,Employee_1079,1388072,Support,3.0,WFO,MGR1028,4,31,High,2019,6,Experienced
2630,EMP101195,2025,Paytm,Data Analyst,Male,B.Sc,Financial pressure,Kerala,Analytics,Employee_1196,1345862,Finance,3.3,WFO,MGR1145,52,52,High,2024,1,Experienced
2631,EMP101202,2025,Flipkart,Reporting Analyst,Male,MBA,Performance review,Madhya Pradesh,Analytics,Employee_1203,644819,IT,2.4,WFO,MGR1002,36,55,Low,2020,5,Experienced
2632,EMP101216,2025,Wipro,Financial Analyst,Male,CA,Business slowdown,Tamil Nadu,Finance,Employee_1217,498064,Support,3.6,WFO,MGR1016,55,53,Low,2019,6,Experienced
2633,EMP101229,2025,Swiggy,Digital Marketing Specialist,Male,Diploma,Business slowdown,Maharashtra,Marketing,Employee_1230,574709,Operations,3.9,WFO,MGR1029,69,21,High,2016,9,Experienced
2634,EMP101276,2025,Infosys,Accountant,Male,BBA,Business restructuring,Delhi,Finance,Employee_1277,382133,Operations,2.8,Remote,MGR1076,73,15,Low,2024,1,Experienced
2635,EMP101305,2025,TCS,UX Designer,Non-binary,MBA,Role redundancy,Karnataka,Product,Employee_1306,2049711,IT,3.3,Remote,MGR1105,39,16,Low,2015,10,Experienced
2636,EMP101310,2025,Unacademy,Admin Executive,Female,B.Sc,Business slowdown,Karnataka,Administration,Employee_1311,1938054,Operations,4.4,Hybrid,MGR1110,29,19,Medium,2018,7,Experienced
2637,EMP101324,2025,Cognizant,DevOps Engineer,Female,B.Tech,Role redundancy,Madhya Pradesh,Engineering,Employee_1325,713891,HR,2.6,WFO,MGR1124,12,3,Medium,2019,6,Experienced
2638,EMP101380,2025,Google,UX Designer,Male,B.Tech,Financial pressure,Rajasthan,Product,Employee_1381,1993657,HR,3.2,WFO,MGR1030,66,13,High,2024,1,Experienced
2639,EMP101406,2025,Ola Electric,Sales Manager,Female,B.Tech,Market demand decline,Uttar Pradesh,Sales,Employee_1407,254278,Operations,2.1,Remote,MGR1056,70,45,Medium,2016,9,Experienced
2640,EMP101416,2025,Google,Accountant,Male,Diploma,Market demand decline,West Bengal,Finance,Employee_1417,2031605,Support,4.6,Remote,MGR1066,79,1,Low,2022,3,Experienced
2641,EMP101422,2025,Flipkart,HR Business Partner,Male,BCA,Financial pressure,Tamil Nadu,Human Resources,Employee_1423,1014354,Operations,4.0,Hybrid,MGR1072,73,18,Medium,2019,6,Experienced
2642,EMP101466,2025,Flipkart,HR Business Partner,Non-binary,CA,Role redundancy,Tamil Nadu,Human Resources,Employee_1467,1376821,Support,3.0,Hybrid,MGR1116,23,38,Medium,2021,4,Experienced
2643,EMP101528,2025,Intel,Technical Support Executive,Male,BCA,Project closure,Rajasthan,Customer Support,Employee_1529,1694969,IT,3.4,Hybrid,MGR1028,66,32,Low,2018,7,Experienced
2644,EMP101630,2025,Intel,Content Manager,Female,CA,Cost reduction,Telangana,Marketing,Employee_1631,836529,Marketing,2.5,WFO,MGR1130,71,52,High,2016,9,Experienced
2645,EMP101687,2025,Wipro,Business Analyst,Non-binary,M.Tech,Project closure,Uttar Pradesh,Analytics,Employee_1688,2111543,Finance,2.2,Remote,MGR1037,32,27,Low,2016,9,Experienced
2646,EMP101689,2025,Unacademy,Process Associate,Non-binary,B.E.,Business restructuring,Karnataka,Operations,Employee_1690,1599837,IT,3.5,Remote,MGR1039,3,53,Medium,2016,9,Experienced
2647,EMP101693,2025,Amazon,Digital Marketing Specialist,Female,BBA,Automation adoption,Rajasthan,Marketing,Employee_1694,892487,Operations,3.1,WFO,MGR1043,30,59,High,2017,8,Experienced
2648,EMP101761,2025,Wipro,Operations Executive,Male,B.E.,Cost reduction,Karnataka,Operations,Employee_1762,799461,Operations,3.6,Remote,MGR1111,4,51,High,2017,8,Experienced
2649,EMP101776,2025,Unacademy,Software Developer,Non-binary,MCA,Performance review,Gujarat,Engineering,Employee_1777,2057536,Operations,5.0,WFO,MGR1126,59,41,Medium,2021,4,Experienced
2650,EMP101855,2025,Cognizant,Support Analyst,Non-binary,BCA,Automation adoption,Kerala,Customer Support,Employee_1856,1419339,Support,4.5,Hybrid,MGR1055,67,41,Low,2022,3,Experienced
2651,EMP101875,2025,Zomato,Growth Manager,Non-binary,M.Com,Role redundancy,West Bengal,Marketing,Employee_1876,2179744,Finance,3.1,WFO,MGR1075,3,39,Medium,2016,9,Experienced
2652,EMP101908,2025,Infosys,Technical Support Executive,Non-binary,BCA,Cost reduction,Karnataka,Customer Support,Employee_1909,915893,Sales,4.8,Remote,MGR1108,3,14,High,2023,2,Experienced
2653,EMP101937,2025,Microsoft,Sales Executive,Female,B.E.,Workforce restructuring,Odisha,Sales,Employee_1938,1444197,Operations,4.4,WFO,MGR1137,26,36,Low,2021,4,Experienced
2654,EMP101944,2025,Microsoft,UX Designer,Non-binary,B.E.,Market demand decline,Madhya Pradesh,Product,Employee_1945,2144199,Support,2.7,Hybrid,MGR1144,9,16,Low,2015,10,Experienced
2655,EMP101986,2025,Paytm,Operations Executive,Male,M.Tech,Financial pressure,Odisha,Operations,Employee_1987,1771678,Support,2.5,WFO,MGR1036,39,38,High,2019,6,Experienced
2656,EMP102007,2025,Cisco,Customer Support Executive,Male,Diploma,Business restructuring,Delhi,Customer Support,Employee_2008,2068053,Support,3.5,WFO,MGR1057,49,45,Low,2015,10,Experienced
2657,EMP102027,2025,Accenture,Facilities Executive,Male,CA,Role redundancy,Telangana,Administration,Employee_2028,644391,Support,2.1,WFO,MGR1077,10,24,Medium,2020,5,Experienced
2658,EMP102037,2025,Zomato,Admin Executive,Female,MBA,Workforce restructuring,Telangana,Administration,Employee_2038,499605,Operations,3.0,Remote,MGR1087,48,21,High,2020,5,Experienced
2659,EMP102113,2025,Myntra,Digital Marketing Specialist,Female,B.Tech,Cost reduction,Delhi,Marketing,Employee_2114,550638,Sales,4.7,WFO,MGR1013,77,45,High,2019,6,Experienced
2660,EMP102122,2025,TCS,Data Scientist,Non-binary,MCA,Role redundancy,West Bengal,Analytics,Employee_2123,1290044,HR,2.2,Remote,MGR1022,60,35,Low,2023,2,Experienced
2661,EMP102150,2025,Flipkart,HR Executive,Male,MCA,Cost reduction,Uttar Pradesh,Human Resources,Employee_2151,2135800,Support,2.1,WFO,MGR1050,12,55,High,2015,10,Experienced
2662,EMP102167,2025,Intel,UX Designer,Non-binary,B.Tech,Cost reduction,Kerala,Product,Employee_2168,1646177,Marketing,4.9,Remote,MGR1067,60,58,High,2024,1,Experienced
2663,EMP102170,2025,Zomato,Data Analyst,Male,M.Com,Automation adoption,Madhya Pradesh,Analytics,Employee_2171,453851,Sales,3.3,Remote,MGR1070,64,33,Medium,2024,1,Experienced
2664,EMP102210,2025,Meta,Marketing Executive,Male,Diploma,Market demand decline,Karnataka,Marketing,Employee_2211,2097883,Marketing,4.3,WFO,MGR1110,68,58,Low,2023,2,Experienced
2665,EMP102218,2025,Freshworks,Admin Executive,Female,BBA,Business slowdown,Gujarat,Administration,Employee_2219,1003426,Support,2.0,Hybrid,MGR1118,29,40,High,2021,4,Experienced
2666,EMP102259,2025,Meesho,Finance Executive,Non-binary,M.Tech,Role redundancy,Maharashtra,Finance,Employee_2260,1719669,Sales,2.9,Remote,MGR1009,3,55,Low,2017,8,Experienced
2667,EMP102265,2025,Unacademy,Data Analyst,Female,B.Sc,Financial pressure,Madhya Pradesh,Analytics,Employee_2266,524960,HR,4.9,WFO,MGR1015,9,23,Medium,2022,3,Experienced
2668,EMP102271,2025,Paytm,Marketing Executive,Female,M.Com,Automation adoption,West Bengal,Marketing,Employee_2272,1948130,Operations,4.3,Remote,MGR1021,50,35,High,2024,1,Experienced
2669,EMP102319,2025,Cisco,Talent Acquisition Specialist,Male,MBA,Performance review,Haryana,Human Resources,Employee_2320,729191,Operations,2.3,WFO,MGR1069,44,40,High,2020,5,Experienced
2670,EMP102390,2025,Wipro,Inside Sales Executive,Male,MBA,Business restructuring,Kerala,Sales,Employee_2391,1414215,IT,2.8,Hybrid,MGR1140,4,34,Medium,2019,6,Experienced
2671,EMP102416,2025,Paytm,UX Designer,Non-binary,M.Tech,Automation adoption,Telangana,Product,Employee_2417,746837,Marketing,2.6,Hybrid,MGR1016,39,3,High,2024,1,Experienced
2672,EMP102462,2025,Freshworks,Facilities Executive,Female,M.Tech,Business restructuring,Kerala,Administration,Employee_2463,1052982,IT,3.7,Hybrid,MGR1062,18,34,Medium,2021,4,Experienced
2673,EMP102480,2025,Flipkart,Talent Acquisition Specialist,Female,Diploma,Automation adoption,Punjab,Human Resources,Employee_2481,1950993,Support,2.6,Remote,MGR1080,56,12,Medium,2020,5,Experienced
2674,EMP102495,2025,Microsoft,Growth Manager,Male,B.Tech,Market demand decline,Rajasthan,Marketing,Employee_2496,1578085,IT,3.6,Remote,MGR1095,1,32,High,2021,4,Experienced
2675,EMP102530,2025,Unacademy,Risk Analyst,Non-binary,B.Tech,Business slowdown,West Bengal,Finance,Employee_2531,861365,Operations,2.8,Remote,MGR1130,40,41,High,2024,1,Experienced
2676,EMP102532,2025,Paytm,UX Designer,Female,M.Com,Cost reduction,Maharashtra,Product,Employee_2533,783519,Operations,3.1,WFO,MGR1132,53,20,Low,2015,10,Experienced
2677,EMP102547,2025,Cisco,Business Development Executive,Non-binary,M.Com,Business slowdown,West Bengal,Sales,Employee_2548,548215,HR,2.6,WFO,MGR1147,76,45,Low,2022,3,Experienced
2678,EMP102550,2025,Microsoft,Customer Support Executive,Female,B.Sc,Business slowdown,Rajasthan,Customer Support,Employee_2551,1206363,Marketing,2.9,WFO,MGR1000,12,6,Low,2020,5,Experienced
2679,EMP102575,2025,Meesho,Customer Success Executive,Non-binary,Diploma,Business slowdown,Karnataka,Customer Support,Employee_2576,346170,Support,4.0,Remote,MGR1025,16,8,Medium,2020,5,Experienced
2680,EMP102593,2025,Freshworks,Digital Marketing Specialist,Male,BBA,Automation adoption,Delhi,Marketing,Employee_2594,2124061,Marketing,4.9,WFO,MGR1043,38,26,High,2016,9,Experienced
2681,EMP102653,2025,Amazon,Support Analyst,Male,M.Tech,Business slowdown,Andhra Pradesh,Customer Support,Employee_2654,923990,Support,4.2,Remote,MGR1103,12,56,Medium,2017,8,Experienced
2682,EMP102669,2025,Zomato,Growth Manager,Female,MBA,Performance review,Karnataka,Marketing,Employee_2670,858180,HR,3.7,WFO,MGR1119,53,24,Low,2017,8,Experienced
2683,EMP102671,2025,Freshworks,Office Administrator,Male,B.Sc,Performance review,Tamil Nadu,Administration,Employee_2672,419876,Support,2.4,Hybrid,MGR1121,20,26,Medium,2015,10,Experienced
2684,EMP102675,2025,Meta,Content Manager,Male,B.E.,Project closure,Punjab,Marketing,Employee_2676,1761854,Support,3.1,Remote,MGR1125,61,8,High,2021,4,Experienced
2685,EMP102722,2025,Cisco,MIS Executive,Male,MBA,Market demand decline,Kerala,Analytics,Employee_2723,1468784,IT,4.2,Remote,MGR1022,49,51,Medium,2016,9,Experienced
2686,EMP102767,2025,Flipkart,Admin Executive,Male,M.Tech,Business slowdown,Madhya Pradesh,Administration,Employee_2768,288219,HR,4.8,Remote,MGR1067,39,49,High,2015,10,Experienced
2687,EMP102842,2025,Meesho,Accountant,Non-binary,M.Com,Automation adoption,Karnataka,Finance,Employee_2843,1260470,Operations,3.3,WFO,MGR1142,72,44,High,2015,10,Experienced
2688,EMP102912,2025,Zomato,Accountant,Non-binary,B.E.,Performance review,Punjab,Finance,Employee_2913,2002294,HR,4.4,Remote,MGR1062,77,20,Low,2024,1,Experienced
2689,EMP102978,2025,Cognizant,Customer Success Executive,Male,CA,Financial pressure,Tamil Nadu,Customer Support,Employee_2979,1830039,Marketing,4.4,Hybrid,MGR1128,8,16,High,2020,5,Experienced
2690,EMP102997,2025,Zomato,Support Analyst,Female,B.Sc,Market demand decline,Odisha,Customer Support,Employee_2998,2053707,Finance,3.5,Hybrid,MGR1147,45,33,Low,2019,6,Experienced
2691,EMP103021,2025,Zomato,Operations Executive,Male,M.Tech,Workforce restructuring,Uttar Pradesh,Operations,Employee_3022,701542,Operations,3.6,Hybrid,MGR1021,13,50,Low,2017,8,Experienced
2692,EMP103022,2025,Amazon,Content Manager,Female,BCA,Business slowdown,Kerala,Marketing,Employee_3023,2044255,Finance,2.0,WFO,MGR1022,31,24,Low,2024,1,Experienced
2693,EMP103117,2025,Ola Electric,Process Associate,Female,CA,Workforce restructuring,Andhra Pradesh,Operations,Employee_3118,1053073,Support,3.5,WFO,MGR1117,21,41,High,2022,3,Experienced
2694,EMP103148,2025,Myntra,Accountant,Female,MBA,Automation adoption,Punjab,Finance,Employee_3149,1003516,Marketing,3.0,Remote,MGR1148,67,57,Low,2023,2,Experienced
2695,EMP103157,2025,Freshworks,Accountant,Non-binary,B.Tech,Performance review,West Bengal,Finance,Employee_3158,784703,Sales,3.2,Remote,MGR1007,20,40,Low,2020,5,Experienced
2696,EMP103264,2025,Unacademy,Customer Support Executive,Non-binary,M.Com,Business slowdown,Punjab,Customer Support,Employee_3265,1363770,HR,4.0,Hybrid,MGR1114,50,35,High,2019,6,Experienced
2697,EMP103288,2025,TCS,MIS Executive,Male,CA,Automation adoption,Haryana,Analytics,Employee_3289,1604342,IT,3.0,Hybrid,MGR1138,68,24,High,2020,5,Experienced
2698,EMP103310,2025,Cognizant,Customer Success Executive,Male,MBA,Project closure,Kerala,Customer Support,Employee_3311,359447,Sales,3.8,WFO,MGR1010,19,50,Medium,2023,2,Experienced
2699,EMP103320,2025,Freshworks,Growth Manager,Male,BBA,Cost reduction,Uttar Pradesh,Marketing,Employee_3321,444935,Sales,2.4,WFO,MGR1020,2,22,High,2019,6,Experienced
2700,EMP103373,2025,Microsoft,Product Designer,Female,CA,Financial pressure,Haryana,Product,Employee_3374,2125199,Marketing,4.1,WFO,MGR1073,68,3,High,2021,4,Experienced
2701,EMP103435,2025,Meesho,HR Business Partner,Non-binary,M.Tech,Business restructuring,Uttar Pradesh,Human Resources,Employee_3436,646961,Support,3.3,WFO,MGR1135,44,46,High,2019,6,Experienced
2702,EMP103493,2025,Unacademy,Recruiter,Male,MCA,Performance review,Uttar Pradesh,Human Resources,Employee_3494,389254,IT,4.2,WFO,MGR1043,30,38,Low,2021,4,Experienced
2703,EMP103527,2025,Google,Marketing Executive,Male,MCA,Financial pressure,Tamil Nadu,Marketing,Employee_3528,285528,Marketing,4.5,WFO,MGR1077,7,27,Medium,2019,6,Experienced
2704,EMP103556,2025,Infosys,Product Designer,Non-binary,M.Com,Financial pressure,Haryana,Product,Employee_3557,1556865,Operations,3.7,Hybrid,MGR1106,76,14,High,2021,4,Experienced
2705,EMP103597,2025,Wipro,Product Manager,Male,B.Tech,Financial pressure,Uttar Pradesh,Product,Employee_3598,1385915,Marketing,2.1,Hybrid,MGR1147,20,26,Low,2018,7,Experienced
2706,EMP103611,2025,Unacademy,Facilities Executive,Female,B.Sc,Cost reduction,Odisha,Administration,Employee_3612,917036,Sales,3.9,WFO,MGR1011,10,26,Medium,2016,9,Experienced
2707,EMP103816,2025,Infosys,Technical Support Executive,Female,M.Tech,Business restructuring,Delhi,Customer Support,Employee_3817,687408,Operations,4.4,Remote,MGR1066,58,52,Medium,2019,6,Experienced
2708,EMP103826,2025,Accenture,Accountant,Non-binary,B.Tech,Business slowdown,Maharashtra,Finance,Employee_3827,1619748,HR,2.5,Hybrid,MGR1076,56,56,Low,2015,10,Experienced
2709,EMP103833,2025,Microsoft,Admin Executive,Female,M.Com,Role redundancy,Gujarat,Administration,Employee_3834,497435,Finance,3.5,Remote,MGR1083,33,0,Low,2023,2,Experienced
2710,EMP103834,2025,Cisco,Admin Executive,Female,CA,Automation adoption,Haryana,Administration,Employee_3835,1835080,IT,3.6,Hybrid,MGR1084,23,26,High,2016,9,Experienced
2711,EMP103862,2025,Meesho,Financial Analyst,Non-binary,MBA,Market demand decline,Delhi,Finance,Employee_3863,834096,IT,2.5,Hybrid,MGR1112,41,23,Low,2021,4,Experienced
2712,EMP103900,2025,Cognizant,Process Associate,Male,M.Com,Financial pressure,Rajasthan,Operations,Employee_3901,857102,IT,4.0,WFO,MGR1000,56,10,High,2021,4,Experienced
2713,EMP103919,2025,Wipro,Operations Manager,Non-binary,MBA,Automation adoption,Gujarat,Operations,Employee_3920,987814,HR,3.7,WFO,MGR1019,17,26,Low,2017,8,Experienced
2714,EMP103944,2025,Zomato,Sales Executive,Non-binary,CA,Business restructuring,Delhi,Sales,Employee_3945,2081176,Operations,2.5,Remote,MGR1044,24,52,High,2016,9,Experienced
2715,EMP103958,2025,Zomato,UX Designer,Male,Diploma,Performance review,Rajasthan,Product,Employee_3959,1870116,Operations,3.1,Remote,MGR1058,58,24,Medium,2018,7,Experienced
2716,EMP104010,2025,Freshworks,Admin Executive,Female,B.E.,Workforce restructuring,Delhi,Administration,Employee_4011,546321,IT,2.7,Hybrid,MGR1110,46,50,Low,2022,3,Experienced
2717,EMP104056,2025,Unacademy,Customer Success Executive,Non-binary,MCA,Automation adoption,West Bengal,Customer Support,Employee_4057,811373,Operations,4.3,WFO,MGR1006,65,3,Medium,2017,8,Experienced
2718,EMP104062,2025,Freshworks,Sales Executive,Female,BBA,Automation adoption,Uttar Pradesh,Sales,Employee_4063,296479,Marketing,2.3,Hybrid,MGR1012,46,5,Low,2018,7,Experienced
2719,EMP104082,2025,Zomato,Backend Developer,Non-binary,MCA,Business slowdown,Delhi,Engineering,Employee_4083,277103,HR,3.7,Hybrid,MGR1032,39,28,Medium,2015,10,Experienced
2720,EMP104084,2025,Myntra,Business Analyst,Male,MBA,Role redundancy,Karnataka,Analytics,Employee_4085,325099,Sales,4.1,Remote,MGR1034,5,31,Low,2018,7,Experienced
2721,EMP104120,2025,Amazon,Product Designer,Non-binary,B.Tech,Business restructuring,Kerala,Product,Employee_4121,510803,Support,3.7,Hybrid,MGR1070,24,51,High,2021,4,Experienced
2722,EMP104147,2025,Meesho,Admin Executive,Non-binary,BBA,Business restructuring,Rajasthan,Administration,Employee_4148,753511,Sales,3.5,Hybrid,MGR1097,68,24,Low,2019,6,Experienced
2723,EMP104201,2025,Swiggy,BI Analyst,Male,B.Tech,Financial pressure,Tamil Nadu,Analytics,Employee_4202,491313,Marketing,3.3,Remote,MGR1001,66,2,Low,2018,7,Experienced
2724,EMP104244,2025,Infosys,Digital Marketing Specialist,Non-binary,B.E.,Business restructuring,Haryana,Marketing,Employee_4245,1158129,IT,4.2,WFO,MGR1044,5,55,Low,2015,10,Experienced
2725,EMP104277,2025,Amazon,Business Development Executive,Female,MBA,Market demand decline,Haryana,Sales,Employee_4278,266547,Sales,4.7,Hybrid,MGR1077,6,33,Medium,2020,5,Experienced
2726,EMP104328,2025,Freshworks,Account Manager,Non-binary,BCA,Automation adoption,Madhya Pradesh,Sales,Employee_4329,1725983,IT,4.2,Hybrid,MGR1128,68,24,Low,2016,9,Experienced
2727,EMP104415,2025,Meta,Office Administrator,Non-binary,B.E.,Automation adoption,Haryana,Administration,Employee_4416,1581269,Operations,2.8,Remote,MGR1065,8,12,Low,2020,5,Experienced
2728,EMP104424,2025,Google,Process Associate,Male,MBA,Performance review,Delhi,Operations,Employee_4425,618892,Finance,3.7,Hybrid,MGR1074,58,31,Low,2017,8,Experienced
2729,EMP104429,2025,Swiggy,Sales Executive,Female,BBA,Automation adoption,Gujarat,Sales,Employee_4430,2162641,Sales,2.3,Remote,MGR1079,70,13,Medium,2019,6,Experienced
2730,EMP104534,2025,Cognizant,Growth Manager,Male,CA,Cost reduction,Rajasthan,Marketing,Employee_4535,265035,Sales,4.8,Remote,MGR1034,69,17,High,2020,5,Experienced
2731,EMP100009,2025,Meta,Financial Analyst,Non-binary,M.Com,Project closure,Telangana,Finance,Employee_10,1632578,Finance,4.3,Remote,MGR1009,74,6,High,2024,1,Experienced
2732,EMP100034,2025,Flipkart,Account Manager,Female,BBA,Financial pressure,West Bengal,Sales,Employee_35,1244806,Support,4.7,Remote,MGR1034,77,59,High,2024,1,Experienced
2733,EMP100052,2025,Google,Technical Support Executive,Female,MCA,Business restructuring,Odisha,Customer Support,Employee_53,1666277,Operations,4.8,WFO,MGR1052,37,41,Medium,2019,6,Experienced
2734,EMP100098,2025,Meesho,Technical Support Executive,Non-binary,MBA,Workforce restructuring,Uttar Pradesh,Customer Support,Employee_99,1667754,Sales,3.8,Hybrid,MGR1098,61,35,Low,2021,4,Experienced
2735,EMP100109,2025,Paytm,Product Analyst,Non-binary,Diploma,Automation adoption,Telangana,Product,Employee_110,746924,Sales,2.2,WFO,MGR1109,38,5,Medium,2015,10,Experienced
2736,EMP100110,2025,Infosys,Digital Marketing Specialist,Non-binary,BBA,Market demand decline,Punjab,Marketing,Employee_111,1798047,HR,4.5,WFO,MGR1110,59,8,Low,2021,4,Experienced
2737,EMP100136,2025,Paytm,Technical Support Executive,Male,B.Sc,Business restructuring,Karnataka,Customer Support,Employee_137,1930278,Support,4.3,Hybrid,MGR1136,79,5,Low,2020,5,Experienced
2738,EMP100182,2025,Zomato,Operations Executive,Male,MBA,Role redundancy,Karnataka,Operations,Employee_183,1063467,Finance,3.5,WFO,MGR1032,16,54,Low,2017,8,Experienced
2739,EMP100227,2025,Amazon,Financial Analyst,Female,B.Tech,Project closure,Andhra Pradesh,Finance,Employee_228,2081080,Support,4.9,Hybrid,MGR1077,48,46,Low,2021,4,Experienced
2740,EMP100266,2025,Meta,HR Executive,Female,B.Tech,Business slowdown,Odisha,Human Resources,Employee_267,1906886,HR,4.4,WFO,MGR1116,2,2,High,2022,3,Experienced
2741,EMP100336,2025,Amazon,Facilities Executive,Non-binary,M.Com,Performance review,Tamil Nadu,Administration,Employee_337,970486,Finance,4.7,WFO,MGR1036,39,15,High,2024,1,Experienced
2742,EMP100413,2025,Meesho,HR Business Partner,Male,BCA,Cost reduction,Karnataka,Human Resources,Employee_414,1075410,Operations,4.1,Remote,MGR1113,55,17,High,2022,3,Experienced
2743,EMP100506,2025,Cognizant,Facilities Executive,Non-binary,BCA,Market demand decline,Karnataka,Administration,Employee_507,2091179,Support,4.4,Remote,MGR1056,46,38,High,2020,5,Experienced
2744,EMP100520,2025,Zomato,Financial Analyst,Female,BCA,Financial pressure,Uttar Pradesh,Finance,Employee_521,949668,HR,2.2,Remote,MGR1070,6,45,Medium,2016,9,Experienced
2745,EMP100526,2025,Meesho,Accountant,Male,BCA,Cost reduction,Haryana,Finance,Employee_527,1763289,Support,4.3,Remote,MGR1076,25,16,Medium,2018,7,Experienced
2746,EMP100616,2025,Freshworks,Financial Analyst,Non-binary,Diploma,Financial pressure,Punjab,Finance,Employee_617,1744573,Sales,3.7,Hybrid,MGR1016,24,3,Low,2021,4,Experienced
2747,EMP100645,2025,Meta,Growth Manager,Non-binary,B.Tech,Automation adoption,Andhra Pradesh,Marketing,Employee_646,837191,Finance,2.6,Hybrid,MGR1045,43,19,High,2018,7,Experienced
2748,EMP100664,2025,Unacademy,Growth Manager,Female,MBA,Role redundancy,Maharashtra,Marketing,Employee_665,1159035,IT,2.6,WFO,MGR1064,19,19,Medium,2017,8,Experienced
2749,EMP100666,2025,Accenture,Financial Analyst,Female,MCA,Market demand decline,Maharashtra,Finance,Employee_667,1710095,HR,3.5,Hybrid,MGR1066,54,13,High,2020,5,Experienced
2750,EMP100693,2025,Flipkart,DevOps Engineer,Female,B.Tech,Financial pressure,Madhya Pradesh,Engineering,Employee_694,1566762,Finance,2.6,Hybrid,MGR1093,5,30,Low,2019,6,Experienced
2751,EMP100694,2025,Zomato,Product Manager,Male,MCA,Automation adoption,Odisha,Product,Employee_695,598964,Sales,2.8,WFO,MGR1094,22,48,High,2022,3,Experienced
2752,EMP100697,2025,Swiggy,Admin Executive,Male,M.Tech,Market demand decline,Haryana,Administration,Employee_698,705637,Sales,3.5,Hybrid,MGR1097,41,27,Medium,2020,5,Experienced
2753,EMP100716,2025,Unacademy,Business Development Executive,Non-binary,B.Sc,Financial pressure,Delhi,Sales,Employee_717,462981,Finance,3.9,Remote,MGR1116,41,38,Low,2024,1,Experienced
2754,EMP100719,2025,Wipro,Digital Marketing Specialist,Non-binary,BBA,Business restructuring,Telangana,Marketing,Employee_720,1124508,Operations,3.3,Hybrid,MGR1119,22,41,Low,2015,10,Experienced
2755,EMP100763,2025,Google,QA Engineer,Male,M.Com,Workforce restructuring,Telangana,Engineering,Employee_764,733457,Operations,4.1,WFO,MGR1013,48,12,High,2021,4,Experienced
2756,EMP100788,2025,Meta,Recruiter,Female,BCA,Role redundancy,Andhra Pradesh,Human Resources,Employee_789,536699,Support,3.2,Remote,MGR1038,65,37,High,2024,1,Experienced
2757,EMP100829,2025,Amazon,Accountant,Male,B.Sc,Business restructuring,Telangana,Finance,Employee_830,1185250,Sales,3.7,Remote,MGR1079,16,21,High,2020,5,Experienced
2758,EMP100902,2025,Accenture,Operations Analyst,Female,BCA,Business restructuring,Gujarat,Operations,Employee_903,514540,HR,4.3,WFO,MGR1002,64,48,Medium,2017,8,Experienced
2759,EMP100908,2025,Swiggy,Marketing Executive,Female,B.Tech,Automation adoption,Gujarat,Marketing,Employee_909,1468485,Finance,2.7,Hybrid,MGR1008,49,35,High,2024,1,Experienced
2760,EMP100916,2025,Microsoft,Sales Executive,Male,Diploma,Market demand decline,Andhra Pradesh,Sales,Employee_917,526517,HR,3.2,WFO,MGR1016,61,55,Low,2024,1,Experienced
2761,EMP100926,2025,Zomato,Backend Developer,Male,M.Com,Workforce restructuring,Rajasthan,Engineering,Employee_927,548045,HR,2.7,Remote,MGR1026,19,59,Low,2022,3,Experienced
2762,EMP100929,2025,Cisco,Digital Marketing Specialist,Female,BBA,Automation adoption,Punjab,Marketing,Employee_930,1791125,Operations,3.2,WFO,MGR1029,3,3,High,2020,5,Experienced
2763,EMP100946,2025,Flipkart,Office Administrator,Non-binary,M.Com,Cost reduction,Telangana,Administration,Employee_947,1544228,HR,3.9,Remote,MGR1046,7,57,Low,2016,9,Experienced
2764,EMP101024,2025,Microsoft,Product Designer,Female,Diploma,Role redundancy,Telangana,Product,Employee_1025,1480109,Operations,3.3,Hybrid,MGR1124,71,29,Low,2020,5,Experienced
2765,EMP101077,2025,Meta,Backend Developer,Male,M.Com,Cost reduction,Punjab,Engineering,Employee_1078,784933,Finance,3.1,Remote,MGR1027,46,53,Medium,2017,8,Experienced
2766,EMP101175,2025,Ola Electric,Tech Lead,Non-binary,M.Tech,Role redundancy,West Bengal,Engineering,Employee_1176,930931,HR,4.2,WFO,MGR1125,24,59,High,2024,1,Experienced
2767,EMP101237,2025,Accenture,Product Analyst,Non-binary,BCA,Workforce restructuring,Madhya Pradesh,Product,Employee_1238,1077594,IT,2.4,WFO,MGR1037,48,29,High,2019,6,Experienced
2768,EMP101249,2025,Paytm,Process Associate,Male,B.Tech,Financial pressure,Tamil Nadu,Operations,Employee_1250,1182290,Support,3.1,Hybrid,MGR1049,30,52,Low,2021,4,Experienced
2769,EMP101255,2025,Cisco,Operations Analyst,Female,CA,Performance review,Rajasthan,Operations,Employee_1256,839952,HR,4.0,WFO,MGR1055,27,27,Medium,2021,4,Experienced
2770,EMP101266,2025,Infosys,Admin Executive,Non-binary,MCA,Performance review,Punjab,Administration,Employee_1267,309028,Support,3.0,Hybrid,MGR1066,17,14,High,2015,10,Experienced
2771,EMP101279,2025,Meta,Operations Manager,Male,BCA,Market demand decline,West Bengal,Operations,Employee_1280,1592974,IT,2.5,Remote,MGR1079,59,23,Medium,2021,4,Experienced
2772,EMP101329,2025,TCS,Product Designer,Male,MCA,Business slowdown,Madhya Pradesh,Product,Employee_1330,1582545,HR,2.4,WFO,MGR1129,17,1,Medium,2024,1,Experienced
2773,EMP101349,2025,Google,Product Manager,Female,M.Tech,Business slowdown,Maharashtra,Product,Employee_1350,1868451,HR,2.5,Hybrid,MGR1149,69,25,High,2019,6,Experienced
2774,EMP101388,2025,Microsoft,Support Analyst,Male,CA,Workforce restructuring,Karnataka,Customer Support,Employee_1389,1439829,Operations,3.0,WFO,MGR1038,57,25,High,2019,6,Experienced
2775,EMP101396,2025,Google,Data Scientist,Female,M.Com,Cost reduction,Punjab,Analytics,Employee_1397,779317,Support,3.5,Hybrid,MGR1046,39,44,Medium,2015,10,Experienced
2776,EMP101418,2025,Infosys,Operations Analyst,Female,BCA,Cost reduction,Kerala,Operations,Employee_1419,981724,Marketing,4.6,Hybrid,MGR1068,74,2,Low,2015,10,Experienced
2777,EMP101453,2025,Accenture,Finance Executive,Non-binary,BCA,Financial pressure,Gujarat,Finance,Employee_1454,2105627,IT,2.4,WFO,MGR1103,50,17,Low,2020,5,Experienced
2778,EMP101472,2025,Intel,Business Development Executive,Female,MBA,Business restructuring,Rajasthan,Sales,Employee_1473,1099967,Operations,3.1,WFO,MGR1122,52,34,Low,2024,1,Experienced
2779,EMP101474,2025,Flipkart,Office Administrator,Non-binary,M.Tech,Cost reduction,Andhra Pradesh,Administration,Employee_1475,408782,Operations,2.5,Hybrid,MGR1124,41,25,Medium,2020,5,Experienced
2780,EMP101517,2025,Myntra,Operations Manager,Male,B.Tech,Project closure,Telangana,Operations,Employee_1518,1391062,HR,4.1,Remote,MGR1017,77,57,Low,2018,7,Experienced
2781,EMP101537,2025,Cisco,Recruiter,Female,M.Com,Financial pressure,West Bengal,Human Resources,Employee_1538,1651163,Sales,3.7,WFO,MGR1037,12,20,Medium,2020,5,Experienced
2782,EMP101605,2025,TCS,UX Designer,Female,CA,Workforce restructuring,Telangana,Product,Employee_1606,1280688,Marketing,2.3,WFO,MGR1105,20,42,High,2019,6,Experienced
2783,EMP101610,2025,Meta,Customer Success Executive,Male,B.E.,Business slowdown,Haryana,Customer Support,Employee_1611,303227,Support,4.9,Hybrid,MGR1110,63,4,Medium,2016,9,Experienced
2784,EMP101617,2025,Freshworks,Sales Executive,Female,M.Tech,Business slowdown,Uttar Pradesh,Sales,Employee_1618,1410483,IT,3.7,WFO,MGR1117,19,30,Low,2016,9,Experienced
2785,EMP101633,2025,Ola Electric,Accountant,Female,B.Sc,Business restructuring,Odisha,Finance,Employee_1634,823577,Finance,3.4,WFO,MGR1133,27,21,High,2016,9,Experienced
2786,EMP101681,2025,Cisco,Customer Support Executive,Male,B.E.,Project closure,Punjab,Customer Support,Employee_1682,1456296,Sales,3.0,Remote,MGR1031,66,46,High,2019,6,Experienced
2787,EMP101698,2025,Amazon,Product Analyst,Female,MCA,Business slowdown,Haryana,Product,Employee_1699,1321598,Support,3.8,Remote,MGR1048,62,21,Medium,2015,10,Experienced
2788,EMP101735,2025,Flipkart,Product Analyst,Non-binary,MCA,Performance review,Gujarat,Product,Employee_1736,696267,Operations,3.8,WFO,MGR1085,76,47,Medium,2016,9,Experienced
2789,EMP101790,2025,Ola Electric,Digital Marketing Specialist,Non-binary,B.E.,Role redundancy,Telangana,Marketing,Employee_1791,1750031,IT,4.4,WFO,MGR1140,18,40,High,2019,6,Experienced
2790,EMP101797,2025,Flipkart,DevOps Engineer,Non-binary,Diploma,Market demand decline,Punjab,Engineering,Employee_1798,853905,Marketing,4.8,Hybrid,MGR1147,55,38,Medium,2020,5,Experienced
2791,EMP101801,2025,Zomato,Recruiter,Female,B.Sc,Workforce restructuring,Haryana,Human Resources,Employee_1802,532932,Operations,4.2,Hybrid,MGR1001,75,38,High,2016,9,Experienced
2792,EMP101904,2025,Meta,UX Designer,Female,B.E.,Business restructuring,Tamil Nadu,Product,Employee_1905,2039014,Marketing,2.3,Hybrid,MGR1104,40,32,Low,2019,6,Experienced
2793,EMP101995,2025,Accenture,Product Manager,Non-binary,CA,Role redundancy,West Bengal,Product,Employee_1996,1051920,Finance,3.9,WFO,MGR1045,60,19,Medium,2021,4,Experienced
2794,EMP102004,2025,Meesho,Product Manager,Male,B.Sc,Business slowdown,Karnataka,Product,Employee_2005,1516650,Support,3.9,Hybrid,MGR1054,29,35,Medium,2015,10,Experienced
2795,EMP102017,2025,Google,Operations Executive,Male,M.Com,Market demand decline,Odisha,Operations,Employee_2018,782239,Finance,4.8,Remote,MGR1067,26,23,High,2021,4,Experienced
2796,EMP102032,2025,Wipro,Product Analyst,Non-binary,Diploma,Business slowdown,West Bengal,Product,Employee_2033,645821,Support,4.7,WFO,MGR1082,27,20,Medium,2019,6,Experienced
2797,EMP102047,2025,Meta,Product Analyst,Non-binary,CA,Performance review,Punjab,Product,Employee_2048,2077268,Operations,2.6,WFO,MGR1097,69,27,High,2019,6,Experienced
2798,EMP102063,2025,Myntra,Recruiter,Female,M.Com,Market demand decline,Andhra Pradesh,Human Resources,Employee_2064,1308665,IT,4.5,Remote,MGR1113,65,37,Low,2018,7,Experienced
2799,EMP102251,2025,Cognizant,Growth Manager,Female,MBA,Workforce restructuring,Delhi,Marketing,Employee_2252,516204,Operations,3.4,Hybrid,MGR1001,64,18,Medium,2021,4,Experienced
2800,EMP102257,2025,Flipkart,Inside Sales Executive,Male,M.Com,Performance review,Punjab,Sales,Employee_2258,1367918,Operations,3.3,Remote,MGR1007,62,49,High,2016,9,Experienced
2801,EMP102274,2025,Amazon,Technical Support Executive,Female,M.Com,Role redundancy,Punjab,Customer Support,Employee_2275,1224462,HR,4.9,WFO,MGR1024,66,52,Low,2021,4,Experienced
2802,EMP102276,2025,Cisco,Account Manager,Non-binary,B.Tech,Financial pressure,Telangana,Sales,Employee_2277,1468975,Marketing,4.3,Remote,MGR1026,25,25,Medium,2017,8,Experienced
2803,EMP102286,2025,Wipro,HR Business Partner,Female,M.Com,Financial pressure,Rajasthan,Human Resources,Employee_2287,667379,Operations,5.0,WFO,MGR1036,8,6,High,2019,6,Experienced
2804,EMP102325,2025,Myntra,Customer Support Executive,Male,CA,Financial pressure,Punjab,Customer Support,Employee_2326,1195710,Sales,3.5,WFO,MGR1075,14,58,Low,2022,3,Experienced
2805,EMP102433,2025,Accenture,Admin Executive,Non-binary,M.Com,Financial pressure,Punjab,Administration,Employee_2434,317821,Sales,4.9,Hybrid,MGR1033,67,21,Medium,2016,9,Experienced
2806,EMP102444,2025,Meesho,Sales Manager,Male,B.Tech,Market demand decline,Maharashtra,Sales,Employee_2445,666090,Marketing,3.0,Remote,MGR1044,9,46,Low,2023,2,Experienced
2807,EMP102447,2025,Cognizant,Product Analyst,Non-binary,M.Tech,Project closure,Tamil Nadu,Product,Employee_2448,411139,IT,3.5,Hybrid,MGR1047,27,55,Low,2015,10,Experienced
2808,EMP102457,2025,Intel,Marketing Executive,Non-binary,B.Sc,Performance review,Haryana,Marketing,Employee_2458,1295714,Sales,2.8,Hybrid,MGR1057,78,57,High,2024,1,Experienced
2809,EMP102470,2025,Cisco,Marketing Executive,Non-binary,MCA,Project closure,Haryana,Marketing,Employee_2471,1142794,Sales,3.9,WFO,MGR1070,37,55,High,2019,6,Experienced
2810,EMP102487,2025,Unacademy,QA Engineer,Female,CA,Role redundancy,Kerala,Engineering,Employee_2488,1827428,Operations,4.8,Remote,MGR1087,32,15,High,2017,8,Experienced
2811,EMP102493,2025,Meesho,UX Designer,Male,BCA,Financial pressure,Haryana,Product,Employee_2494,2003216,Marketing,2.3,Hybrid,MGR1093,9,53,Low,2023,2,Experienced
2812,EMP102518,2025,Cisco,Content Manager,Non-binary,B.Sc,Project closure,Kerala,Marketing,Employee_2519,1616275,HR,2.8,Remote,MGR1118,25,24,Medium,2016,9,Experienced
2813,EMP102544,2025,Intel,Operations Analyst,Non-binary,BBA,Project closure,Rajasthan,Operations,Employee_2545,578617,Sales,4.3,WFO,MGR1144,8,46,Medium,2019,6,Experienced
2814,EMP102656,2025,Cisco,Sales Manager,Male,MBA,Project closure,Delhi,Sales,Employee_2657,1982081,IT,3.9,Remote,MGR1106,26,34,Medium,2020,5,Experienced
2815,EMP102682,2025,Zomato,BI Analyst,Male,M.Com,Role redundancy,West Bengal,Analytics,Employee_2683,1755327,HR,2.1,WFO,MGR1132,36,54,High,2020,5,Experienced
2816,EMP102817,2025,Paytm,Support Analyst,Female,B.E.,Business slowdown,Karnataka,Customer Support,Employee_2818,1440686,HR,4.8,Hybrid,MGR1117,42,43,Medium,2022,3,Experienced
2817,EMP102822,2025,Google,Operations Analyst,Female,CA,Financial pressure,Kerala,Operations,Employee_2823,735413,HR,2.9,WFO,MGR1122,35,23,Low,2019,6,Experienced
2818,EMP102855,2025,Wipro,Facilities Executive,Non-binary,CA,Role redundancy,Delhi,Administration,Employee_2856,734452,Support,2.8,WFO,MGR1005,58,44,Low,2021,4,Experienced
2819,EMP102868,2025,Infosys,Business Development Executive,Female,M.Com,Workforce restructuring,Punjab,Sales,Employee_2869,1483554,Support,3.0,Remote,MGR1018,24,33,High,2019,6,Experienced
2820,EMP102881,2025,Myntra,Recruiter,Male,BBA,Project closure,Tamil Nadu,Human Resources,Employee_2882,1723819,Support,3.1,Remote,MGR1031,37,30,Medium,2017,8,Experienced
2821,EMP102889,2025,Amazon,Inside Sales Executive,Male,MBA,Workforce restructuring,Odisha,Sales,Employee_2890,923621,HR,2.4,WFO,MGR1039,54,41,Low,2022,3,Experienced
2822,EMP102904,2025,Amazon,Accountant,Non-binary,M.Tech,Business slowdown,Haryana,Finance,Employee_2905,1920937,HR,3.5,WFO,MGR1054,30,55,Medium,2018,7,Experienced
2823,EMP102974,2025,Intel,HR Business Partner,Male,BCA,Cost reduction,Kerala,Human Resources,Employee_2975,1105237,IT,3.8,Hybrid,MGR1124,20,56,Low,2023,2,Experienced
2824,EMP103040,2025,Swiggy,Operations Executive,Male,CA,Business slowdown,Haryana,Operations,Employee_3041,2087428,Support,3.7,WFO,MGR1040,55,30,Medium,2018,7,Experienced
2825,EMP103067,2025,Flipkart,BI Analyst,Male,B.Sc,Financial pressure,Madhya Pradesh,Analytics,Employee_3068,729085,Marketing,4.2,Remote,MGR1067,11,48,Medium,2017,8,Experienced
2826,EMP103116,2025,Microsoft,Recruiter,Non-binary,B.Tech,Project closure,Andhra Pradesh,Human Resources,Employee_3117,1340750,Finance,4.6,WFO,MGR1116,66,18,Medium,2019,6,Experienced
2827,EMP103146,2025,Flipkart,Operations Analyst,Female,Diploma,Financial pressure,Odisha,Operations,Employee_3147,1696050,Operations,2.8,Remote,MGR1146,20,37,High,2019,6,Experienced
2828,EMP103167,2025,Google,Talent Acquisition Specialist,Female,M.Com,Business restructuring,Telangana,Human Resources,Employee_3168,2072360,HR,3.5,WFO,MGR1017,54,16,Low,2020,5,Experienced
2829,EMP103169,2025,Microsoft,Reporting Analyst,Female,BBA,Automation adoption,Punjab,Analytics,Employee_3170,1922865,IT,2.6,Remote,MGR1019,4,15,High,2022,3,Experienced
2830,EMP103184,2025,Unacademy,Accountant,Non-binary,Diploma,Workforce restructuring,Madhya Pradesh,Finance,Employee_3185,1800652,HR,2.3,Hybrid,MGR1034,51,50,Medium,2015,10,Experienced
2831,EMP103188,2025,Zomato,Product Analyst,Male,Diploma,Cost reduction,Gujarat,Product,Employee_3189,289441,IT,3.8,Hybrid,MGR1038,60,3,Low,2017,8,Experienced
2832,EMP103196,2025,Myntra,Product Manager,Male,MCA,Business slowdown,Delhi,Product,Employee_3197,1724150,IT,3.5,Remote,MGR1046,66,30,Medium,2021,4,Experienced
2833,EMP103225,2025,Microsoft,Recruiter,Male,MCA,Workforce restructuring,Madhya Pradesh,Human Resources,Employee_3226,711223,Marketing,3.3,WFO,MGR1075,11,35,Medium,2019,6,Experienced
2834,EMP103235,2025,Accenture,Accountant,Female,M.Tech,Performance review,Karnataka,Finance,Employee_3236,1305463,Operations,2.5,Remote,MGR1085,56,12,High,2022,3,Experienced
2835,EMP103307,2025,Cisco,UX Designer,Non-binary,Diploma,Financial pressure,Telangana,Product,Employee_3308,1135674,Finance,3.1,Hybrid,MGR1007,26,4,High,2017,8,Experienced
2836,EMP103376,2025,TCS,Product Analyst,Non-binary,B.Sc,Cost reduction,Rajasthan,Product,Employee_3377,1197034,HR,3.4,WFO,MGR1076,28,50,Medium,2017,8,Experienced
2837,EMP103381,2025,Wipro,Financial Analyst,Female,M.Tech,Financial pressure,Madhya Pradesh,Finance,Employee_3382,2128193,Operations,2.2,WFO,MGR1081,31,40,Low,2020,5,Experienced
2838,EMP103401,2025,Swiggy,Account Manager,Male,BBA,Cost reduction,Delhi,Sales,Employee_3402,317153,Support,4.7,Remote,MGR1101,77,1,Low,2024,1,Experienced
2839,EMP103440,2025,Ola Electric,Product Manager,Male,BBA,Role redundancy,Haryana,Product,Employee_3441,462560,Sales,3.2,Hybrid,MGR1140,10,1,High,2022,3,Experienced
2840,EMP103444,2025,Microsoft,Facilities Executive,Male,M.Tech,Workforce restructuring,Kerala,Administration,Employee_3445,1335743,Sales,3.7,Hybrid,MGR1144,55,45,Low,2024,1,Experienced
2841,EMP103458,2025,Accenture,Admin Executive,Female,BCA,Automation adoption,Odisha,Administration,Employee_3459,913013,Finance,2.2,WFO,MGR1008,39,45,High,2015,10,Experienced
2842,EMP103528,2025,Accenture,HR Business Partner,Male,M.Tech,Financial pressure,Gujarat,Human Resources,Employee_3529,1469917,Sales,4.4,Hybrid,MGR1078,62,47,Low,2024,1,Experienced
2843,EMP103541,2025,Zomato,Technical Support Executive,Female,Diploma,Project closure,Andhra Pradesh,Customer Support,Employee_3542,550791,Finance,2.0,Hybrid,MGR1091,7,5,Medium,2017,8,Experienced
2844,EMP103554,2025,Cognizant,Process Associate,Non-binary,M.Tech,Role redundancy,Haryana,Operations,Employee_3555,1111201,Marketing,3.8,Remote,MGR1104,41,28,Medium,2016,9,Experienced
2845,EMP103584,2025,Cognizant,Sales Executive,Non-binary,B.Tech,Project closure,Maharashtra,Sales,Employee_3585,723477,Support,4.8,Remote,MGR1134,7,3,High,2021,4,Experienced
2846,EMP103698,2025,Wipro,Sales Executive,Male,BCA,Role redundancy,Kerala,Sales,Employee_3699,339077,Sales,2.0,Remote,MGR1098,57,51,Low,2016,9,Experienced
2847,EMP103764,2025,Wipro,Risk Analyst,Non-binary,M.Tech,Workforce restructuring,Gujarat,Finance,Employee_3765,1947572,Support,2.1,WFO,MGR1014,13,16,Medium,2020,5,Experienced
2848,EMP103805,2025,Wipro,Product Analyst,Non-binary,B.Tech,Business slowdown,Punjab,Product,Employee_3806,714949,Finance,4.8,Remote,MGR1055,20,25,Medium,2022,3,Experienced
2849,EMP103810,2025,Cognizant,Support Analyst,Non-binary,M.Com,Automation adoption,Karnataka,Customer Support,Employee_3811,350260,IT,2.0,Hybrid,MGR1060,59,27,High,2023,2,Experienced
2850,EMP103825,2025,Wipro,HR Executive,Non-binary,MBA,Performance review,Kerala,Human Resources,Employee_3826,1580852,Support,4.9,Remote,MGR1075,68,17,Low,2024,1,Experienced
2851,EMP103839,2025,Freshworks,Data Scientist,Non-binary,M.Com,Financial pressure,West Bengal,Analytics,Employee_3840,314584,Support,2.1,Remote,MGR1089,65,5,Medium,2024,1,Experienced
2852,EMP103932,2025,Intel,UX Designer,Male,B.E.,Business restructuring,Madhya Pradesh,Product,Employee_3933,1392129,Sales,3.9,WFO,MGR1032,22,26,Medium,2019,6,Experienced
2853,EMP103986,2025,Accenture,Digital Marketing Specialist,Non-binary,Diploma,Automation adoption,Maharashtra,Marketing,Employee_3987,1459360,HR,4.1,Hybrid,MGR1086,37,18,Low,2015,10,Experienced
2854,EMP104027,2025,Wipro,Marketing Executive,Male,BBA,Business restructuring,Karnataka,Marketing,Employee_4028,270246,Support,3.6,WFO,MGR1127,52,40,High,2017,8,Experienced
2855,EMP104033,2025,Unacademy,HR Business Partner,Female,B.Sc,Performance review,Maharashtra,Human Resources,Employee_4034,1519660,Operations,4.9,Hybrid,MGR1133,57,6,High,2024,1,Experienced
2856,EMP104034,2025,Paytm,Tech Lead,Female,MCA,Project closure,Maharashtra,Engineering,Employee_4035,1297180,Finance,4.3,Hybrid,MGR1134,33,36,High,2024,1,Experienced
2857,EMP104069,2025,Meesho,Finance Executive,Non-binary,BCA,Role redundancy,Kerala,Finance,Employee_4070,438051,Marketing,2.2,Hybrid,MGR1019,13,34,Medium,2020,5,Experienced
2858,EMP104126,2025,Zomato,Operations Executive,Male,B.Tech,Project closure,Gujarat,Operations,Employee_4127,875230,Marketing,2.4,Remote,MGR1076,45,0,Low,2015,10,Experienced
2859,EMP104205,2025,Accenture,QA Engineer,Female,MBA,Workforce restructuring,Kerala,Engineering,Employee_4206,2004978,IT,2.8,Remote,MGR1005,49,1,Medium,2019,6,Experienced
2860,EMP104228,2025,Flipkart,Software Developer,Male,B.Sc,Workforce restructuring,Odisha,Engineering,Employee_4229,970429,Operations,4.4,WFO,MGR1028,13,44,Medium,2015,10,Experienced
2861,EMP104229,2025,Unacademy,Digital Marketing Specialist,Male,B.Sc,Business slowdown,Kerala,Marketing,Employee_4230,603448,Support,2.7,Hybrid,MGR1029,74,33,High,2020,5,Experienced
2862,EMP104234,2025,TCS,HR Executive,Female,M.Tech,Project closure,Kerala,Human Resources,Employee_4235,2112173,Marketing,3.8,WFO,MGR1034,7,31,High,2015,10,Experienced
2863,EMP104248,2025,Unacademy,Product Manager,Male,MBA,Workforce restructuring,Maharashtra,Product,Employee_4249,1864651,Support,2.1,WFO,MGR1048,9,17,Low,2018,7,Experienced
2864,EMP104307,2025,Ola Electric,Data Analyst,Male,CA,Business slowdown,Odisha,Analytics,Employee_4308,1545616,Marketing,4.4,Remote,MGR1107,17,14,Medium,2017,8,Experienced
2865,EMP104331,2025,Amazon,Operations Manager,Male,BCA,Business slowdown,Karnataka,Operations,Employee_4332,403503,Operations,2.7,WFO,MGR1131,27,1,High,2022,3,Experienced
2866,EMP104334,2025,Myntra,Data Analyst,Female,CA,Business slowdown,Andhra Pradesh,Analytics,Employee_4335,1128543,Operations,4.2,WFO,MGR1134,18,35,Low,2022,3,Experienced
2867,EMP104341,2025,Zomato,Operations Manager,Non-binary,MCA,Financial pressure,Punjab,Operations,Employee_4342,1619104,Operations,3.8,Hybrid,MGR1141,68,38,Low,2024,1,Experienced
2868,EMP104354,2025,Zomato,Financial Analyst,Non-binary,BBA,Workforce restructuring,Odisha,Finance,Employee_4355,390145,Marketing,4.5,WFO,MGR1004,68,2,High,2017,8,Experienced
2869,EMP104380,2025,Paytm,Software Engineer,Male,M.Tech,Automation adoption,Maharashtra,Engineering,Employee_4381,708609,Sales,5.0,Hybrid,MGR1030,56,4,Low,2023,2,Experienced
2870,EMP104421,2025,Wipro,Customer Support Executive,Non-binary,Diploma,Automation adoption,Madhya Pradesh,Customer Support,Employee_4422,1465460,Marketing,2.9,Remote,MGR1071,22,36,High,2020,5,Experienced
2871,EMP104470,2025,Microsoft,Finance Executive,Male,B.Sc,Project closure,Rajasthan,Finance,Employee_4471,513180,Support,3.4,WFO,MGR1120,72,10,Low,2024,1,Experienced
2872,EMP104491,2025,Meta,Sales Executive,Female,CA,Market demand decline,Andhra Pradesh,Sales,Employee_4492,1914022,IT,3.4,Remote,MGR1141,8,33,Medium,2018,7,Experienced
2873,EMP104521,2025,Ola Electric,Content Manager,Male,B.Tech,Business slowdown,Uttar Pradesh,Marketing,Employee_4522,1262486,Sales,4.7,Remote,MGR1021,8,47,High,2024,1,Experienced
2874,EMP100036,2025,Microsoft,Growth Manager,Male,CA,Project closure,Gujarat,Marketing,Employee_37,1661624,Marketing,4.0,WFO,MGR1036,52,0,Medium,2019,6,Experienced
2875,EMP100054,2025,Amazon,Admin Executive,Female,B.E.,Business slowdown,Madhya Pradesh,Administration,Employee_55,1011762,Finance,4.4,WFO,MGR1054,65,13,Low,2018,7,Experienced
2876,EMP100089,2025,Cisco,Process Associate,Male,BBA,Business slowdown,Uttar Pradesh,Operations,Employee_90,1841210,Operations,3.1,Hybrid,MGR1089,25,25,High,2019,6,Experienced
2877,EMP100101,2025,Amazon,Sales Executive,Female,BCA,Project closure,Gujarat,Sales,Employee_102,1102796,Sales,4.3,Remote,MGR1101,34,53,Low,2016,9,Experienced
2878,EMP100142,2025,Intel,Content Manager,Male,M.Tech,Workforce restructuring,Telangana,Marketing,Employee_143,548454,Support,3.4,WFO,MGR1142,39,10,Low,2024,1,Experienced
2879,EMP100237,2025,Zomato,Financial Analyst,Female,MCA,Business slowdown,Odisha,Finance,Employee_238,763664,HR,3.1,Hybrid,MGR1087,70,43,Low,2023,2,Experienced
2880,EMP100242,2025,Flipkart,HR Business Partner,Non-binary,BBA,Business restructuring,Gujarat,Human Resources,Employee_243,1335382,Operations,3.2,Hybrid,MGR1092,12,26,Medium,2016,9,Experienced
2881,EMP100409,2025,Cisco,Software Engineer,Female,BBA,Role redundancy,Uttar Pradesh,Engineering,Employee_410,412268,Marketing,2.7,Remote,MGR1109,70,51,High,2019,6,Experienced
2882,EMP100417,2025,Accenture,Talent Acquisition Specialist,Male,BCA,Performance review,Maharashtra,Human Resources,Employee_418,1563366,IT,4.4,WFO,MGR1117,58,50,Medium,2018,7,Experienced
2883,EMP100440,2025,Meta,Software Engineer,Male,BBA,Performance review,Punjab,Engineering,Employee_441,1097438,Marketing,3.9,WFO,MGR1140,14,41,High,2024,1,Experienced
2884,EMP100458,2025,Freshworks,Account Manager,Non-binary,MBA,Automation adoption,Andhra Pradesh,Sales,Employee_459,1178449,HR,4.3,Hybrid,MGR1008,33,35,Low,2017,8,Experienced
2885,EMP100555,2025,Freshworks,Customer Support Executive,Male,B.Sc,Workforce restructuring,Uttar Pradesh,Customer Support,Employee_556,1144156,Support,3.7,WFO,MGR1105,25,46,High,2018,7,Experienced
2886,EMP100591,2025,Microsoft,Support Analyst,Male,Diploma,Project closure,Kerala,Customer Support,Employee_592,251868,Finance,3.4,Remote,MGR1141,0,33,Medium,2020,5,Experienced
2887,EMP100631,2025,Wipro,Support Analyst,Male,M.Com,Market demand decline,Maharashtra,Customer Support,Employee_632,360215,Support,4.0,Hybrid,MGR1031,2,27,High,2016,9,Experienced
2888,EMP100641,2025,Meta,Senior Software Engineer,Female,B.E.,Market demand decline,Odisha,Engineering,Employee_642,585260,Marketing,3.6,Hybrid,MGR1041,10,39,Medium,2024,1,Experienced
2889,EMP100668,2025,TCS,Inside Sales Executive,Male,MCA,Project closure,Gujarat,Sales,Employee_669,649221,Operations,3.4,Hybrid,MGR1068,40,21,Medium,2024,1,Experienced
2890,EMP100721,2025,Meta,Data Analyst,Male,BBA,Workforce restructuring,Haryana,Analytics,Employee_722,554537,Marketing,4.8,Remote,MGR1121,41,41,Medium,2023,2,Experienced
2891,EMP100733,2025,Meta,Recruiter,Female,M.Tech,Role redundancy,Kerala,Human Resources,Employee_734,1714792,Finance,2.2,WFO,MGR1133,10,41,Low,2016,9,Experienced
2892,EMP100736,2025,Accenture,Sales Executive,Female,BCA,Business restructuring,Maharashtra,Sales,Employee_737,1596571,Operations,2.8,Hybrid,MGR1136,79,30,Low,2022,3,Experienced
2893,EMP100747,2025,Amazon,Customer Success Executive,Female,B.Tech,Financial pressure,Kerala,Customer Support,Employee_748,694752,IT,4.3,Remote,MGR1147,25,34,Medium,2022,3,Experienced
2894,EMP100796,2025,Microsoft,Growth Manager,Male,M.Tech,Cost reduction,Haryana,Marketing,Employee_797,2185254,Finance,3.1,Remote,MGR1046,0,58,Medium,2015,10,Experienced
2895,EMP100842,2025,Swiggy,Recruiter,Male,BCA,Workforce restructuring,Madhya Pradesh,Human Resources,Employee_843,395476,IT,3.3,WFO,MGR1092,30,48,High,2024,1,Experienced
2896,EMP100866,2025,Microsoft,Digital Marketing Specialist,Non-binary,BBA,Business restructuring,Rajasthan,Marketing,Employee_867,1591667,Sales,2.6,Hybrid,MGR1116,11,3,Medium,2021,4,Experienced
2897,EMP100886,2025,Accenture,UX Designer,Female,M.Tech,Workforce restructuring,Kerala,Product,Employee_887,552673,Finance,3.0,Remote,MGR1136,29,14,High,2016,9,Experienced
2898,EMP100893,2025,Intel,Content Manager,Non-binary,BCA,Role redundancy,Gujarat,Marketing,Employee_894,415251,Operations,2.7,Remote,MGR1143,26,51,Medium,2019,6,Experienced
2899,EMP100923,2025,Flipkart,Data Analyst,Non-binary,B.Sc,Business restructuring,Karnataka,Analytics,Employee_924,1179149,Sales,3.4,Remote,MGR1023,31,28,Low,2015,10,Experienced
2900,EMP100924,2025,Paytm,HR Executive,Non-binary,MBA,Cost reduction,Telangana,Human Resources,Employee_925,482140,Operations,3.2,Hybrid,MGR1024,7,2,Low,2016,9,Experienced
2901,EMP100943,2025,Amazon,Process Associate,Male,BCA,Workforce restructuring,West Bengal,Operations,Employee_944,1052963,Finance,4.5,Remote,MGR1043,18,32,Medium,2017,8,Experienced
2902,EMP100970,2025,Intel,Marketing Executive,Non-binary,Diploma,Market demand decline,Odisha,Marketing,Employee_971,1378151,Marketing,3.4,Hybrid,MGR1070,13,59,Medium,2023,2,Experienced
2903,EMP101001,2025,Intel,Account Manager,Non-binary,B.Sc,Financial pressure,Delhi,Sales,Employee_1002,808783,Finance,4.6,Remote,MGR1101,23,6,Low,2019,6,Experienced
2904,EMP101049,2025,Myntra,MIS Executive,Female,BBA,Cost reduction,Telangana,Analytics,Employee_1050,547797,Marketing,2.6,WFO,MGR1149,8,18,Low,2021,4,Experienced
2905,EMP101056,2025,Ola Electric,HR Executive,Non-binary,M.Com,Cost reduction,Karnataka,Human Resources,Employee_1057,1033805,Finance,4.9,Hybrid,MGR1006,12,57,High,2016,9,Experienced
2906,EMP101060,2025,Cisco,UX Designer,Female,BBA,Business restructuring,Karnataka,Product,Employee_1061,1930159,Sales,4.9,Hybrid,MGR1010,10,20,Low,2022,3,Experienced
2907,EMP101073,2025,Microsoft,Customer Success Executive,Male,M.Tech,Workforce restructuring,Kerala,Customer Support,Employee_1074,2050520,IT,2.3,Hybrid,MGR1023,51,11,High,2016,9,Experienced
2908,EMP101085,2025,Cisco,Product Designer,Non-binary,M.Com,Business slowdown,Karnataka,Product,Employee_1086,1873133,Operations,3.7,Remote,MGR1035,13,19,High,2017,8,Experienced
2909,EMP101086,2025,Ola Electric,Facilities Executive,Non-binary,B.Tech,Business restructuring,Maharashtra,Administration,Employee_1087,1327993,HR,4.7,WFO,MGR1036,61,3,Medium,2020,5,Experienced
2910,EMP101092,2025,Intel,BI Analyst,Non-binary,Diploma,Market demand decline,Kerala,Analytics,Employee_1093,753543,Finance,3.5,Remote,MGR1042,34,10,Low,2019,6,Experienced
2911,EMP101180,2025,Zomato,Risk Analyst,Non-binary,B.E.,Market demand decline,Odisha,Finance,Employee_1181,1013057,Sales,2.1,Hybrid,MGR1130,65,5,Medium,2023,2,Experienced
2912,EMP101241,2025,Microsoft,Business Analyst,Female,B.E.,Market demand decline,Punjab,Analytics,Employee_1242,335343,Sales,2.2,Remote,MGR1041,41,9,High,2022,3,Experienced
2913,EMP101300,2025,Google,Account Manager,Male,Diploma,Financial pressure,Andhra Pradesh,Sales,Employee_1301,1101437,Sales,2.5,Hybrid,MGR1100,16,23,Low,2017,8,Experienced
2914,EMP101316,2025,Unacademy,Office Administrator,Non-binary,B.Sc,Role redundancy,Maharashtra,Administration,Employee_1317,423275,Marketing,3.5,Hybrid,MGR1116,18,7,High,2019,6,Experienced
2915,EMP101323,2025,TCS,Customer Support Executive,Male,BCA,Performance review,Gujarat,Customer Support,Employee_1324,477679,Finance,4.6,WFO,MGR1123,27,40,Medium,2019,6,Experienced
2916,EMP101383,2025,Zomato,HR Business Partner,Non-binary,CA,Automation adoption,Rajasthan,Human Resources,Employee_1384,2116819,Operations,3.0,Remote,MGR1033,21,3,Medium,2023,2,Experienced
2917,EMP101400,2025,Google,Facilities Executive,Non-binary,BBA,Performance review,Rajasthan,Administration,Employee_1401,1426575,Finance,4.8,Hybrid,MGR1050,28,0,High,2016,9,Experienced
2918,EMP101456,2025,Amazon,Recruiter,Male,B.Sc,Performance review,Karnataka,Human Resources,Employee_1457,921477,IT,3.5,Hybrid,MGR1106,21,4,Low,2015,10,Experienced
2919,EMP101504,2025,Microsoft,DevOps Engineer,Female,B.Tech,Automation adoption,Maharashtra,Engineering,Employee_1505,2012987,Sales,3.0,WFO,MGR1004,74,6,High,2020,5,Experienced
2920,EMP101519,2025,Zomato,Sales Manager,Male,B.Tech,Market demand decline,Delhi,Sales,Employee_1520,936082,Operations,4.3,Remote,MGR1019,42,42,Low,2016,9,Experienced
2921,EMP101560,2025,Myntra,Reporting Analyst,Non-binary,B.Tech,Project closure,Haryana,Analytics,Employee_1561,361837,Marketing,4.1,Hybrid,MGR1060,78,57,Medium,2020,5,Experienced
2922,EMP101569,2025,Paytm,Accountant,Male,Diploma,Financial pressure,Madhya Pradesh,Finance,Employee_1570,2171877,Finance,4.6,Hybrid,MGR1069,61,5,Low,2015,10,Experienced
2923,EMP101597,2025,Cisco,Financial Analyst,Female,BBA,Market demand decline,Odisha,Finance,Employee_1598,469277,Finance,2.5,Hybrid,MGR1097,73,55,Medium,2018,7,Experienced
2924,EMP101759,2025,Meesho,Technical Support Executive,Male,MCA,Performance review,Gujarat,Customer Support,Employee_1760,564957,Sales,4.7,Remote,MGR1109,33,26,Low,2024,1,Experienced
2925,EMP101782,2025,Wipro,Technical Support Executive,Female,BBA,Role redundancy,Tamil Nadu,Customer Support,Employee_1783,1713177,Operations,3.9,Hybrid,MGR1132,29,27,Low,2019,6,Experienced
2926,EMP101813,2025,Cisco,Support Analyst,Female,B.Tech,Workforce restructuring,Uttar Pradesh,Customer Support,Employee_1814,716074,Support,2.9,Hybrid,MGR1013,50,59,High,2022,3,Experienced
2927,EMP101898,2025,Cisco,Risk Analyst,Non-binary,MBA,Automation adoption,Maharashtra,Finance,Employee_1899,1532117,IT,3.6,WFO,MGR1098,44,2,High,2021,4,Experienced
2928,EMP101906,2025,Infosys,Customer Support Executive,Non-binary,BBA,Role redundancy,Telangana,Customer Support,Employee_1907,410453,Finance,4.9,WFO,MGR1106,12,30,High,2015,10,Experienced
2929,EMP101947,2025,Amazon,Software Engineer,Female,BCA,Business restructuring,Haryana,Engineering,Employee_1948,1854895,Support,3.9,Remote,MGR1147,14,54,Low,2017,8,Experienced
2930,EMP101976,2025,Meta,MIS Executive,Male,BCA,Workforce restructuring,Punjab,Analytics,Employee_1977,2119127,Support,2.1,WFO,MGR1026,49,33,Medium,2022,3,Experienced
2931,EMP101990,2025,TCS,Digital Marketing Specialist,Male,Diploma,Performance review,Karnataka,Marketing,Employee_1991,1987601,Support,3.6,Hybrid,MGR1040,47,2,Medium,2023,2,Experienced
2932,EMP102048,2025,Cognizant,Admin Executive,Female,M.Com,Market demand decline,Kerala,Administration,Employee_2049,793438,IT,2.1,WFO,MGR1098,51,5,High,2018,7,Experienced
2933,EMP102056,2025,Amazon,Customer Support Executive,Female,B.Sc,Cost reduction,Odisha,Customer Support,Employee_2057,2143677,Finance,2.3,WFO,MGR1106,13,48,High,2020,5,Experienced
2934,EMP102064,2025,Wipro,Business Development Executive,Male,B.E.,Business slowdown,Haryana,Sales,Employee_2065,536256,HR,2.3,WFO,MGR1114,27,58,Medium,2021,4,Experienced
2935,EMP102080,2025,Google,Process Associate,Female,CA,Role redundancy,Tamil Nadu,Operations,Employee_2081,286650,IT,4.2,Remote,MGR1130,46,19,High,2020,5,Experienced
2936,EMP102130,2025,Accenture,Sales Executive,Female,BCA,Business restructuring,Maharashtra,Sales,Employee_2131,930042,Sales,2.2,Hybrid,MGR1030,45,2,Medium,2022,3,Experienced
2937,EMP102260,2025,Meta,Product Analyst,Female,CA,Market demand decline,Maharashtra,Product,Employee_2261,2170226,IT,3.9,Remote,MGR1010,70,2,Medium,2015,10,Experienced
2938,EMP102266,2025,TCS,Process Associate,Male,CA,Automation adoption,Tamil Nadu,Operations,Employee_2267,1378848,Finance,3.0,WFO,MGR1016,54,6,Medium,2020,5,Experienced
2939,EMP102291,2025,Zomato,Product Manager,Female,MBA,Role redundancy,Uttar Pradesh,Product,Employee_2292,667226,Marketing,4.4,Hybrid,MGR1041,60,22,High,2018,7,Experienced
2940,EMP102293,2025,Ola Electric,Tech Lead,Female,MCA,Business slowdown,Kerala,Engineering,Employee_2294,1815918,Support,2.7,Hybrid,MGR1043,61,10,Low,2019,6,Experienced
2941,EMP102303,2025,Zomato,Backend Developer,Female,MCA,Performance review,Delhi,Engineering,Employee_2304,2127252,Sales,3.3,Hybrid,MGR1053,17,46,High,2015,10,Experienced
2942,EMP102381,2025,Ola Electric,UX Designer,Male,B.Tech,Workforce restructuring,Telangana,Product,Employee_2382,2016042,Operations,3.6,Remote,MGR1131,60,13,Medium,2022,3,Experienced
2943,EMP102400,2025,Meesho,Sales Manager,Female,BCA,Project closure,Madhya Pradesh,Sales,Employee_2401,1442208,Marketing,3.3,Hybrid,MGR1000,13,17,High,2018,7,Experienced
2944,EMP102460,2025,Zomato,Facilities Executive,Non-binary,M.Com,Project closure,Punjab,Administration,Employee_2461,450589,Finance,2.6,Hybrid,MGR1060,16,7,High,2016,9,Experienced
2945,EMP102510,2025,Amazon,HR Business Partner,Female,M.Com,Role redundancy,Haryana,Human Resources,Employee_2511,1958202,Sales,2.5,Hybrid,MGR1110,71,37,High,2023,2,Experienced
2946,EMP102519,2025,Intel,Process Associate,Male,B.Sc,Workforce restructuring,Madhya Pradesh,Operations,Employee_2520,1776640,Finance,3.3,Hybrid,MGR1119,62,47,High,2024,1,Experienced
2947,EMP102553,2025,Google,Account Manager,Male,Diploma,Financial pressure,Andhra Pradesh,Sales,Employee_2554,527226,Finance,3.8,WFO,MGR1003,24,20,Medium,2021,4,Experienced
2948,EMP102631,2025,Google,Admin Executive,Female,Diploma,Performance review,Haryana,Marketing,Employee_2632,752213,Support,2.2,Hybrid,MGR1081,47,6,High,2021,4,Experienced
2949,EMP102644,2025,Freshworks,HR Business Partner,Non-binary,BCA,Cost reduction,Odisha,Human Resources,Employee_2645,1602734,Support,3.4,Remote,MGR1094,15,26,High,2019,6,Experienced
2950,EMP102667,2025,Flipkart,Product Designer,Non-binary,B.Tech,Role redundancy,Andhra Pradesh,Product,Employee_2668,1555095,Finance,2.5,Hybrid,MGR1117,17,16,Medium,2016,9,Experienced
2951,EMP102707,2025,Accenture,Business Analyst,Female,BBA,Business restructuring,Punjab,Analytics,Employee_2708,958922,Support,3.7,Remote,MGR1007,79,13,Medium,2018,7,Experienced
2952,EMP102796,2025,Freshworks,Customer Support Executive,Non-binary,CA,Automation adoption,Delhi,Customer Support,Employee_2797,1086103,Finance,3.0,WFO,MGR1096,20,27,Medium,2018,7,Experienced
2953,EMP102862,2025,Microsoft,Software Engineer,Male,B.E.,Market demand decline,Andhra Pradesh,Engineering,Employee_2863,1923608,IT,3.1,Remote,MGR1012,77,25,High,2018,7,Experienced
2954,EMP102886,2025,Amazon,UX Designer,Female,B.Sc,Business restructuring,Andhra Pradesh,Product,Employee_2887,1381678,HR,3.8,Remote,MGR1036,71,36,Medium,2024,1,Experienced
2955,EMP102945,2025,Ola Electric,BI Analyst,Male,M.Com,Market demand decline,Punjab,Analytics,Employee_2946,398162,Support,4.1,Remote,MGR1095,57,12,High,2019,6,Experienced
2956,EMP102994,2025,Wipro,Operations Analyst,Female,M.Tech,Cost reduction,Rajasthan,Operations,Employee_2995,1855347,Operations,3.5,WFO,MGR1144,45,39,High,2015,10,Experienced
2957,EMP103026,2025,Ola Electric,HR Executive,Male,Diploma,Project closure,Karnataka,Human Resources,Employee_3027,1302093,Operations,3.3,Hybrid,MGR1026,0,55,High,2018,7,Experienced
2958,EMP103035,2025,Microsoft,Sales Executive,Non-binary,BBA,Role redundancy,Maharashtra,Sales,Employee_3036,635071,Finance,2.4,Remote,MGR1035,75,29,Medium,2018,7,Experienced
2959,EMP103073,2025,Cisco,Data Engineer,Female,M.Com,Role redundancy,Delhi,Engineering,Employee_3074,1783832,Finance,2.8,WFO,MGR1073,37,0,Medium,2015,10,Experienced
2960,EMP103074,2025,Amazon,Support Analyst,Non-binary,B.E.,Business restructuring,Rajasthan,Customer Support,Employee_3075,1173270,HR,2.5,WFO,MGR1074,25,28,Low,2016,9,Experienced
2961,EMP103081,2025,Zomato,Data Scientist,Non-binary,Diploma,Role redundancy,Telangana,Analytics,Employee_3082,1884434,Operations,2.0,Remote,MGR1081,19,26,High,2016,9,Experienced
2962,EMP103088,2025,Meta,Admin Executive,Female,M.Tech,Market demand decline,Tamil Nadu,Administration,Employee_3089,324214,Support,2.6,Remote,MGR1088,13,2,Medium,2016,9,Experienced
2963,EMP103099,2025,TCS,Software Engineer,Male,Diploma,Financial pressure,Andhra Pradesh,Engineering,Employee_3100,2194677,IT,3.9,Hybrid,MGR1099,54,37,High,2023,2,Experienced
2964,EMP103107,2025,Microsoft,Financial Analyst,Female,BCA,Project closure,Kerala,Finance,Employee_3108,1736241,Operations,2.5,Hybrid,MGR1107,49,21,Low,2022,3,Experienced
2965,EMP103115,2025,Freshworks,Operations Manager,Male,BBA,Project closure,Punjab,Operations,Employee_3116,1741210,Operations,2.6,WFO,MGR1115,43,39,Medium,2020,5,Experienced
2966,EMP103154,2025,Wipro,Talent Acquisition Specialist,Non-binary,MCA,Role redundancy,West Bengal,Human Resources,Employee_3155,2047621,Sales,4.5,Remote,MGR1004,58,32,Low,2019,6,Experienced
2967,EMP103164,2025,Flipkart,Operations Manager,Female,BCA,Business restructuring,Punjab,Operations,Employee_3165,1739757,IT,3.5,Hybrid,MGR1014,22,14,High,2017,8,Experienced
2968,EMP103201,2025,Paytm,QA Engineer,Female,B.E.,Business slowdown,Haryana,Engineering,Employee_3202,912014,HR,4.3,Remote,MGR1051,32,22,Low,2019,6,Experienced
2969,EMP103292,2025,Accenture,Facilities Executive,Male,BCA,Financial pressure,Gujarat,Administration,Employee_3293,2068308,Operations,2.9,WFO,MGR1142,53,3,Low,2021,4,Experienced
2970,EMP103323,2025,Swiggy,MIS Executive,Non-binary,B.Sc,Financial pressure,Haryana,Analytics,Employee_3324,424565,Marketing,3.7,Hybrid,MGR1023,45,35,Low,2024,1,Experienced
2971,EMP103339,2025,Swiggy,Accountant,Female,B.Tech,Role redundancy,Rajasthan,Finance,Employee_3340,1710394,Support,3.9,WFO,MGR1039,28,26,Low,2021,4,Experienced
2972,EMP103385,2025,Microsoft,Office Administrator,Non-binary,M.Com,Financial pressure,Andhra Pradesh,Administration,Employee_3386,1774568,Operations,2.9,WFO,MGR1085,66,8,Medium,2021,4,Experienced
2973,EMP103422,2025,Cognizant,Accountant,Male,BBA,Role redundancy,Tamil Nadu,Finance,Employee_3423,298658,IT,4.2,Hybrid,MGR1122,49,35,Medium,2017,8,Experienced
2974,EMP103424,2025,Unacademy,DevOps Engineer,Male,BBA,Business restructuring,Delhi,Engineering,Employee_3425,1256417,HR,4.9,Hybrid,MGR1124,13,51,High,2015,10,Experienced
2975,EMP103447,2025,Myntra,Tech Lead,Female,M.Com,Performance review,Andhra Pradesh,Engineering,Employee_3448,864272,Operations,3.5,Hybrid,MGR1147,46,2,Medium,2015,10,Experienced
2976,EMP103508,2025,Meesho,Backend Developer,Female,BCA,Business slowdown,Delhi,Engineering,Employee_3509,2008375,HR,2.9,Remote,MGR1058,73,45,Medium,2017,8,Experienced
2977,EMP103602,2025,Meesho,Product Analyst,Male,BBA,Project closure,West Bengal,Product,Employee_3603,1377989,Sales,3.1,WFO,MGR1002,38,0,Low,2016,9,Experienced
2978,EMP103644,2025,Freshworks,HR Business Partner,Male,CA,Market demand decline,Telangana,Human Resources,Employee_3645,1495116,Support,3.3,Remote,MGR1044,55,36,Low,2018,7,Experienced
2979,EMP103652,2025,Unacademy,Finance Executive,Female,BBA,Workforce restructuring,Tamil Nadu,Finance,Employee_3653,1529044,IT,3.7,WFO,MGR1052,15,40,Low,2016,9,Experienced
2980,EMP103653,2025,Wipro,Talent Acquisition Specialist,Female,BCA,Market demand decline,Rajasthan,Human Resources,Employee_3654,1598970,Finance,4.8,WFO,MGR1053,15,48,Low,2015,10,Experienced
2981,EMP103681,2025,Unacademy,Customer Success Executive,Female,B.Tech,Business restructuring,Andhra Pradesh,Customer Support,Employee_3682,1417471,HR,3.2,WFO,MGR1081,27,44,Low,2020,5,Experienced
2982,EMP103704,2025,Swiggy,UX Designer,Male,M.Com,Project closure,Maharashtra,Product,Employee_3705,1885363,IT,3.1,Hybrid,MGR1104,12,0,High,2022,3,Experienced
2983,EMP103748,2025,Intel,Financial Analyst,Non-binary,MCA,Project closure,Andhra Pradesh,Finance,Employee_3749,1101788,Marketing,3.1,WFO,MGR1148,57,34,Medium,2019,6,Experienced
2984,EMP103766,2025,Freshworks,Facilities Executive,Non-binary,BBA,Project closure,Punjab,Administration,Employee_3767,1326450,Marketing,2.0,Remote,MGR1016,24,36,Low,2023,2,Experienced
2985,EMP103835,2025,Meesho,DevOps Engineer,Non-binary,MCA,Financial pressure,Madhya Pradesh,Engineering,Employee_3836,1870549,Support,3.8,WFO,MGR1085,46,0,Medium,2021,4,Experienced
2986,EMP103847,2025,Infosys,Finance Executive,Male,MBA,Market demand decline,Kerala,Finance,Employee_3848,399305,Support,4.6,Remote,MGR1097,20,43,Low,2017,8,Experienced
2987,EMP103855,2025,Google,Digital Marketing Specialist,Male,MBA,Cost reduction,Haryana,Marketing,Employee_3856,1839575,Marketing,2.5,Hybrid,MGR1105,61,7,High,2023,2,Experienced
2988,EMP103867,2025,Swiggy,Operations Analyst,Male,MCA,Role redundancy,West Bengal,Operations,Employee_3868,1164126,Sales,3.3,WFO,MGR1117,33,17,Medium,2017,8,Experienced
2989,EMP103881,2025,Wipro,Talent Acquisition Specialist,Female,BCA,Market demand decline,Rajasthan,Human Resources,Employee_3882,385545,Sales,2.9,Remote,MGR1131,75,5,Medium,2017,8,Experienced
2990,EMP103916,2025,Flipkart,Accountant,Female,BCA,Financial pressure,Tamil Nadu,Finance,Employee_3917,1623985,Sales,4.1,Remote,MGR1016,25,37,Low,2020,5,Experienced
2991,EMP103991,2025,Infosys,Account Manager,Non-binary,CA,Financial pressure,Punjab,Sales,Employee_3992,1149354,IT,4.1,WFO,MGR1091,30,8,Medium,2015,10,Experienced
2992,EMP104012,2025,TCS,Risk Analyst,Male,B.Sc,Business slowdown,Madhya Pradesh,Finance,Employee_4013,1851782,HR,4.4,Hybrid,MGR1112,14,14,Medium,2023,2,Experienced
2993,EMP104068,2025,Intel,UX Designer,Non-binary,BBA,Automation adoption,Telangana,Product,Employee_4069,1286441,Sales,4.0,Remote,MGR1018,74,40,Medium,2020,5,Experienced
2994,EMP104094,2025,Ola Electric,Content Manager,Non-binary,BCA,Workforce restructuring,Rajasthan,Marketing,Employee_4095,578201,Marketing,3.7,WFO,MGR1044,18,6,Medium,2015,10,Experienced
2995,EMP104134,2025,Freshworks,Process Associate,Non-binary,B.E.,Automation adoption,Karnataka,Operations,Employee_4135,1654500,Finance,4.5,WFO,MGR1084,75,5,Medium,2022,3,Experienced
2996,EMP104144,2025,Flipkart,Software Developer,Non-binary,M.Com,Automation adoption,Tamil Nadu,Engineering,Employee_4145,1273966,HR,2.1,WFO,MGR1094,65,47,Low,2018,7,Experienced
2997,EMP104151,2025,Paytm,UX Designer,Female,M.Com,Automation adoption,Gujarat,Product,Employee_4152,1131466,Sales,4.0,Remote,MGR1101,60,45,Medium,2021,4,Experienced
2998,EMP104283,2025,Paytm,Inside Sales Executive,Male,MBA,Cost reduction,Karnataka,Sales,Employee_4284,1051863,Sales,4.4,WFO,MGR1083,73,4,High,2017,8,Experienced
2999,EMP104289,2025,Cisco,Sales Manager,Female,B.Sc,Cost reduction,Telangana,Sales,Employee_4290,2057305,Marketing,2.8,Hybrid,MGR1089,60,34,High,2018,7,Experienced
3000,EMP104361,2025,Wipro,Product Analyst,Male,M.Tech,Project closure,Andhra Pradesh,Product,Employee_4362,1977130,Sales,3.5,Remote,MGR1011,36,8,High,2021,4,Experienced
3001,EMP104398,2025,TCS,Customer Success Executive,Male,Diploma,Automation adoption,Punjab,Customer Support,Employee_4399,341479,Finance,4.8,WFO,MGR1048,72,53,Low,2019,6,Experienced
3002,EMP104449,2025,Microsoft,Customer Success Executive,Female,B.Tech,Financial pressure,Madhya Pradesh,Customer Support,Employee_4450,2077966,Finance,3.0,Remote,MGR1099,37,41,Medium,2017,8,Experienced
3003,EMP104498,2025,Microsoft,HR Executive,Non-binary,CA,Business slowdown,Odisha,Human Resources,Employee_4499,2011158,Operations,3.3,Hybrid,MGR1148,23,0,Medium,2017,8,Experienced
3004,EMP104540,2025,Swiggy,Frontend Developer,Male,M.Com,Business slowdown,Uttar Pradesh,Engineering,Employee_4541,1857875,Finance,2.3,WFO,MGR1040,16,43,Low,2021,4,Experienced
3005,EMP100404,2025,Zomato,UX Designer,Female,BBA,Project closure,Tamil Nadu,Product,Employee_405,1411409,Finance,3.5,Hybrid,MGR1104,79,32,High,2023,2,Experienced
3006,EMP100581,2025,Swiggy,Talent Acquisition Specialist,Non-binary,B.Sc,Market demand decline,Odisha,Human Resources,Employee_582,1331572,HR,2.5,Remote,MGR1131,60,2,Medium,2019,6,Experienced
3007,EMP100612,2025,Cognizant,Technical Support Executive,Non-binary,B.E.,Market demand decline,Rajasthan,Customer Support,Employee_613,476760,HR,4.5,Hybrid,MGR1012,36,21,Medium,2017,8,Experienced
3008,EMP100826,2025,Flipkart,Marketing Executive,Non-binary,BBA,Business slowdown,Telangana,Marketing,Employee_827,1924387,HR,3.9,WFO,MGR1076,36,21,Low,2023,2,Experienced
3009,EMP101274,2025,Cisco,Operations Analyst,Male,CA,Financial pressure,Odisha,Operations,Employee_1275,279037,Finance,2.2,Hybrid,MGR1074,72,5,Low,2019,6,Experienced
3010,EMP101409,2025,Freshworks,Risk Analyst,Non-binary,M.Com,Performance review,Gujarat,Finance,Employee_1410,1488793,IT,5.0,Hybrid,MGR1059,11,6,Low,2021,4,Experienced
3011,EMP101417,2025,Paytm,Product Designer,Non-binary,MCA,Cost reduction,Andhra Pradesh,Product,Employee_1418,697851,Finance,4.2,WFO,MGR1067,39,36,Low,2017,8,Experienced
3012,EMP102038,2025,Cognizant,Office Administrator,Female,MBA,Financial pressure,Uttar Pradesh,Administration,Employee_2039,2063016,IT,4.4,Remote,MGR1088,24,14,High,2016,9,Experienced
3013,EMP102204,2025,Myntra,Customer Support Executive,Male,BCA,Role redundancy,Karnataka,Customer Support,Employee_2205,593216,Marketing,2.5,Hybrid,MGR1104,5,54,Low,2018,7,Experienced
3014,EMP102835,2025,Amazon,Frontend Developer,Non-binary,MCA,Cost reduction,Gujarat,Engineering,Employee_2836,581032,Support,3.8,Hybrid,MGR1135,6,40,High,2017,8,Experienced
3015,EMP103065,2025,Intel,Recruiter,Male,B.Tech,Business restructuring,Telangana,Human Resources,Employee_3066,906433,IT,3.0,WFO,MGR1065,79,42,Medium,2021,4,Experienced
3016,EMP103647,2025,Myntra,Product Designer,Non-binary,MCA,Business restructuring,West Bengal,Product,Employee_3648,1135185,Sales,2.2,WFO,MGR1047,13,57,Low,2022,3,Experienced
3017,EMP103709,2025,Meesho,Marketing Executive,Female,CA,Project closure,Andhra Pradesh,Marketing,Employee_3710,2181920,IT,2.4,WFO,MGR1109,10,54,High,2018,7,Experienced
3018,EMP104545,2025,Google,Product Designer,Female,B.Tech,Workforce restructuring,Odisha,Product,Employee_4546,2130889,Sales,3.6,Hybrid,MGR1045,6,28,High,2020,5,Experienced
3019,EMP100118,2026,Freshworks,MIS Executive,Non-binary,B.Sc,Role redundancy,Maharashtra,Analytics,Employee_119,340475,IT,4.8,WFO,MGR1118,56,41,High,2016,10,Experienced
3020,EMP100241,2026,Krutrim,Software Engineer,Male,M.Com,Role redundancy,Haryana,Engineering,Employee_242,2151178,HR,3.8,WFO,MGR1091,45,59,High,2016,10,Experienced
3021,EMP100486,2026,Freshworks,QA Engineer,Female,M.Tech,Performance review,Andhra Pradesh,Engineering,Employee_487,1978455,Finance,5.0,Hybrid,MGR1036,73,45,Low,2017,9,Experienced
3022,EMP100630,2026,Zupee,Customer Support Executive,Male,B.E.,Market demand decline,Kerala,Customer Support,Employee_631,1378484,Finance,4.2,Hybrid,MGR1030,72,8,Low,2021,5,Experienced
3023,EMP100851,2026,Samsung,HR Executive,Non-binary,M.Tech,Automation adoption,Kerala,Human Resources,Employee_852,642209,Operations,4.1,Hybrid,MGR1101,54,43,High,2021,5,Experienced
3024,EMP101397,2026,Krutrim,Admin Executive,Male,BCA,Cost reduction,Maharashtra,Administration,Employee_1398,1561730,HR,4.3,WFO,MGR1047,2,29,Medium,2024,2,Experienced
3025,EMP101857,2026,Flipkart,Reporting Analyst,Male,CA,Cost reduction,Kerala,Analytics,Employee_1858,1814773,IT,3.0,WFO,MGR1057,47,39,High,2017,9,Experienced
3026,EMP102166,2026,Microsoft,HR Executive,Male,MCA,Performance review,Tamil Nadu,Human Resources,Employee_2167,1170413,Support,2.7,Hybrid,MGR1066,63,15,Low,2024,2,Experienced
3027,EMP102225,2026,Games24x7,Office Administrator,Non-binary,BCA,Cost reduction,Tamil Nadu,Administration,Employee_2226,374818,Operations,3.2,Hybrid,MGR1125,37,26,Low,2018,8,Experienced
3028,EMP102278,2026,Paytm,Accountant,Male,M.Com,Business slowdown,Tamil Nadu,Finance,Employee_2279,902521,Operations,2.5,WFO,MGR1028,70,13,Low,2016,10,Experienced
3029,EMP102502,2026,Cognizant,QA Engineer,Non-binary,Diploma,Project closure,Telangana,Engineering,Employee_2503,964440,HR,4.8,WFO,MGR1102,45,14,Low,2022,4,Experienced
3030,EMP102684,2026,Zupee,MIS Executive,Male,MCA,Market demand decline,West Bengal,Analytics,Employee_2685,398890,Operations,3.1,WFO,MGR1134,25,43,High,2015,11,Experienced
3031,EMP102827,2026,Livspace,Accountant,Non-binary,BBA,Performance review,Karnataka,Finance,Employee_2828,1925924,Finance,3.4,WFO,MGR1127,68,3,Low,2020,6,Experienced
3032,EMP102946,2026,Games24x7,HR Business Partner,Male,BCA,Project closure,Delhi,Human Resources,Employee_2947,1940603,Finance,2.7,WFO,MGR1096,61,3,Medium,2022,4,Experienced
3033,EMP103005,2026,Flipkart,UX Designer,Male,BBA,Cost reduction,Maharashtra,Product,Employee_3006,889315,Sales,2.2,WFO,MGR1005,9,57,High,2022,4,Experienced
3034,EMP103118,2026,Oracle,Sales Executive,Female,MBA,Business restructuring,Uttar Pradesh,Sales,Employee_3119,2167947,Sales,4.8,Hybrid,MGR1118,48,23,Medium,2015,11,Experienced
3035,EMP103186,2026,Flipkart,Data Analyst,Male,Diploma,Role redundancy,Madhya Pradesh,Analytics,Employee_3187,1695424,Finance,3.5,Hybrid,MGR1036,12,38,Medium,2018,8,Experienced
3036,EMP103220,2026,Freshworks,Facilities Executive,Female,B.E.,Market demand decline,Haryana,Administration,Employee_3221,971772,Sales,2.5,Hybrid,MGR1070,48,57,Medium,2018,8,Experienced
3037,EMP103246,2026,Ola Electric,Sales Manager,Non-binary,BBA,Performance review,Maharashtra,Sales,Employee_3247,1578368,Sales,3.3,Hybrid,MGR1096,39,23,Low,2018,8,Experienced
3038,EMP103446,2026,Oracle,Product Manager,Female,B.Tech,Market demand decline,Tamil Nadu,Product,Employee_3447,527712,Operations,3.0,Remote,MGR1146,37,26,High,2021,5,Experienced
3039,EMP104346,2026,Wipro,Finance Executive,Non-binary,BCA,Role redundancy,Delhi,Finance,Employee_4347,774226,Sales,3.3,Remote,MGR1146,6,18,Low,2015,11,Experienced
3040,EMP100185,2026,Freshworks,Marketing Executive,Female,CA,Workforce restructuring,Andhra Pradesh,Marketing,Employee_186,1286624,Finance,3.2,Hybrid,MGR1035,64,35,Low,2017,9,Experienced
3041,EMP100508,2026,Amazon,Customer Success Executive,Non-binary,M.Com,Performance review,Karnataka,Human Resources,Employee_509,326096,Operations,4.5,Hybrid,MGR1058,18,44,Low,2021,5,Experienced
3042,EMP100841,2026,PayPal,Frontend Developer,Male,M.Com,Role redundancy,West Bengal,Engineering,Employee_842,1738252,Operations,4.4,Hybrid,MGR1091,71,36,High,2017,9,Experienced
3043,EMP101398,2026,Krutrim,Content Manager,Non-binary,MBA,Business restructuring,Andhra Pradesh,Marketing,Employee_1399,689023,Marketing,2.5,Hybrid,MGR1048,28,51,Low,2021,5,Experienced
3044,EMP101635,2026,Flipkart,Frontend Developer,Non-binary,CA,Project closure,Andhra Pradesh,Engineering,Employee_1636,1415568,HR,4.3,WFO,MGR1135,47,5,High,2020,6,Experienced
3045,EMP101670,2026,Samsung,Facilities Executive,Female,B.E.,Workforce restructuring,Maharashtra,Administration,Employee_1671,319675,Finance,4.4,Hybrid,MGR1020,54,24,Low,2021,5,Experienced
3046,EMP102562,2026,Samsung,Office Administrator,Male,Diploma,Market demand decline,Punjab,Administration,Employee_2563,1570364,Operations,2.4,WFO,MGR1012,65,11,Low,2021,5,Experienced
3047,EMP103158,2026,Amazon,Accountant,Non-binary,M.Tech,Market demand decline,Tamil Nadu,Finance,Employee_3159,501541,Operations,4.6,WFO,MGR1008,62,21,High,2022,4,Experienced
3048,EMP103555,2026,Visa,Customer Success Executive,Female,M.Tech,Performance review,Maharashtra,Customer Support,Employee_3556,1622445,Finance,2.6,WFO,MGR1105,71,28,Low,2018,8,Experienced
3049,EMP103812,2026,Paytm,Customer Support Executive,Male,CA,Financial pressure,Punjab,Customer Support,Employee_3813,1264791,Marketing,3.7,Hybrid,MGR1062,33,50,Low,2022,4,Experienced
3050,EMP103945,2026,Livspace,Operations Analyst,Non-binary,BBA,Project closure,Odisha,Operations,Employee_3946,1205330,Operations,3.5,WFO,MGR1045,11,54,High,2016,10,Experienced
3051,EMP104098,2026,Krutrim,Business Development Executive,Non-binary,MCA,Performance review,Delhi,Sales,Employee_4099,1119797,Finance,2.8,Hybrid,MGR1048,12,45,Medium,2015,11,Experienced
3052,EMP104167,2026,Ola Electric,Data Analyst,Male,B.Tech,Workforce restructuring,Maharashtra,Analytics,Employee_4168,846450,Marketing,2.1,WFO,MGR1117,44,44,Low,2019,7,Experienced
3053,EMP104190,2026,HDFC Bank,Sales Executive,Female,BBA,Market demand decline,Maharashtra,Sales,Employee_4191,1551382,Finance,4.0,WFO,MGR1140,77,22,Low,2016,10,Experienced
3054,EMP104298,2026,Cognizant,Risk Analyst,Non-binary,B.Sc,Role redundancy,West Bengal,Finance,Employee_4299,1936278,Operations,4.1,WFO,MGR1098,60,55,High,2018,8,Experienced
3055,EMP104305,2026,Axis Bank,Operations Executive,Non-binary,CA,Business slowdown,Madhya Pradesh,Operations,Employee_4306,1321497,Finance,4.7,Remote,MGR1105,47,40,Low,2019,7,Experienced
3056,EMP100580,2026,PayPal,HR Executive,Non-binary,M.Com,Financial pressure,Karnataka,Human Resources,Employee_581,1933213,Sales,4.8,Hybrid,MGR1130,77,35,High,2019,7,Experienced
3057,EMP100957,2026,Infosys,Talent Acquisition Specialist,Non-binary,M.Tech,Role redundancy,Telangana,Human Resources,Employee_958,451797,Sales,3.1,WFO,MGR1057,42,40,High,2021,5,Experienced
3058,EMP101083,2026,Flipkart,Marketing Executive,Non-binary,B.Sc,Performance review,Uttar Pradesh,Marketing,Employee_1084,1794476,Finance,3.0,Remote,MGR1033,27,44,Low,2018,8,Experienced
3059,EMP101122,2026,TCS,Data Analyst,Male,B.Sc,Automation adoption,Madhya Pradesh,Analytics,Employee_1123,700550,IT,3.1,Hybrid,MGR1072,41,26,Low,2022,4,Experienced
3060,EMP101268,2026,Freshworks,Inside Sales Executive,Male,B.E.,Business restructuring,Punjab,Sales,Employee_1269,1395995,Operations,3.8,Hybrid,MGR1068,12,34,Medium,2024,2,Experienced
3061,EMP101421,2026,Microsoft,HR Executive,Male,M.Tech,Performance review,Gujarat,Human Resources,Employee_1422,1134870,IT,4.4,Hybrid,MGR1071,68,37,High,2015,11,Experienced
3062,EMP101583,2026,TCS,Talent Acquisition Specialist,Non-binary,MCA,Cost reduction,Odisha,Human Resources,Employee_1584,1455311,Finance,2.1,Remote,MGR1083,53,58,Low,2019,7,Experienced
3063,EMP102043,2026,Oracle,Digital Marketing Specialist,Non-binary,B.Sc,Business restructuring,Delhi,Marketing,Employee_2044,414605,HR,4.3,Hybrid,MGR1093,12,16,High,2015,11,Experienced
3064,EMP102360,2026,Ola Electric,Risk Analyst,Non-binary,M.Com,Workforce restructuring,Karnataka,Finance,Employee_2361,1517903,Operations,4.5,Hybrid,MGR1110,10,56,Medium,2016,10,Experienced
3065,EMP102612,2026,Freshworks,Data Engineer,Female,M.Com,Business slowdown,Karnataka,Engineering,Employee_2613,1694282,Support,3.8,Hybrid,MGR1062,46,54,High,2020,6,Experienced
3066,EMP103080,2026,Wipro,Business Analyst,Male,BBA,Performance review,Tamil Nadu,Analytics,Employee_3081,504079,Finance,2.6,Remote,MGR1080,57,42,High,2017,9,Experienced
3067,EMP103183,2026,Axis Bank,Data Analyst,Non-binary,BCA,Project closure,Delhi,Analytics,Employee_3184,671293,HR,3.0,Remote,MGR1033,13,47,High,2023,3,Experienced
3068,EMP103289,2026,Adda247,Office Administrator,Non-binary,CA,Role redundancy,Tamil Nadu,Administration,Employee_3290,1778622,Operations,2.4,Remote,MGR1139,24,57,High,2016,10,Experienced
3069,EMP103642,2026,Cognizant,Support Analyst,Non-binary,M.Tech,Project closure,Tamil Nadu,Customer Support,Employee_3643,1573529,Operations,3.5,Hybrid,MGR1042,33,14,High,2018,8,Experienced
3070,EMP104090,2026,Livspace,Technical Support Executive,Female,M.Tech,Cost reduction,Gujarat,Customer Support,Employee_4091,2159951,Sales,3.4,Remote,MGR1040,7,53,Medium,2021,5,Experienced
3071,EMP104273,2026,Paytm,Financial Analyst,Female,MBA,Automation adoption,Delhi,Finance,Employee_4274,965486,Support,2.9,WFO,MGR1073,17,35,Medium,2024,2,Experienced
3072,EMP100061,2026,TCS,Admin Executive,Female,B.Tech,Performance review,Rajasthan,Administration,Employee_62,290869,Operations,3.9,Remote,MGR1061,39,55,Low,2020,6,Experienced
3073,EMP100259,2026,Amazon,Operations Analyst,Non-binary,M.Tech,Performance review,Odisha,Operations,Employee_260,729815,Operations,3.5,Remote,MGR1109,70,35,Low,2020,6,Experienced
3074,EMP100329,2026,Axis Bank,Content Manager,Male,BCA,Workforce restructuring,Uttar Pradesh,Marketing,Employee_330,1092644,IT,3.8,Remote,MGR1029,60,18,Medium,2018,8,Experienced
3075,EMP100369,2026,PayPal,Process Associate,Male,BCA,Role redundancy,Maharashtra,Operations,Employee_370,1056200,Sales,4.9,Hybrid,MGR1069,51,29,High,2019,7,Experienced
3076,EMP100615,2026,Games24x7,Business Analyst,Female,B.Tech,Market demand decline,Punjab,Analytics,Employee_616,373734,Sales,4.5,Hybrid,MGR1015,41,33,Medium,2018,8,Experienced
3077,EMP100657,2026,Paytm,Risk Analyst,Non-binary,BBA,Cost reduction,Andhra Pradesh,Finance,Employee_658,505551,Marketing,5.0,Remote,MGR1057,29,50,Medium,2019,7,Experienced
3078,EMP100732,2026,Oracle,Business Development Executive,Non-binary,MBA,Performance review,Gujarat,Sales,Employee_733,1291825,Marketing,3.2,WFO,MGR1132,13,55,High,2021,5,Experienced
3079,EMP100780,2026,Samsung,Operations Executive,Male,MCA,Market demand decline,Madhya Pradesh,Operations,Employee_781,2135194,HR,5.0,Hybrid,MGR1030,28,35,High,2016,10,Experienced
3080,EMP100833,2026,Krutrim,Operations Analyst,Female,M.Com,Performance review,Tamil Nadu,Operations,Employee_834,764553,HR,2.8,Hybrid,MGR1083,50,7,High,2017,9,Experienced
3081,EMP101148,2026,Meta,Customer Support Executive,Male,M.Tech,Automation adoption,Uttar Pradesh,Customer Support,Employee_1149,409822,Finance,4.6,Hybrid,MGR1098,51,8,High,2018,8,Experienced
3082,EMP101228,2026,Cognizant,Backend Developer,Non-binary,CA,Automation adoption,Gujarat,Engineering,Employee_1229,728976,IT,3.9,Remote,MGR1028,20,40,Medium,2021,5,Experienced
3083,EMP101608,2026,PayPal,Recruiter,Male,BBA,Automation adoption,Telangana,Human Resources,Employee_1609,922416,HR,2.6,Remote,MGR1108,2,4,Medium,2019,7,Experienced
3084,EMP101868,2026,TCS,Marketing Executive,Non-binary,B.Tech,Business slowdown,West Bengal,Marketing,Employee_1869,655808,HR,2.9,Remote,MGR1068,15,7,Low,2021,5,Experienced
3085,EMP102169,2026,Adda247,Business Development Executive,Non-binary,MBA,Business restructuring,Rajasthan,Sales,Employee_2170,879230,IT,3.3,Remote,MGR1069,60,42,High,2022,4,Experienced
3086,EMP102227,2026,Adda247,Customer Support Executive,Male,M.Tech,Cost reduction,Punjab,Customer Support,Employee_2228,961267,Marketing,3.6,WFO,MGR1127,76,48,Medium,2024,2,Experienced
3087,EMP102635,2026,PayPal,Operations Executive,Male,CA,Automation adoption,Kerala,Operations,Employee_2636,809496,Finance,3.6,Remote,MGR1085,63,35,High,2023,3,Experienced
3088,EMP102764,2026,Livspace,Recruiter,Non-binary,BCA,Business restructuring,Haryana,Human Resources,Employee_2765,1833726,Finance,2.6,Remote,MGR1064,70,47,Low,2022,4,Experienced
3089,EMP102924,2026,Zupee,Data Engineer,Female,M.Tech,Business restructuring,Maharashtra,Engineering,Employee_2925,456027,Marketing,4.1,Remote,MGR1074,78,32,Low,2016,10,Experienced
3090,EMP103102,2026,Zupee,Inside Sales Executive,Non-binary,MCA,Automation adoption,Telangana,Sales,Employee_3103,392019,Sales,2.7,Hybrid,MGR1102,74,34,High,2022,4,Experienced
3091,EMP103112,2026,Infosys,Product Manager,Non-binary,B.E.,Automation adoption,Telangana,Product,Employee_3113,2169683,HR,4.9,Remote,MGR1112,45,26,Medium,2020,6,Experienced
3092,EMP103404,2026,Ola Electric,Admin Executive,Male,MBA,Project closure,Maharashtra,Administration,Employee_3405,1943292,HR,4.6,WFO,MGR1104,65,33,High,2015,11,Experienced
3093,EMP103410,2026,Infosys,Office Administrator,Female,CA,Market demand decline,Telangana,Administration,Employee_3411,991563,Sales,3.6,Hybrid,MGR1110,58,52,Medium,2018,8,Experienced
3094,EMP103411,2026,Zupee,UX Designer,Male,MCA,Workforce restructuring,Kerala,Product,Employee_3412,1406325,Marketing,4.9,Hybrid,MGR1111,50,10,High,2015,11,Experienced
3095,EMP103426,2026,Zupee,Sales Manager,Male,MCA,Automation adoption,West Bengal,Sales,Employee_3427,1698209,HR,4.7,Hybrid,MGR1126,20,28,Medium,2015,11,Experienced
3096,EMP103684,2026,Oracle,Digital Marketing Specialist,Non-binary,CA,Project closure,Madhya Pradesh,Marketing,Employee_3685,1797759,Marketing,4.3,WFO,MGR1084,72,36,Low,2017,9,Experienced
3097,EMP103751,2026,Games24x7,Sales Executive,Non-binary,M.Com,Project closure,Gujarat,Sales,Employee_3752,1237251,Marketing,3.4,WFO,MGR1001,36,2,Medium,2015,11,Experienced
3098,EMP103780,2026,Livspace,UX Designer,Non-binary,B.E.,Business restructuring,West Bengal,Product,Employee_3781,1968443,Sales,2.3,WFO,MGR1030,7,55,Medium,2015,11,Experienced
3099,EMP103890,2026,Infosys,Facilities Executive,Non-binary,MCA,Business restructuring,Haryana,Administration,Employee_3891,313423,Marketing,3.2,Remote,MGR1140,77,55,Low,2024,2,Experienced
3100,EMP104026,2026,Ola Electric,Talent Acquisition Specialist,Female,MCA,Business restructuring,Odisha,Human Resources,Employee_4027,807017,Marketing,2.7,WFO,MGR1126,5,23,Low,2015,11,Experienced
3101,EMP104049,2026,Ola Electric,Support Analyst,Non-binary,B.Tech,Cost reduction,Delhi,Customer Support,Employee_4050,2059988,Finance,4.1,WFO,MGR1149,19,55,Medium,2016,10,Experienced
3102,EMP104095,2026,Games24x7,Reporting Analyst,Non-binary,Diploma,Business restructuring,Gujarat,Analytics,Employee_4096,2170232,Sales,2.4,Hybrid,MGR1045,11,10,Medium,2024,2,Experienced
3103,EMP104295,2026,Samsung,Talent Acquisition Specialist,Male,BBA,Project closure,Maharashtra,Human Resources,Employee_4296,1861065,Finance,4.6,Hybrid,MGR1095,24,12,High,2022,4,Experienced
3104,EMP104430,2026,CorroHealth,Customer Support Executive,Male,MCA,Workforce restructuring,Punjab,Customer Support,Employee_4431,870236,Support,3.8,Remote,MGR1080,49,9,High,2017,9,Experienced
3105,EMP100087,2026,Adda247,Admin Executive,Non-binary,B.E.,Market demand decline,Punjab,Administration,Employee_88,1225419,IT,3.0,WFO,MGR1087,53,27,Medium,2016,10,Experienced
3106,EMP100147,2026,Krutrim,Technical Support Executive,Female,BBA,Automation adoption,Odisha,Customer Support,Employee_148,1703168,Sales,2.6,WFO,MGR1147,53,44,Medium,2020,6,Experienced
3107,EMP100191,2026,Oracle,Data Analyst,Male,CA,Workforce restructuring,Telangana,Analytics,Employee_192,1415551,Support,2.7,WFO,MGR1041,12,47,High,2020,6,Experienced
3108,EMP100261,2026,Infosys,DevOps Engineer,Male,B.Sc,Market demand decline,Andhra Pradesh,Engineering,Employee_262,867204,Operations,3.4,Hybrid,MGR1111,50,47,High,2021,5,Experienced
3109,EMP100302,2026,Krutrim,Operations Analyst,Female,BBA,Cost reduction,Andhra Pradesh,Operations,Employee_303,1798505,IT,2.1,WFO,MGR1002,16,22,High,2017,9,Experienced
3110,EMP100361,2026,Games24x7,Inside Sales Executive,Non-binary,BBA,Workforce restructuring,Tamil Nadu,Sales,Employee_362,1474644,Sales,2.4,WFO,MGR1061,0,40,Medium,2018,8,Experienced
3111,EMP100489,2026,Infosys,Recruiter,Female,MBA,Business slowdown,Kerala,Human Resources,Employee_490,1777717,Finance,3.9,Hybrid,MGR1039,29,19,High,2024,2,Experienced
3112,EMP100562,2026,Infosys,Recruiter,Male,BBA,Business slowdown,Maharashtra,Human Resources,Employee_563,1951162,HR,4.2,WFO,MGR1112,41,39,Medium,2019,7,Experienced
3113,EMP100608,2026,Krutrim,Sales Manager,Non-binary,M.Com,Role redundancy,Tamil Nadu,Sales,Employee_609,1467427,Finance,2.3,Remote,MGR1008,39,55,Low,2016,10,Experienced
3114,EMP100735,2026,Oracle,Financial Analyst,Non-binary,M.Com,Business slowdown,Madhya Pradesh,Finance,Employee_736,2145736,Sales,3.9,Remote,MGR1135,27,28,High,2023,3,Experienced
3115,EMP100771,2026,Wipro,Growth Manager,Female,MBA,Business restructuring,West Bengal,Marketing,Employee_772,1367386,HR,4.8,Remote,MGR1021,68,19,Medium,2016,10,Experienced
3116,EMP100944,2026,Paytm,Recruiter,Non-binary,BCA,Automation adoption,Delhi,Human Resources,Employee_945,359848,HR,2.4,WFO,MGR1044,12,51,High,2020,6,Experienced
3117,EMP101120,2026,Visa,Talent Acquisition Specialist,Male,BCA,Cost reduction,Madhya Pradesh,Human Resources,Employee_1121,1046539,Finance,2.0,Remote,MGR1070,16,21,Medium,2020,6,Experienced
3118,EMP101232,2026,Livspace,Account Manager,Male,M.Com,Role redundancy,Karnataka,Sales,Employee_1233,421710,Finance,2.7,Remote,MGR1032,11,38,High,2023,3,Experienced
3119,EMP101271,2026,Krutrim,Facilities Executive,Non-binary,Diploma,Business slowdown,Rajasthan,Administration,Employee_1272,763859,Sales,4.5,Hybrid,MGR1071,75,58,High,2023,3,Experienced
3120,EMP101284,2026,Visa,Process Associate,Non-binary,M.Com,Cost reduction,Gujarat,Operations,Employee_1285,1538866,Sales,2.9,WFO,MGR1084,20,4,High,2024,2,Experienced
3121,EMP101399,2026,Infosys,Accountant,Female,CA,Business slowdown,Haryana,Finance,Employee_1400,1863956,Support,3.3,Remote,MGR1049,49,50,High,2021,5,Experienced
3122,EMP101411,2026,TCS,Business Analyst,Female,BBA,Financial pressure,Telangana,Analytics,Employee_1412,448839,Sales,3.7,WFO,MGR1061,41,5,Low,2020,6,Experienced
3123,EMP101571,2026,Wipro,Customer Support Executive,Female,MBA,Financial pressure,Madhya Pradesh,Customer Support,Employee_1572,2049532,HR,3.7,Hybrid,MGR1071,79,36,Low,2021,5,Experienced
3124,EMP101607,2026,Visa,Technical Support Executive,Male,CA,Business slowdown,Telangana,Customer Support,Employee_1608,987706,Support,4.0,Hybrid,MGR1107,62,57,Medium,2016,10,Experienced
3125,EMP101783,2026,Zomato,Admin Executive,Female,M.Com,Business slowdown,Tamil Nadu,Administration,Employee_1784,1369194,IT,4.4,WFO,MGR1133,70,47,Low,2017,9,Experienced
3126,EMP101829,2026,Flipkart,Finance Executive,Male,BBA,Financial pressure,Rajasthan,Finance,Employee_1830,1998520,Operations,3.5,Remote,MGR1029,41,45,Medium,2019,7,Experienced
3127,EMP101835,2026,Paytm,Operations Executive,Non-binary,BCA,Performance review,Kerala,Operations,Employee_1836,1461727,Sales,3.4,WFO,MGR1035,13,41,Low,2017,9,Experienced
3128,EMP101842,2026,Samsung,Frontend Developer,Non-binary,Diploma,Workforce restructuring,Haryana,Engineering,Employee_1843,1565251,Operations,4.0,Hybrid,MGR1042,17,23,High,2021,5,Experienced
3129,EMP101975,2026,Meta,Backend Developer,Female,B.E.,Business restructuring,Tamil Nadu,Engineering,Employee_1976,1895488,Sales,4.2,Hybrid,MGR1025,51,23,Low,2020,6,Experienced
3130,EMP102081,2026,Krutrim,Office Administrator,Non-binary,Diploma,Cost reduction,Gujarat,Administration,Employee_2082,564735,Operations,2.1,Hybrid,MGR1131,69,50,High,2020,6,Experienced
3131,EMP102096,2026,Adda247,Data Scientist,Female,B.Sc,Business restructuring,Delhi,Analytics,Employee_2097,1313562,Support,2.5,WFO,MGR1146,50,24,High,2020,6,Experienced
3132,EMP102314,2026,Adda247,Office Administrator,Male,B.Sc,Workforce restructuring,Tamil Nadu,Administration,Employee_2315,318552,Support,2.4,WFO,MGR1064,28,5,Medium,2022,4,Experienced
3133,EMP102506,2026,HDFC Bank,Recruiter,Male,B.E.,Performance review,Madhya Pradesh,Human Resources,Employee_2507,453855,Marketing,3.3,Remote,MGR1106,20,37,Medium,2019,7,Experienced
3134,EMP102561,2026,TCS,HR Business Partner,Non-binary,Diploma,Business restructuring,Karnataka,Human Resources,Employee_2562,1700026,Sales,2.7,Remote,MGR1011,77,41,High,2018,8,Experienced
3135,EMP102603,2026,CorroHealth,Software Developer,Non-binary,M.Com,Cost reduction,Madhya Pradesh,Engineering,Employee_2604,1644653,Finance,3.5,WFO,MGR1053,13,8,Medium,2018,8,Experienced
3136,EMP102641,2026,Livspace,Financial Analyst,Female,M.Com,Cost reduction,Maharashtra,Finance,Employee_2642,784033,Sales,3.4,Remote,MGR1091,23,34,Low,2021,5,Experienced
3137,EMP103008,2026,CorroHealth,Office Administrator,Non-binary,B.Tech,Business slowdown,Gujarat,Administration,Employee_3009,1516157,Sales,4.0,WFO,MGR1008,67,34,Medium,2015,11,Experienced
3138,EMP103049,2026,Microsoft,Sales Executive,Female,B.Tech,Market demand decline,Kerala,Sales,Employee_3050,694449,Finance,2.9,Hybrid,MGR1049,34,53,High,2023,3,Experienced
3139,EMP103199,2026,PayPal,MIS Executive,Female,MCA,Workforce restructuring,Tamil Nadu,Analytics,Employee_3200,539694,IT,2.2,Remote,MGR1049,22,25,Low,2016,10,Experienced
3140,EMP103247,2026,PayPal,Operations Manager,Non-binary,B.Sc,Business slowdown,Delhi,Operations,Employee_3248,1015599,Marketing,3.1,WFO,MGR1097,38,51,Medium,2024,2,Experienced
3141,EMP103282,2026,Zomato,Finance Executive,Female,CA,Cost reduction,Rajasthan,Finance,Employee_3283,1335334,Finance,3.8,Remote,MGR1132,1,54,High,2019,7,Experienced
3142,EMP103572,2026,Infosys,Digital Marketing Specialist,Female,M.Com,Project closure,Kerala,Marketing,Employee_3573,2125050,Sales,4.8,Hybrid,MGR1122,59,21,High,2024,2,Experienced
3143,EMP103604,2026,Samsung,Talent Acquisition Specialist,Male,CA,Workforce restructuring,Kerala,Human Resources,Employee_3605,693251,Support,3.6,Remote,MGR1004,64,13,Low,2020,6,Experienced
3144,EMP103628,2026,PayPal,Frontend Developer,Male,CA,Business restructuring,Karnataka,Engineering,Employee_3629,1005072,Marketing,4.0,Hybrid,MGR1028,61,57,High,2024,2,Experienced
3145,EMP103759,2026,HDFC Bank,Digital Marketing Specialist,Female,B.Sc,Performance review,Haryana,Marketing,Employee_3760,338558,Support,2.9,Remote,MGR1009,15,50,Low,2019,7,Experienced
3146,EMP103869,2026,Livspace,BI Analyst,Non-binary,MCA,Business restructuring,Uttar Pradesh,Analytics,Employee_3870,938548,Support,3.6,Hybrid,MGR1119,57,8,Low,2018,8,Experienced
3147,EMP104060,2026,Zupee,QA Engineer,Female,CA,Role redundancy,Punjab,Engineering,Employee_4061,1591814,Support,4.3,Hybrid,MGR1010,55,51,Medium,2023,3,Experienced
3148,EMP104107,2026,Freshworks,Software Engineer,Male,B.E.,Market demand decline,Karnataka,Engineering,Employee_4108,1367270,HR,4.4,WFO,MGR1057,24,27,High,2019,7,Experienced
3149,EMP104185,2026,HDFC Bank,Senior Software Engineer,Non-binary,Diploma,Financial pressure,Haryana,Engineering,Employee_4186,323599,HR,4.2,Remote,MGR1135,69,57,Low,2019,7,Experienced
3150,EMP104352,2026,Infosys,Digital Marketing Specialist,Female,MBA,Business restructuring,Rajasthan,Marketing,Employee_4353,926819,HR,3.8,WFO,MGR1002,62,36,Low,2018,8,Experienced
3151,EMP100002,2026,Amazon,Operations Executive,Non-binary,MCA,Financial pressure,Maharashtra,Operations,Employee_3,1978408,HR,4.5,WFO,MGR1002,69,37,Medium,2020,6,Experienced
3152,EMP100171,2026,Axis Bank,Accountant,Non-binary,M.Tech,Project closure,Karnataka,Finance,Employee_172,710152,Operations,2.6,Hybrid,MGR1021,36,5,High,2016,10,Experienced
3153,EMP100403,2026,TCS,Talent Acquisition Specialist,Non-binary,M.Tech,Business restructuring,Tamil Nadu,Human Resources,Employee_404,858945,IT,4.5,Remote,MGR1103,65,12,Low,2019,7,Experienced
3154,EMP100470,2026,Zupee,Digital Marketing Specialist,Non-binary,M.Com,Business restructuring,Punjab,Marketing,Employee_471,1299339,Finance,2.8,Remote,MGR1020,64,31,Medium,2017,9,Experienced
3155,EMP100584,2026,Zomato,UX Designer,Non-binary,B.Sc,Role redundancy,Gujarat,Product,Employee_585,359312,IT,3.7,Remote,MGR1134,37,13,Low,2016,10,Experienced
3156,EMP100642,2026,Axis Bank,Product Analyst,Non-binary,MCA,Financial pressure,Odisha,Product,Employee_643,1806864,Operations,4.6,WFO,MGR1042,64,50,High,2017,9,Experienced
3157,EMP100676,2026,Amazon,MIS Executive,Male,MCA,Cost reduction,Madhya Pradesh,Analytics,Employee_677,921641,Marketing,3.4,Remote,MGR1076,45,57,Low,2021,5,Experienced
3158,EMP100740,2026,Microsoft,Customer Success Executive,Female,BCA,Market demand decline,Kerala,Customer Support,Employee_741,1316710,Operations,4.8,WFO,MGR1140,21,9,High,2023,3,Experienced
3159,EMP100881,2026,Oracle,Reporting Analyst,Female,BBA,Cost reduction,Delhi,Analytics,Employee_882,1374053,Sales,2.2,Hybrid,MGR1131,19,26,Medium,2018,8,Experienced
3160,EMP100898,2026,Flipkart,Data Scientist,Non-binary,MBA,Project closure,Karnataka,Analytics,Employee_899,777387,IT,3.1,Hybrid,MGR1148,41,1,High,2022,4,Experienced
3161,EMP100905,2026,Oracle,DevOps Engineer,Male,BBA,Business slowdown,Kerala,Engineering,Employee_906,912931,Operations,4.4,WFO,MGR1005,70,40,High,2017,9,Experienced
3162,EMP100964,2026,Zomato,HR Executive,Male,B.Sc,Project closure,Rajasthan,Human Resources,Employee_965,1222673,Sales,3.1,Remote,MGR1064,23,19,Low,2024,2,Experienced
3163,EMP101047,2026,Cognizant,Facilities Executive,Non-binary,M.Com,Cost reduction,Kerala,Administration,Employee_1048,829849,HR,2.7,Remote,MGR1147,20,39,Low,2023,3,Experienced
3164,EMP101091,2026,Games24x7,Recruiter,Non-binary,BBA,Role redundancy,Telangana,Human Resources,Employee_1092,383634,HR,2.6,Remote,MGR1041,40,19,Low,2018,8,Experienced
3165,EMP101145,2026,PayPal,Product Analyst,Male,M.Com,Business restructuring,Tamil Nadu,Product,Employee_1146,765656,IT,4.7,WFO,MGR1095,61,27,Low,2024,2,Experienced
3166,EMP101161,2026,Ola Electric,Accountant,Female,MBA,Workforce restructuring,Uttar Pradesh,Finance,Employee_1162,1570792,IT,2.8,Remote,MGR1111,66,19,High,2021,5,Experienced
3167,EMP101263,2026,Games24x7,UX Designer,Female,MBA,Project closure,Delhi,Product,Employee_1264,1982314,HR,3.0,WFO,MGR1063,36,32,Low,2023,3,Experienced
3168,EMP101381,2026,Adda247,Digital Marketing Specialist,Male,M.Tech,Cost reduction,Andhra Pradesh,Marketing,Employee_1382,552053,Support,2.7,Hybrid,MGR1031,34,42,Low,2020,6,Experienced
3169,EMP101452,2026,Livspace,Operations Manager,Female,MCA,Role redundancy,Karnataka,Operations,Employee_1453,655074,Finance,4.5,WFO,MGR1102,10,26,Medium,2023,3,Experienced
3170,EMP101465,2026,TCS,Backend Developer,Male,B.Tech,Automation adoption,Rajasthan,Engineering,Employee_1466,1918413,HR,2.4,Hybrid,MGR1115,60,18,Medium,2024,2,Experienced
3171,EMP101499,2026,Games24x7,HR Executive,Male,MCA,Business restructuring,Maharashtra,Human Resources,Employee_1500,1898275,Marketing,3.7,Hybrid,MGR1149,52,30,Low,2021,5,Experienced
3172,EMP101587,2026,Microsoft,Growth Manager,Non-binary,M.Tech,Business restructuring,Tamil Nadu,Marketing,Employee_1588,2097474,HR,2.1,Remote,MGR1087,78,39,High,2017,9,Experienced
3173,EMP101667,2026,Ola Electric,Product Designer,Female,BBA,Workforce restructuring,Madhya Pradesh,Product,Employee_1668,2053367,Operations,4.0,Remote,MGR1017,26,6,High,2022,4,Experienced
3174,EMP101671,2026,Wipro,Operations Manager,Female,BBA,Business restructuring,Uttar Pradesh,Operations,Employee_1672,573603,IT,4.3,Remote,MGR1021,67,45,Low,2024,2,Experienced
3175,EMP101736,2026,Games24x7,Data Scientist,Female,Diploma,Business restructuring,Haryana,Analytics,Employee_1737,2141767,IT,3.2,Remote,MGR1086,69,21,Medium,2024,2,Experienced
3176,EMP101753,2026,Meta,Risk Analyst,Non-binary,B.E.,Automation adoption,Madhya Pradesh,Finance,Employee_1754,1133295,IT,3.6,Remote,MGR1103,59,52,Medium,2017,9,Experienced
3177,EMP101821,2026,CorroHealth,Product Designer,Male,CA,Automation adoption,Rajasthan,Product,Employee_1822,1815867,Finance,2.3,Remote,MGR1021,13,34,Low,2021,5,Experienced
3178,EMP101824,2026,Adda247,Product Manager,Male,MBA,Role redundancy,Delhi,Product,Employee_1825,318910,IT,4.7,WFO,MGR1024,58,45,Low,2021,5,Experienced
3179,EMP101833,2026,Zomato,Process Associate,Male,B.Tech,Workforce restructuring,Delhi,Operations,Employee_1834,286611,Operations,4.5,WFO,MGR1033,32,38,Medium,2018,8,Experienced
3180,EMP101858,2026,Axis Bank,Facilities Executive,Non-binary,BBA,Automation adoption,Punjab,Administration,Employee_1859,1604715,IT,4.1,Remote,MGR1058,79,4,Medium,2019,7,Experienced
3181,EMP102001,2026,HDFC Bank,Inside Sales Executive,Male,B.E.,Financial pressure,Punjab,Sales,Employee_2002,1785229,Sales,3.4,Remote,MGR1051,0,34,Medium,2015,11,Experienced
3182,EMP102002,2026,Livspace,Admin Executive,Female,B.Sc,Market demand decline,Andhra Pradesh,Administration,Employee_2003,2100557,Support,2.4,WFO,MGR1052,1,11,Low,2023,3,Experienced
3183,EMP102036,2026,Games24x7,Office Administrator,Non-binary,M.Com,Financial pressure,Rajasthan,Administration,Employee_2037,353438,Finance,4.8,Remote,MGR1086,72,37,Low,2017,9,Experienced
3184,EMP102095,2026,Paytm,Tech Lead,Non-binary,B.Sc,Business restructuring,Punjab,Engineering,Employee_2096,960498,IT,3.2,WFO,MGR1145,9,55,Medium,2023,3,Experienced
3185,EMP102100,2026,Cognizant,Business Development Executive,Female,B.Sc,Role redundancy,Karnataka,Sales,Employee_2101,1586268,Finance,2.1,Remote,MGR1000,43,52,High,2015,11,Experienced
3186,EMP102202,2026,Microsoft,Software Engineer,Non-binary,BBA,Project closure,Telangana,Engineering,Employee_2203,1388675,Support,3.4,Remote,MGR1102,57,41,Medium,2017,9,Experienced
3187,EMP102294,2026,Infosys,Sales Executive,Male,BCA,Business restructuring,Telangana,Sales,Employee_2295,845699,Sales,3.3,WFO,MGR1044,37,51,Low,2020,6,Experienced
3188,EMP102401,2026,Adda247,Operations Manager,Non-binary,MCA,Automation adoption,Odisha,Operations,Employee_2402,380331,Marketing,2.8,WFO,MGR1001,7,13,Medium,2018,8,Experienced
3189,EMP102481,2026,Cognizant,Marketing Executive,Female,MBA,Business restructuring,Telangana,Marketing,Employee_2482,1057827,Operations,4.5,Remote,MGR1081,23,20,Medium,2020,6,Experienced
3190,EMP102560,2026,CorroHealth,DevOps Engineer,Non-binary,B.Sc,Performance review,Uttar Pradesh,Engineering,Employee_2561,1352348,IT,4.3,WFO,MGR1010,16,47,Medium,2024,2,Experienced
3191,EMP102696,2026,TCS,Accountant,Non-binary,B.E.,Performance review,Tamil Nadu,Finance,Employee_2697,1795824,Sales,3.0,WFO,MGR1146,25,29,Medium,2017,9,Experienced
3192,EMP102731,2026,Krutrim,Admin Executive,Female,B.E.,Market demand decline,Karnataka,Administration,Employee_2732,1162907,Sales,4.5,Remote,MGR1031,64,36,Medium,2017,9,Experienced
3193,EMP102763,2026,CorroHealth,Operations Manager,Non-binary,MBA,Performance review,Tamil Nadu,Operations,Employee_2764,1772923,HR,2.0,Hybrid,MGR1063,29,5,Medium,2020,6,Experienced
3194,EMP102973,2026,Oracle,Customer Support Executive,Non-binary,BBA,Workforce restructuring,Madhya Pradesh,Customer Support,Employee_2974,461826,IT,3.3,WFO,MGR1123,38,49,Low,2023,3,Experienced
3195,EMP103024,2026,CorroHealth,Operations Analyst,Male,MBA,Project closure,Karnataka,Operations,Employee_3025,537029,Sales,3.7,Hybrid,MGR1024,69,30,Medium,2015,11,Experienced
3196,EMP103029,2026,Adda247,Data Scientist,Male,B.Tech,Workforce restructuring,Gujarat,Analytics,Employee_3030,1654566,Finance,3.2,Remote,MGR1029,12,3,Low,2023,3,Experienced
3197,EMP103059,2026,Cognizant,Account Manager,Non-binary,B.Sc,Business restructuring,Tamil Nadu,Sales,Employee_3060,1831692,Finance,2.9,Remote,MGR1059,52,41,Medium,2021,5,Experienced
3198,EMP103075,2026,CorroHealth,Accountant,Non-binary,Diploma,Performance review,Telangana,Finance,Employee_3076,1218744,Marketing,2.5,Remote,MGR1075,56,33,Medium,2022,4,Experienced
3199,EMP103100,2026,Adda247,QA Engineer,Non-binary,BBA,Performance review,Gujarat,Engineering,Employee_3101,1213767,Sales,2.6,Hybrid,MGR1100,26,28,Low,2020,6,Experienced
3200,EMP103177,2026,Meta,Frontend Developer,Male,CA,Automation adoption,Telangana,Engineering,Employee_3178,1153361,Operations,2.1,Hybrid,MGR1027,60,29,Low,2023,3,Experienced
3201,EMP103223,2026,Cognizant,Recruiter,Non-binary,B.E.,Automation adoption,Punjab,Human Resources,Employee_3224,760854,Operations,2.0,Hybrid,MGR1073,19,8,Low,2017,9,Experienced
3202,EMP103351,2026,Samsung,Talent Acquisition Specialist,Female,BCA,Automation adoption,Uttar Pradesh,Human Resources,Employee_3352,1981676,Support,4.3,Hybrid,MGR1051,77,24,High,2022,4,Experienced
3203,EMP103366,2026,Krutrim,Financial Analyst,Female,B.Sc,Workforce restructuring,Punjab,Finance,Employee_3367,1531280,Marketing,4.3,Remote,MGR1066,60,0,Medium,2020,6,Experienced
3204,EMP103403,2026,Samsung,Data Engineer,Female,M.Tech,Project closure,Andhra Pradesh,Engineering,Employee_3404,2072701,HR,3.5,WFO,MGR1103,47,29,Medium,2020,6,Experienced
3205,EMP103429,2026,Microsoft,Admin Executive,Male,Diploma,Automation adoption,Delhi,Administration,Employee_3430,329525,HR,4.6,WFO,MGR1129,0,41,Low,2016,10,Experienced
3206,EMP103454,2026,Zomato,Talent Acquisition Specialist,Non-binary,CA,Cost reduction,Maharashtra,Human Resources,Employee_3455,382114,HR,4.0,Hybrid,MGR1004,7,2,Medium,2019,7,Experienced
3207,EMP103487,2026,Flipkart,Office Administrator,Male,M.Com,Workforce restructuring,Madhya Pradesh,Administration,Employee_3488,973551,Sales,4.4,Hybrid,MGR1037,60,22,Medium,2024,2,Experienced
3208,EMP103589,2026,Wipro,Risk Analyst,Female,M.Tech,Market demand decline,Kerala,Finance,Employee_3590,694136,IT,3.0,WFO,MGR1139,11,58,Medium,2020,6,Experienced
3209,EMP103685,2026,Cognizant,Content Manager,Non-binary,BCA,Performance review,Uttar Pradesh,Marketing,Employee_3686,320653,Finance,2.1,Hybrid,MGR1085,62,44,Low,2016,10,Experienced
3210,EMP103726,2026,Wipro,Digital Marketing Specialist,Male,MCA,Role redundancy,West Bengal,Marketing,Employee_3727,381280,Finance,3.5,WFO,MGR1126,7,31,Low,2023,3,Experienced
3211,EMP103729,2026,PayPal,Business Development Executive,Male,B.Sc,Cost reduction,West Bengal,Sales,Employee_3730,2117760,IT,4.3,Remote,MGR1129,32,40,High,2024,2,Experienced
3212,EMP103800,2026,Flipkart,QA Engineer,Male,BBA,Market demand decline,Tamil Nadu,Engineering,Employee_3801,2199311,HR,4.4,Hybrid,MGR1050,39,51,High,2017,9,Experienced
3213,EMP103845,2026,Paytm,Finance Executive,Non-binary,BCA,Financial pressure,Delhi,Finance,Employee_3846,828138,Finance,3.9,Remote,MGR1095,63,1,Medium,2023,3,Experienced
3214,EMP103860,2026,Flipkart,Content Manager,Non-binary,BBA,Workforce restructuring,Uttar Pradesh,Marketing,Employee_3861,959792,Marketing,4.0,Hybrid,MGR1110,76,44,Low,2022,4,Experienced
3215,EMP103914,2026,HDFC Bank,HR Executive,Non-binary,B.Tech,Performance review,Rajasthan,Human Resources,Employee_3915,1872789,HR,3.3,Hybrid,MGR1014,32,1,Low,2023,3,Experienced
3216,EMP103964,2026,Adda247,Facilities Executive,Non-binary,Diploma,Automation adoption,Punjab,Human Resources,Employee_3965,660868,Sales,3.9,WFO,MGR1064,51,17,Low,2023,3,Experienced
3217,EMP103972,2026,Flipkart,Marketing Executive,Non-binary,BCA,Business slowdown,Punjab,Marketing,Employee_3973,2093068,Marketing,3.6,Remote,MGR1072,55,7,Low,2017,9,Experienced
3218,EMP104091,2026,Zupee,Sales Executive,Male,MCA,Business restructuring,Maharashtra,Sales,Employee_4092,1242357,Sales,4.4,Remote,MGR1041,2,0,Medium,2019,7,Experienced
3219,EMP104117,2026,HDFC Bank,Sales Executive,Non-binary,MBA,Market demand decline,Karnataka,Sales,Employee_4118,1356744,Operations,4.5,WFO,MGR1067,25,32,High,2024,2,Experienced
3220,EMP104118,2026,TCS,Office Administrator,Female,M.Tech,Performance review,Telangana,Administration,Employee_4119,454317,HR,2.9,Hybrid,MGR1068,50,52,High,2021,5,Experienced
3221,EMP104135,2026,Cognizant,Operations Executive,Female,M.Com,Project closure,Uttar Pradesh,Operations,Employee_4136,1774070,Finance,3.3,Hybrid,MGR1085,12,59,High,2023,3,Experienced
3222,EMP104246,2026,Livspace,Technical Support Executive,Female,Diploma,Cost reduction,Delhi,Customer Support,Employee_4247,487338,Finance,2.6,Hybrid,MGR1046,5,39,Medium,2024,2,Experienced
3223,EMP104371,2026,Krutrim,Customer Success Executive,Female,MCA,Cost reduction,Karnataka,Customer Support,Employee_4372,1603523,Finance,4.0,Hybrid,MGR1021,52,3,High,2018,8,Experienced
3224,EMP104440,2026,PayPal,HR Business Partner,Female,MBA,Performance review,Delhi,Human Resources,Employee_4441,1535670,Operations,4.7,WFO,MGR1090,14,20,Medium,2018,8,Experienced
3225,EMP104453,2026,Flipkart,Operations Manager,Male,BBA,Performance review,Odisha,Operations,Employee_4454,1365470,IT,3.2,WFO,MGR1103,60,53,Low,2015,11,Experienced
3226,EMP104478,2026,Amazon,Support Analyst,Female,B.Tech,Financial pressure,Andhra Pradesh,Customer Support,Employee_4479,1473890,Finance,2.6,Hybrid,MGR1128,12,33,High,2023,3,Experienced
3227,EMP104493,2026,Games24x7,Business Development Executive,Female,CA,Project closure,Karnataka,Sales,Employee_4494,1645862,Operations,3.2,Hybrid,MGR1143,15,59,Medium,2024,2,Experienced
3228,EMP104500,2026,Microsoft,Product Analyst,Non-binary,B.Sc,Workforce restructuring,Punjab,Product,Employee_4501,1616450,Marketing,4.3,Hybrid,MGR1000,64,0,Low,2021,5,Experienced
3229,EMP104501,2026,Games24x7,Reporting Analyst,Non-binary,M.Com,Market demand decline,Rajasthan,Analytics,Employee_4502,332793,HR,3.3,Hybrid,MGR1001,33,38,Low,2022,4,Experienced
3230,EMP100077,2026,HDFC Bank,Digital Marketing Specialist,Male,M.Tech,Cost reduction,Delhi,Marketing,Employee_78,1109711,Operations,3.4,Remote,MGR1077,36,40,High,2019,7,Experienced
3231,EMP100162,2026,Amazon,Process Associate,Male,B.Tech,Automation adoption,Gujarat,Operations,Employee_163,1523314,Sales,4.2,WFO,MGR1012,17,26,Low,2023,3,Experienced
3232,EMP100224,2026,Freshworks,Backend Developer,Male,MBA,Cost reduction,Karnataka,Engineering,Employee_225,525152,Sales,4.8,Remote,MGR1074,21,20,Low,2021,5,Experienced
3233,EMP100239,2026,Axis Bank,Technical Support Executive,Female,B.Tech,Business restructuring,Andhra Pradesh,Customer Support,Employee_240,1166751,IT,3.0,Hybrid,MGR1089,68,52,High,2018,8,Experienced
3234,EMP100306,2026,Games24x7,Operations Manager,Female,MBA,Project closure,Uttar Pradesh,Operations,Employee_307,1844926,IT,2.4,WFO,MGR1006,75,20,Low,2018,8,Experienced
3235,EMP100376,2026,HDFC Bank,Finance Executive,Male,M.Tech,Financial pressure,Gujarat,Finance,Employee_377,742780,Sales,2.6,Hybrid,MGR1076,18,49,Low,2021,5,Experienced
3236,EMP100396,2026,Visa,UX Designer,Male,B.E.,Role redundancy,Haryana,Product,Employee_397,1828392,Operations,4.4,Hybrid,MGR1096,76,45,Low,2016,10,Experienced
3237,EMP100405,2026,Ola Electric,UX Designer,Male,BBA,Project closure,Punjab,Product,Employee_406,1395398,HR,4.9,Remote,MGR1105,37,18,Medium,2018,8,Experienced
3238,EMP100461,2026,Zomato,Financial Analyst,Male,B.E.,Business slowdown,Odisha,Finance,Employee_462,1424771,Operations,3.1,WFO,MGR1011,28,51,Low,2017,9,Experienced
3239,EMP100513,2026,HDFC Bank,Data Analyst,Female,CA,Automation adoption,Karnataka,Analytics,Employee_514,700587,Support,2.7,WFO,MGR1063,8,9,High,2017,9,Experienced
3240,EMP100579,2026,Axis Bank,Marketing Executive,Female,MBA,Performance review,Rajasthan,Marketing,Employee_580,292275,Operations,3.0,Remote,MGR1129,37,46,High,2019,7,Experienced
3241,EMP100585,2026,Flipkart,Support Analyst,Male,B.Tech,Project closure,Tamil Nadu,Customer Support,Employee_586,765503,Support,4.7,Remote,MGR1135,43,51,Medium,2017,9,Experienced
3242,EMP100609,2026,Amazon,Frontend Developer,Female,B.E.,Market demand decline,Punjab,Engineering,Employee_610,920695,IT,3.2,WFO,MGR1009,27,8,Low,2018,8,Experienced
3243,EMP100619,2026,Flipkart,Product Designer,Male,B.Tech,Automation adoption,Kerala,Product,Employee_620,800471,HR,2.2,Hybrid,MGR1019,64,51,Medium,2022,4,Experienced
3244,EMP100678,2026,Zupee,Backend Developer,Male,M.Com,Financial pressure,Maharashtra,Engineering,Employee_679,1627844,Support,2.3,Hybrid,MGR1078,4,43,Low,2024,2,Experienced
3245,EMP100802,2026,Axis Bank,Support Analyst,Female,BCA,Cost reduction,Kerala,Customer Support,Employee_803,1839188,Marketing,2.3,Hybrid,MGR1052,23,39,Low,2017,9,Experienced
3246,EMP100850,2026,Visa,Technical Support Executive,Female,BCA,Market demand decline,Uttar Pradesh,Customer Support,Employee_851,834347,Sales,2.5,Remote,MGR1100,34,51,High,2020,6,Experienced
3247,EMP100875,2026,Adda247,Data Analyst,Non-binary,B.Sc,Financial pressure,Punjab,Analytics,Employee_876,313038,IT,3.5,WFO,MGR1125,26,29,Low,2018,8,Experienced
3248,EMP100888,2026,Paytm,Customer Success Executive,Male,CA,Business restructuring,Kerala,Customer Support,Employee_889,2073649,Sales,3.8,WFO,MGR1138,0,32,High,2016,10,Experienced
3249,EMP100913,2026,Zupee,Operations Analyst,Male,MCA,Financial pressure,Tamil Nadu,Operations,Employee_914,323628,Sales,3.2,Remote,MGR1013,19,42,High,2022,4,Experienced
3250,EMP100932,2026,CorroHealth,Facilities Executive,Male,M.Com,Cost reduction,Delhi,Administration,Employee_933,2172635,Finance,3.0,Hybrid,MGR1032,36,31,Medium,2018,8,Experienced
3251,EMP101005,2026,Flipkart,Data Analyst,Male,M.Tech,Financial pressure,Kerala,Analytics,Employee_1006,1916757,Finance,2.8,Hybrid,MGR1105,16,42,High,2024,2,Experienced
3252,EMP101068,2026,CorroHealth,Risk Analyst,Male,B.E.,Performance review,Tamil Nadu,Finance,Employee_1069,1327699,Sales,3.8,WFO,MGR1018,5,45,Low,2020,6,Experienced
3253,EMP101155,2026,CorroHealth,Accountant,Non-binary,Diploma,Cost reduction,Rajasthan,Finance,Employee_1156,979556,IT,2.5,WFO,MGR1105,74,54,Medium,2016,10,Experienced
3254,EMP101204,2026,Games24x7,Tech Lead,Non-binary,BBA,Automation adoption,Madhya Pradesh,Engineering,Employee_1205,1053532,Support,3.7,WFO,MGR1004,0,20,High,2016,10,Experienced
3255,EMP101319,2026,Adda247,Technical Support Executive,Non-binary,M.Com,Automation adoption,Delhi,Customer Support,Employee_1320,270215,HR,4.6,Remote,MGR1119,67,48,Medium,2021,5,Experienced
3256,EMP101366,2026,HDFC Bank,Software Engineer,Non-binary,MCA,Project closure,Karnataka,Engineering,Employee_1367,1510535,Finance,2.4,Remote,MGR1016,44,40,Medium,2017,9,Experienced
3257,EMP101367,2026,Infosys,Inside Sales Executive,Female,CA,Cost reduction,Telangana,Sales,Employee_1368,335803,IT,2.5,Remote,MGR1017,50,50,Low,2017,9,Experienced
3258,EMP101377,2026,Adda247,Marketing Executive,Female,B.E.,Market demand decline,Punjab,Marketing,Employee_1378,1532144,IT,2.6,WFO,MGR1027,30,13,Low,2017,9,Experienced
3259,EMP101443,2026,Oracle,Office Administrator,Non-binary,B.Tech,Project closure,Kerala,Administration,Employee_1444,2071249,HR,4.2,Hybrid,MGR1093,48,31,Low,2019,7,Experienced
3260,EMP101461,2026,Infosys,Financial Analyst,Non-binary,MCA,Business slowdown,Odisha,Finance,Employee_1462,971583,Support,4.9,Hybrid,MGR1111,37,18,High,2024,2,Experienced
3261,EMP101485,2026,Cognizant,UX Designer,Female,M.Com,Project closure,Kerala,Product,Employee_1486,1847243,HR,2.1,WFO,MGR1135,71,7,High,2019,7,Experienced
3262,EMP101539,2026,Infosys,Operations Analyst,Female,B.Sc,Market demand decline,Karnataka,Operations,Employee_1540,975185,Finance,4.5,Hybrid,MGR1039,24,20,Low,2018,8,Experienced
3263,EMP101555,2026,Oracle,Recruiter,Non-binary,Diploma,Performance review,Punjab,Human Resources,Employee_1556,2014187,Operations,3.2,WFO,MGR1055,14,59,High,2019,7,Experienced
3264,EMP101566,2026,Axis Bank,Sales Executive,Male,MCA,Cost reduction,Telangana,Sales,Employee_1567,566477,Marketing,3.1,Hybrid,MGR1066,79,13,Medium,2018,8,Experienced
3265,EMP101582,2026,Freshworks,Accountant,Non-binary,Diploma,Project closure,Uttar Pradesh,Finance,Employee_1583,1410929,Marketing,4.4,Remote,MGR1082,20,27,Low,2022,4,Experienced
3266,EMP101662,2026,Samsung,HR Executive,Male,MCA,Project closure,Andhra Pradesh,Human Resources,Employee_1663,604866,Marketing,4.1,Hybrid,MGR1012,38,19,Medium,2023,3,Experienced
3267,EMP101784,2026,Livspace,Office Administrator,Male,B.E.,Workforce restructuring,Punjab,Administration,Employee_1785,1475729,HR,2.1,WFO,MGR1134,71,47,Medium,2015,11,Experienced
3268,EMP101942,2026,Freshworks,BI Analyst,Male,BBA,Workforce restructuring,Delhi,Analytics,Employee_1943,1150570,Finance,2.5,Remote,MGR1142,30,0,Medium,2024,2,Experienced
3269,EMP101967,2026,Axis Bank,Digital Marketing Specialist,Female,B.E.,Cost reduction,Uttar Pradesh,Marketing,Employee_1968,292212,Support,2.4,Hybrid,MGR1017,43,17,Medium,2015,11,Experienced
3270,EMP101987,2026,Samsung,Process Associate,Non-binary,Diploma,Business restructuring,Rajasthan,Operations,Employee_1988,1667680,Marketing,2.2,WFO,MGR1037,54,21,Medium,2020,6,Experienced
3271,EMP102039,2026,Visa,Operations Executive,Non-binary,M.Com,Automation adoption,Haryana,Operations,Employee_2040,773075,Operations,2.1,Remote,MGR1089,48,58,Low,2019,7,Experienced
3272,EMP102160,2026,Infosys,Sales Manager,Non-binary,MBA,Financial pressure,Haryana,Sales,Employee_2161,744531,Support,2.5,Hybrid,MGR1060,38,42,Medium,2016,10,Experienced
3273,EMP102215,2026,Microsoft,Marketing Executive,Female,MCA,Cost reduction,Madhya Pradesh,Marketing,Employee_2216,2123258,Marketing,2.8,Remote,MGR1115,42,14,Low,2017,9,Experienced
3274,EMP102247,2026,Cognizant,Product Designer,Non-binary,M.Tech,Cost reduction,Madhya Pradesh,Product,Employee_2248,575614,Marketing,2.3,Hybrid,MGR1147,45,54,Low,2020,6,Experienced
3275,EMP102280,2026,Games24x7,Office Administrator,Non-binary,B.Tech,Financial pressure,Kerala,Administration,Employee_2281,1399386,Operations,2.5,Hybrid,MGR1030,58,15,Medium,2015,11,Experienced
3276,EMP102320,2026,Infosys,Facilities Executive,Female,MCA,Cost reduction,Gujarat,Administration,Employee_2321,569620,HR,4.8,Hybrid,MGR1070,39,51,Medium,2024,2,Experienced
3277,EMP102328,2026,TCS,Admin Executive,Male,M.Tech,Automation adoption,Maharashtra,Administration,Employee_2329,1768160,Sales,4.7,Remote,MGR1078,35,50,Low,2024,2,Experienced
3278,EMP102413,2026,Amazon,Operations Manager,Non-binary,M.Tech,Workforce restructuring,Maharashtra,Operations,Employee_2414,1535149,Finance,2.8,Remote,MGR1013,31,40,High,2020,6,Experienced
3279,EMP102417,2026,Visa,Customer Success Executive,Male,CA,Role redundancy,Uttar Pradesh,Customer Support,Employee_2418,1796929,Operations,3.7,WFO,MGR1017,59,6,Low,2018,8,Experienced
3280,EMP102646,2026,Samsung,Reporting Analyst,Non-binary,B.Sc,Business restructuring,Rajasthan,Analytics,Employee_2647,314999,Sales,2.3,Hybrid,MGR1096,25,20,Low,2023,3,Experienced
3281,EMP102663,2026,Infosys,Data Engineer,Male,M.Com,Financial pressure,Rajasthan,Engineering,Employee_2664,633688,Operations,3.6,Hybrid,MGR1113,17,3,High,2020,6,Experienced
3282,EMP102680,2026,Wipro,Data Analyst,Female,B.Tech,Role redundancy,Karnataka,Analytics,Employee_2681,301442,Sales,2.8,Remote,MGR1130,12,33,Low,2019,7,Experienced
3283,EMP102685,2026,Oracle,Finance Executive,Female,BBA,Project closure,Madhya Pradesh,Finance,Employee_2686,947755,Support,4.5,WFO,MGR1135,78,9,High,2023,3,Experienced
3284,EMP102769,2026,Paytm,MIS Executive,Non-binary,MCA,Business restructuring,Maharashtra,Analytics,Employee_2770,1131653,Marketing,4.2,Hybrid,MGR1069,21,45,Low,2023,3,Experienced
3285,EMP102872,2026,Cognizant,Marketing Executive,Female,M.Tech,Cost reduction,Maharashtra,Marketing,Employee_2873,307318,IT,2.5,WFO,MGR1022,3,28,Medium,2018,8,Experienced
3286,EMP102915,2026,Oracle,Customer Success Executive,Non-binary,M.Tech,Business slowdown,West Bengal,Customer Support,Employee_2916,690085,IT,3.8,WFO,MGR1065,19,8,Medium,2023,3,Experienced
3287,EMP102930,2026,Ola Electric,Data Scientist,Male,BCA,Role redundancy,Andhra Pradesh,Analytics,Employee_2931,1946029,Marketing,2.7,WFO,MGR1080,22,38,Low,2019,7,Experienced
3288,EMP103012,2026,Games24x7,Operations Manager,Non-binary,CA,Cost reduction,Karnataka,Operations,Employee_3013,1659447,Sales,4.7,Hybrid,MGR1012,32,36,Low,2022,4,Experienced
3289,EMP103047,2026,HDFC Bank,Recruiter,Non-binary,Diploma,Role redundancy,Karnataka,Human Resources,Employee_3048,1693457,Sales,2.2,Remote,MGR1047,59,57,Low,2018,8,Experienced
3290,EMP103068,2026,Infosys,Growth Manager,Non-binary,M.Tech,Project closure,Andhra Pradesh,Marketing,Employee_3069,706824,HR,4.3,Remote,MGR1068,21,7,High,2016,10,Experienced
3291,EMP103326,2026,PayPal,UX Designer,Female,B.Tech,Business restructuring,Delhi,Product,Employee_3327,1360233,Finance,4.0,WFO,MGR1026,77,33,Low,2017,9,Experienced
3292,EMP103333,2026,Krutrim,Operations Executive,Non-binary,B.Tech,Performance review,West Bengal,Operations,Employee_3334,923397,Finance,2.9,Hybrid,MGR1033,61,39,Medium,2023,3,Experienced
3293,EMP103335,2026,Infosys,Account Manager,Non-binary,Diploma,Market demand decline,Haryana,Sales,Employee_3336,1784358,IT,4.7,Remote,MGR1035,75,15,Low,2016,10,Experienced
3294,EMP103353,2026,Meta,Reporting Analyst,Female,B.Sc,Business restructuring,Kerala,Analytics,Employee_3354,288426,HR,2.7,Remote,MGR1053,11,4,Medium,2018,8,Experienced
3295,EMP103365,2026,Microsoft,Software Engineer,Non-binary,B.Sc,Cost reduction,Telangana,Engineering,Employee_3366,2066262,HR,4.4,Hybrid,MGR1065,35,6,Low,2024,2,Experienced
3296,EMP103521,2026,PayPal,HR Executive,Non-binary,BBA,Business slowdown,Andhra Pradesh,Human Resources,Employee_3522,364877,HR,4.6,Remote,MGR1071,57,47,Medium,2015,11,Experienced
3297,EMP103621,2026,Livspace,Marketing Executive,Non-binary,CA,Cost reduction,West Bengal,Marketing,Employee_3622,2182197,HR,4.3,Remote,MGR1021,27,1,High,2016,10,Experienced
3298,EMP103762,2026,Microsoft,Content Manager,Non-binary,M.Com,Workforce restructuring,Uttar Pradesh,Marketing,Employee_3763,1061193,Sales,3.1,WFO,MGR1012,47,10,High,2017,9,Experienced
3299,EMP103772,2026,Wipro,DevOps Engineer,Female,B.E.,Automation adoption,Madhya Pradesh,Engineering,Employee_3773,438817,Operations,2.1,WFO,MGR1022,68,7,High,2016,10,Experienced
3300,EMP103811,2026,Samsung,Support Analyst,Non-binary,MBA,Workforce restructuring,Madhya Pradesh,Customer Support,Employee_3812,1053224,Operations,4.3,WFO,MGR1061,50,3,High,2022,4,Experienced
3301,EMP103819,2026,Livspace,Product Designer,Female,MCA,Performance review,Kerala,Product,Employee_3820,1779677,HR,2.9,Remote,MGR1069,70,54,Low,2020,6,Experienced
3302,EMP103870,2026,CorroHealth,Operations Analyst,Non-binary,BCA,Project closure,Karnataka,Operations,Employee_3871,476554,IT,2.0,WFO,MGR1120,48,59,Low,2017,9,Experienced
3303,EMP103899,2026,CorroHealth,Operations Executive,Male,M.Tech,Project closure,Maharashtra,Operations,Employee_3900,1535522,IT,5.0,Hybrid,MGR1149,8,9,Low,2021,5,Experienced
3304,EMP103961,2026,Amazon,Financial Analyst,Male,B.Tech,Market demand decline,Madhya Pradesh,Finance,Employee_3962,1568446,HR,4.7,Remote,MGR1061,3,28,High,2017,9,Experienced
3305,EMP104024,2026,Wipro,Business Analyst,Non-binary,B.E.,Automation adoption,Andhra Pradesh,Analytics,Employee_4025,1858499,IT,2.2,WFO,MGR1124,15,3,Medium,2023,3,Experienced
3306,EMP104038,2026,Visa,Tech Lead,Female,Diploma,Business slowdown,West Bengal,Engineering,Employee_4039,278641,Marketing,2.0,Remote,MGR1138,1,14,Medium,2018,8,Experienced
3307,EMP104053,2026,Infosys,Growth Manager,Non-binary,M.Tech,Project closure,Andhra Pradesh,Marketing,Employee_4054,442947,Sales,2.7,Remote,MGR1003,48,24,Low,2015,11,Experienced
3308,EMP104072,2026,Livspace,HR Business Partner,Non-binary,B.Sc,Business slowdown,West Bengal,Human Resources,Employee_4073,1864836,IT,3.0,WFO,MGR1022,60,8,Low,2021,5,Experienced
3309,EMP104237,2026,Freshworks,HR Executive,Female,BCA,Financial pressure,Telangana,Human Resources,Employee_4238,1706973,Operations,2.7,Hybrid,MGR1037,77,29,High,2021,5,Experienced
3310,EMP104301,2026,Visa,Accountant,Female,BBA,Business slowdown,Tamil Nadu,Finance,Employee_4302,1611797,Finance,2.1,Hybrid,MGR1101,15,54,High,2018,8,Experienced
3311,EMP104348,2026,Samsung,Sales Executive,Male,M.Tech,Business restructuring,Karnataka,Sales,Employee_4349,1798385,IT,3.0,Hybrid,MGR1148,65,50,Low,2022,4,Experienced
3312,EMP104409,2026,Axis Bank,Product Manager,Male,MBA,Project closure,Uttar Pradesh,Product,Employee_4410,1411992,Operations,2.1,Remote,MGR1059,7,49,Low,2017,9,Experienced
3313,EMP104425,2026,PayPal,Content Manager,Non-binary,MBA,Role redundancy,Karnataka,Marketing,Employee_4426,543362,Finance,4.3,Hybrid,MGR1075,5,19,High,2021,5,Experienced
3314,EMP104441,2026,Axis Bank,Growth Manager,Non-binary,MCA,Financial pressure,Punjab,Marketing,Employee_4442,1247351,Support,2.6,Remote,MGR1091,43,13,Medium,2020,6,Experienced
3315,EMP104479,2026,Wipro,Reporting Analyst,Male,M.Com,Cost reduction,West Bengal,Analytics,Employee_4480,1111223,Sales,2.9,WFO,MGR1129,50,25,High,2017,9,Experienced
3316,EMP100011,2026,CorroHealth,HR Business Partner,Non-binary,Diploma,Business restructuring,Madhya Pradesh,Human Resources,Employee_12,704584,HR,3.0,Hybrid,MGR1011,20,7,Low,2018,8,Experienced
3317,EMP100013,2026,Freshworks,Content Manager,Non-binary,MBA,Automation adoption,Andhra Pradesh,Marketing,Employee_14,1367953,IT,2.8,WFO,MGR1013,33,24,High,2020,6,Experienced
3318,EMP100024,2026,Axis Bank,Finance Executive,Female,B.Sc,Project closure,Haryana,Finance,Employee_25,1587286,HR,4.3,Hybrid,MGR1024,36,43,Medium,2021,5,Experienced
3319,EMP100035,2026,Games24x7,Admin Executive,Female,M.Tech,Performance review,Gujarat,Administration,Employee_36,376205,HR,3.1,Remote,MGR1035,49,24,High,2022,4,Experienced
3320,EMP100175,2026,Krutrim,UX Designer,Non-binary,B.Sc,Cost reduction,Uttar Pradesh,Product,Employee_176,1125298,Operations,3.2,Remote,MGR1025,20,58,Low,2022,4,Experienced
3321,EMP100178,2026,PayPal,Frontend Developer,Female,BBA,Cost reduction,Gujarat,Engineering,Employee_179,600337,IT,3.0,Remote,MGR1028,12,40,Medium,2021,5,Experienced
3322,EMP100219,2026,Ola Electric,Frontend Developer,Male,B.Sc,Project closure,Rajasthan,Engineering,Employee_220,522513,Marketing,3.5,Remote,MGR1069,72,38,Low,2016,10,Experienced
3323,EMP100248,2026,Axis Bank,Data Scientist,Female,B.E.,Financial pressure,Delhi,Analytics,Employee_249,494008,HR,4.4,WFO,MGR1098,65,15,Low,2024,2,Experienced
3324,EMP100258,2026,Amazon,Content Manager,Female,MBA,Performance review,Kerala,Marketing,Employee_259,1291532,HR,4.4,Hybrid,MGR1108,7,32,High,2022,4,Experienced
3325,EMP100290,2026,CorroHealth,Talent Acquisition Specialist,Female,CA,Cost reduction,Uttar Pradesh,Human Resources,Employee_291,1040808,Sales,3.4,Remote,MGR1140,29,22,Medium,2021,5,Experienced
3326,EMP100337,2026,PayPal,Business Analyst,Non-binary,BBA,Project closure,Maharashtra,Analytics,Employee_338,417588,HR,2.3,WFO,MGR1037,30,3,Medium,2020,6,Experienced
3327,EMP100362,2026,PayPal,Support Analyst,Non-binary,MBA,Automation adoption,Delhi,Customer Support,Employee_363,2009673,Support,2.7,Remote,MGR1062,43,6,Medium,2021,5,Experienced
3328,EMP100398,2026,Microsoft,Office Administrator,Female,MBA,Market demand decline,Odisha,Administration,Employee_399,1684847,Marketing,4.3,Hybrid,MGR1098,72,20,Low,2016,10,Experienced
3329,EMP100424,2026,HDFC Bank,Support Analyst,Male,M.Tech,Automation adoption,Gujarat,Customer Support,Employee_425,984686,HR,2.4,Hybrid,MGR1124,53,15,Medium,2019,7,Experienced
3330,EMP100455,2026,Cognizant,Recruiter,Female,M.Com,Financial pressure,Haryana,Human Resources,Employee_456,258508,IT,3.0,WFO,MGR1005,64,37,Medium,2022,4,Experienced
3331,EMP100459,2026,Microsoft,Software Developer,Male,MBA,Project closure,Uttar Pradesh,Engineering,Employee_460,995245,Finance,2.4,Hybrid,MGR1009,32,32,High,2019,7,Experienced
3332,EMP100484,2026,CorroHealth,Senior Software Engineer,Male,B.Tech,Cost reduction,Odisha,Engineering,Employee_485,533451,Marketing,4.5,Remote,MGR1034,1,47,Low,2020,6,Experienced
3333,EMP100505,2026,Livspace,Content Manager,Male,CA,Financial pressure,Tamil Nadu,Marketing,Employee_506,341774,IT,4.8,Remote,MGR1055,17,14,Low,2021,5,Experienced
3334,EMP100511,2026,Livspace,DevOps Engineer,Non-binary,M.Tech,Cost reduction,Tamil Nadu,Engineering,Employee_512,433937,IT,2.6,Remote,MGR1061,60,12,Medium,2017,9,Experienced
3335,EMP100524,2026,Zupee,Facilities Executive,Female,B.Tech,Financial pressure,Madhya Pradesh,Administration,Employee_525,600106,HR,5.0,WFO,MGR1074,50,24,Medium,2017,9,Experienced
3336,EMP100535,2026,CorroHealth,Senior Software Engineer,Female,MCA,Project closure,Haryana,Engineering,Employee_536,1486239,Finance,2.6,Hybrid,MGR1085,25,37,Medium,2024,2,Experienced
3337,EMP100704,2026,Zomato,Sales Manager,Male,MBA,Automation adoption,Kerala,Sales,Employee_705,816739,Marketing,3.4,WFO,MGR1104,64,36,Low,2021,5,Experienced
3338,EMP100862,2026,Cognizant,HR Business Partner,Male,M.Com,Role redundancy,Andhra Pradesh,Human Resources,Employee_863,1964632,HR,4.8,Hybrid,MGR1112,27,17,Medium,2023,3,Experienced
3339,EMP100938,2026,Infosys,Content Manager,Non-binary,BBA,Automation adoption,West Bengal,Marketing,Employee_939,1811651,Sales,3.6,Remote,MGR1038,59,41,Low,2018,8,Experienced
3340,EMP100960,2026,Infosys,DevOps Engineer,Non-binary,MCA,Market demand decline,Tamil Nadu,Engineering,Employee_961,797323,Finance,3.8,Remote,MGR1060,0,31,Medium,2023,3,Experienced
3341,EMP100975,2026,Infosys,Operations Manager,Non-binary,B.E.,Automation adoption,Andhra Pradesh,Operations,Employee_976,1824267,HR,3.7,Hybrid,MGR1075,1,48,Medium,2021,5,Experienced
3342,EMP101002,2026,Visa,Operations Analyst,Non-binary,M.Com,Market demand decline,Punjab,Operations,Employee_1003,1428699,Support,3.5,WFO,MGR1102,39,36,Low,2015,11,Experienced
3343,EMP101017,2026,Livspace,BI Analyst,Non-binary,BCA,Cost reduction,Punjab,Analytics,Employee_1018,1950501,HR,4.0,WFO,MGR1117,47,11,High,2017,9,Experienced
3344,EMP101022,2026,Amazon,Support Analyst,Non-binary,B.E.,Business restructuring,Telangana,Customer Support,Employee_1023,2191633,Sales,3.9,Hybrid,MGR1122,45,20,Low,2021,5,Experienced
3345,EMP101048,2026,TCS,Software Developer,Non-binary,B.E.,Market demand decline,Maharashtra,Engineering,Employee_1049,1651004,Marketing,3.7,WFO,MGR1148,79,45,Low,2021,5,Experienced
3346,EMP101050,2026,Krutrim,Digital Marketing Specialist,Female,CA,Business restructuring,Tamil Nadu,Marketing,Employee_1051,2087332,HR,2.6,Remote,MGR1000,22,19,Medium,2015,11,Experienced
3347,EMP101064,2026,Microsoft,Talent Acquisition Specialist,Male,Diploma,Business slowdown,Maharashtra,Human Resources,Employee_1065,751501,Sales,2.3,Hybrid,MGR1014,43,21,Medium,2024,2,Experienced
3348,EMP101115,2026,Zomato,Frontend Developer,Non-binary,B.Tech,Cost reduction,Maharashtra,Engineering,Employee_1116,2051872,Sales,2.2,Hybrid,MGR1065,37,55,High,2016,10,Experienced
3349,EMP101201,2026,Microsoft,Risk Analyst,Non-binary,MCA,Cost reduction,Odisha,Finance,Employee_1202,272719,IT,3.9,WFO,MGR1001,25,10,Medium,2015,11,Experienced
3350,EMP101209,2026,Cognizant,Facilities Executive,Male,B.Tech,Automation adoption,Tamil Nadu,Administration,Employee_1210,795189,IT,4.5,Hybrid,MGR1009,36,53,Medium,2015,11,Experienced
3351,EMP101257,2026,Games24x7,Recruiter,Male,B.Tech,Business slowdown,West Bengal,Human Resources,Employee_1258,353333,HR,3.6,WFO,MGR1057,54,59,Low,2022,4,Experienced
3352,EMP101264,2026,Cognizant,Frontend Developer,Male,Diploma,Role redundancy,Uttar Pradesh,Engineering,Employee_1265,1651192,IT,2.4,Remote,MGR1064,48,0,Medium,2016,10,Experienced
3353,EMP101304,2026,Zomato,Marketing Executive,Non-binary,MBA,Automation adoption,Karnataka,Marketing,Employee_1305,408831,IT,4.1,Remote,MGR1104,19,55,Low,2015,11,Experienced
3354,EMP101356,2026,Zupee,Product Analyst,Female,B.Sc,Project closure,Odisha,Product,Employee_1357,266039,Finance,4.3,WFO,MGR1006,25,17,Medium,2015,11,Experienced
3355,EMP101450,2026,Adda247,Accountant,Female,M.Tech,Business restructuring,Karnataka,Finance,Employee_1451,1207622,Support,4.6,WFO,MGR1100,61,59,High,2016,10,Experienced
3356,EMP101476,2026,TCS,Inside Sales Executive,Non-binary,M.Com,Performance review,Tamil Nadu,Sales,Employee_1477,1242390,Operations,4.9,Hybrid,MGR1126,23,22,High,2022,4,Experienced
3357,EMP101578,2026,Flipkart,Admin Executive,Male,M.Tech,Automation adoption,Rajasthan,Administration,Employee_1579,821197,Operations,4.6,Hybrid,MGR1078,14,0,Low,2019,7,Experienced
3358,EMP101636,2026,Infosys,Digital Marketing Specialist,Non-binary,Diploma,Workforce restructuring,Punjab,Marketing,Employee_1637,1459427,HR,4.0,WFO,MGR1136,31,18,Medium,2018,8,Experienced
3359,EMP101692,2026,Ola Electric,Risk Analyst,Male,M.Tech,Business slowdown,Haryana,Finance,Employee_1693,1997372,Finance,4.0,Hybrid,MGR1042,69,46,Low,2017,9,Experienced
3360,EMP101702,2026,Microsoft,Business Analyst,Non-binary,BCA,Market demand decline,Madhya Pradesh,Analytics,Employee_1703,825525,HR,4.7,Hybrid,MGR1052,56,11,Medium,2022,4,Experienced
3361,EMP101749,2026,CorroHealth,Growth Manager,Male,B.Sc,Market demand decline,Madhya Pradesh,Marketing,Employee_1750,1157793,IT,4.3,WFO,MGR1099,33,54,Low,2024,2,Experienced
3362,EMP101806,2026,Cognizant,Talent Acquisition Specialist,Non-binary,B.Sc,Market demand decline,Odisha,Human Resources,Employee_1807,775197,Marketing,2.8,WFO,MGR1006,18,36,High,2019,7,Experienced
3363,EMP101923,2026,Games24x7,UX Designer,Non-binary,B.Tech,Business restructuring,Karnataka,Product,Employee_1924,318927,Sales,3.0,Hybrid,MGR1123,49,11,Low,2015,11,Experienced
3364,EMP102000,2026,Zupee,Operations Manager,Non-binary,BCA,Financial pressure,Delhi,Operations,Employee_2001,1402743,IT,2.2,Remote,MGR1050,59,35,Low,2016,10,Experienced
3365,EMP102132,2026,Ola Electric,Operations Analyst,Female,BBA,Project closure,Uttar Pradesh,Operations,Employee_2133,794886,Finance,3.4,Remote,MGR1032,58,49,Medium,2015,11,Experienced
3366,EMP102139,2026,HDFC Bank,Customer Success Executive,Non-binary,CA,Workforce restructuring,Madhya Pradesh,Customer Support,Employee_2140,1704626,HR,3.0,Hybrid,MGR1039,59,54,Low,2018,8,Experienced
3367,EMP102264,2026,Axis Bank,Content Manager,Female,CA,Market demand decline,Rajasthan,Marketing,Employee_2265,547732,Operations,3.4,WFO,MGR1014,18,54,Low,2015,11,Experienced
3368,EMP102283,2026,TCS,Support Analyst,Non-binary,M.Com,Performance review,Gujarat,Customer Support,Employee_2284,1245000,Sales,4.0,Hybrid,MGR1033,26,45,High,2016,10,Experienced
3369,EMP102394,2026,Samsung,Operations Executive,Female,BBA,Role redundancy,Tamil Nadu,Operations,Employee_2395,1176273,Finance,4.2,Hybrid,MGR1144,0,12,High,2021,5,Experienced
3370,EMP102458,2026,Oracle,Recruiter,Female,B.Tech,Automation adoption,Andhra Pradesh,Human Resources,Employee_2459,1344331,Finance,3.5,Remote,MGR1058,18,3,Medium,2019,7,Experienced
3371,EMP102504,2026,Cognizant,Customer Success Executive,Non-binary,B.E.,Workforce restructuring,Rajasthan,Customer Support,Employee_2505,2152681,Support,3.5,Hybrid,MGR1104,43,51,Medium,2019,7,Experienced
3372,EMP102534,2026,Livspace,Admin Executive,Non-binary,B.Tech,Business slowdown,Haryana,Administration,Employee_2535,681116,IT,2.3,WFO,MGR1134,44,52,High,2024,2,Experienced
3373,EMP102556,2026,Flipkart,Marketing Executive,Male,MBA,Performance review,Tamil Nadu,Marketing,Employee_2557,300019,Marketing,2.9,Remote,MGR1006,17,33,Low,2022,4,Experienced
3374,EMP102571,2026,Ola Electric,Software Engineer,Female,B.E.,Financial pressure,Gujarat,Engineering,Employee_2572,638540,Marketing,4.1,Hybrid,MGR1021,61,35,High,2020,6,Experienced
3375,EMP102600,2026,Amazon,Sales Manager,Female,B.Sc,Performance review,Karnataka,Sales,Employee_2601,2033677,Operations,2.1,WFO,MGR1050,26,0,Medium,2019,7,Experienced
3376,EMP102622,2026,Ola Electric,Facilities Executive,Non-binary,Diploma,Role redundancy,Maharashtra,Administration,Employee_2623,1920581,Operations,4.3,WFO,MGR1072,19,30,High,2022,4,Experienced
3377,EMP102630,2026,Livspace,Sales Manager,Male,MCA,Automation adoption,Delhi,Sales,Employee_2631,1296158,HR,3.0,WFO,MGR1080,5,38,High,2019,7,Experienced
3378,EMP102702,2026,Games24x7,MIS Executive,Non-binary,BBA,Business restructuring,Madhya Pradesh,Analytics,Employee_2703,810104,Support,4.3,Remote,MGR1002,2,25,High,2016,10,Experienced
3379,EMP102715,2026,Flipkart,Reporting Analyst,Male,CA,Performance review,Maharashtra,Analytics,Employee_2716,1204797,Support,4.9,Remote,MGR1015,67,9,Medium,2024,2,Experienced
3380,EMP102746,2026,Paytm,MIS Executive,Female,MCA,Performance review,Andhra Pradesh,Analytics,Employee_2747,842231,Finance,3.5,Remote,MGR1046,34,28,Low,2015,11,Experienced
3381,EMP102851,2026,Adda247,Reporting Analyst,Female,BBA,Cost reduction,Rajasthan,Analytics,Employee_2852,1270805,Sales,3.7,Hybrid,MGR1001,46,57,Low,2017,9,Experienced
3382,EMP102857,2026,Games24x7,Recruiter,Male,B.Tech,Business slowdown,West Bengal,Human Resources,Employee_2858,1778643,Sales,2.6,WFO,MGR1007,36,43,Medium,2024,2,Experienced
3383,EMP102879,2026,Krutrim,Customer Success Executive,Male,BCA,Financial pressure,Punjab,Customer Support,Employee_2880,1969256,Marketing,2.8,WFO,MGR1029,12,9,Medium,2018,8,Experienced
3384,EMP102914,2026,Adda247,Business Analyst,Non-binary,M.Com,Market demand decline,Andhra Pradesh,Analytics,Employee_2915,2042191,Finance,2.2,Remote,MGR1064,49,20,Low,2015,11,Experienced
3385,EMP102916,2026,Microsoft,Operations Executive,Non-binary,B.E.,Role redundancy,Telangana,Operations,Employee_2917,1340012,Finance,4.0,WFO,MGR1066,45,38,Low,2016,10,Experienced
3386,EMP102927,2026,Krutrim,Content Manager,Male,CA,Automation adoption,Telangana,Marketing,Employee_2928,1245520,Sales,2.5,Hybrid,MGR1077,57,10,Low,2021,5,Experienced
3387,EMP102928,2026,Freshworks,Facilities Executive,Male,M.Tech,Financial pressure,Maharashtra,Administration,Employee_2929,1238297,Operations,4.2,Remote,MGR1078,20,26,Low,2020,6,Experienced
3388,EMP102932,2026,Axis Bank,Admin Executive,Non-binary,B.Tech,Role redundancy,Haryana,Administration,Employee_2933,1897364,Operations,4.6,Hybrid,MGR1082,32,49,Medium,2020,6,Experienced
3389,EMP102936,2026,Krutrim,Sales Manager,Female,Diploma,Project closure,Haryana,Sales,Employee_2937,413524,Operations,2.8,WFO,MGR1086,28,30,Low,2015,11,Experienced
3390,EMP102939,2026,Ola Electric,Marketing Executive,Male,MCA,Automation adoption,Punjab,Marketing,Employee_2940,2180299,Marketing,4.2,Hybrid,MGR1089,40,10,Medium,2024,2,Experienced
3391,EMP102976,2026,Zomato,Reporting Analyst,Female,M.Com,Business slowdown,Punjab,Analytics,Employee_2977,325913,Sales,2.6,Remote,MGR1126,22,8,Low,2024,2,Experienced
3392,EMP102989,2026,Paytm,HR Executive,Male,CA,Business restructuring,Haryana,Human Resources,Employee_2990,1176061,Operations,4.7,WFO,MGR1139,21,29,High,2021,5,Experienced
3393,EMP103071,2026,Adda247,Operations Manager,Non-binary,BBA,Financial pressure,Andhra Pradesh,Operations,Employee_3072,721777,IT,3.3,Hybrid,MGR1071,0,1,High,2019,7,Experienced
3394,EMP103106,2026,Flipkart,Operations Analyst,Non-binary,BCA,Workforce restructuring,Maharashtra,Operations,Employee_3107,889254,IT,2.8,Remote,MGR1106,51,18,High,2020,6,Experienced
3395,EMP103155,2026,Infosys,Reporting Analyst,Female,Diploma,Workforce restructuring,Telangana,Analytics,Employee_3156,2112356,Operations,3.6,Hybrid,MGR1005,6,57,Medium,2017,9,Experienced
3396,EMP103253,2026,Livspace,Product Manager,Non-binary,M.Tech,Market demand decline,West Bengal,Product,Employee_3254,1242187,Operations,4.6,Hybrid,MGR1103,14,55,Low,2023,3,Experienced
3397,EMP103285,2026,Flipkart,HR Executive,Male,Diploma,Performance review,West Bengal,Human Resources,Employee_3286,1960164,Finance,2.1,Remote,MGR1135,31,9,Medium,2015,11,Experienced
3398,EMP103393,2026,Paytm,HR Business Partner,Non-binary,B.Sc,Market demand decline,Karnataka,Human Resources,Employee_3394,2127692,Sales,4.8,Hybrid,MGR1093,65,2,Medium,2024,2,Experienced
3399,EMP103465,2026,TCS,Support Analyst,Male,BCA,Project closure,Delhi,Customer Support,Employee_3466,296440,Sales,4.8,Remote,MGR1015,7,30,Medium,2021,5,Experienced
3400,EMP103491,2026,Livspace,HR Business Partner,Female,B.E.,Role redundancy,Punjab,Human Resources,Employee_3492,938743,Marketing,3.8,Remote,MGR1041,16,17,Medium,2017,9,Experienced
3401,EMP103509,2026,TCS,Software Developer,Male,MBA,Financial pressure,Odisha,Engineering,Employee_3510,431386,Marketing,3.2,Hybrid,MGR1059,66,17,High,2021,5,Experienced
3402,EMP103524,2026,Flipkart,Product Designer,Female,BCA,Financial pressure,West Bengal,Product,Employee_3525,1639536,Sales,2.6,Hybrid,MGR1074,41,53,High,2022,4,Experienced
3403,EMP103702,2026,Freshworks,Product Manager,Female,Diploma,Cost reduction,Madhya Pradesh,Product,Employee_3703,1001326,HR,4.5,WFO,MGR1102,68,57,Low,2022,4,Experienced
3404,EMP103722,2026,Visa,Admin Executive,Non-binary,Diploma,Business restructuring,Uttar Pradesh,Administration,Employee_3723,1249876,HR,2.4,WFO,MGR1122,72,9,Medium,2022,4,Experienced
3405,EMP103731,2026,Visa,Office Administrator,Non-binary,B.Sc,Business slowdown,Karnataka,Administration,Employee_3732,308677,Support,3.0,Remote,MGR1131,20,58,Low,2019,7,Experienced
3406,EMP103739,2026,PayPal,MIS Executive,Non-binary,BCA,Automation adoption,Madhya Pradesh,Analytics,Employee_3740,2106993,HR,2.2,Remote,MGR1139,21,6,Low,2016,10,Experienced
3407,EMP103804,2026,Amazon,Operations Manager,Female,M.Tech,Project closure,Kerala,Operations,Employee_3805,2003531,Finance,4.5,WFO,MGR1054,23,19,High,2023,3,Experienced
3408,EMP103849,2026,CorroHealth,Talent Acquisition Specialist,Male,B.Sc,Performance review,Gujarat,Human Resources,Employee_3850,1885178,Operations,2.4,WFO,MGR1099,19,0,High,2016,10,Experienced
3409,EMP103901,2026,Ola Electric,Talent Acquisition Specialist,Female,MBA,Workforce restructuring,Delhi,Human Resources,Employee_3902,661341,Support,4.7,Hybrid,MGR1001,10,53,Low,2022,4,Experienced
3410,EMP103929,2026,Freshworks,Product Designer,Male,B.Sc,Project closure,Odisha,Product,Employee_3930,1038230,HR,3.3,WFO,MGR1029,74,58,Low,2022,4,Experienced
3411,EMP103953,2026,Freshworks,Risk Analyst,Male,B.Sc,Project closure,Karnataka,Finance,Employee_3954,1217886,Operations,4.3,Remote,MGR1053,2,21,Low,2022,4,Experienced
3412,EMP103980,2026,Meta,Recruiter,Male,B.E.,Performance review,Odisha,Human Resources,Employee_3981,1566053,Support,4.9,WFO,MGR1080,75,41,High,2019,7,Experienced
3413,EMP104007,2026,Zupee,Product Designer,Female,BBA,Cost reduction,Karnataka,Product,Employee_4008,890276,Sales,2.3,WFO,MGR1107,74,6,High,2015,11,Experienced
3414,EMP104096,2026,Microsoft,Risk Analyst,Non-binary,BCA,Market demand decline,Haryana,Finance,Employee_4097,1469294,Support,3.7,Remote,MGR1046,50,42,High,2024,2,Experienced
3415,EMP104165,2026,Axis Bank,HR Executive,Male,MCA,Financial pressure,Punjab,Human Resources,Employee_4166,1233833,Marketing,4.8,WFO,MGR1115,43,31,Medium,2021,5,Experienced
3416,EMP104195,2026,Microsoft,Tech Lead,Male,BCA,Business slowdown,Uttar Pradesh,Engineering,Employee_4196,1855046,Operations,3.9,Remote,MGR1145,64,13,Low,2015,11,Experienced
3417,EMP104222,2026,Amazon,Product Designer,Male,BBA,Market demand decline,Uttar Pradesh,Product,Employee_4223,294775,Support,2.0,Remote,MGR1022,38,51,Low,2018,8,Experienced
3418,EMP104308,2026,Livspace,Sales Manager,Non-binary,MBA,Automation adoption,Uttar Pradesh,Sales,Employee_4309,1888240,Sales,3.9,Remote,MGR1108,54,22,Medium,2020,6,Experienced
3419,EMP104320,2026,Samsung,Customer Support Executive,Male,CA,Performance review,Haryana,Customer Support,Employee_4321,558660,Marketing,4.5,WFO,MGR1120,45,35,Low,2017,9,Experienced
3420,EMP104365,2026,CorroHealth,Technical Support Executive,Non-binary,BCA,Market demand decline,Karnataka,Customer Support,Employee_4366,1475258,IT,2.5,Hybrid,MGR1015,13,53,High,2019,7,Experienced
3421,EMP104370,2026,Visa,Data Scientist,Non-binary,MBA,Financial pressure,Punjab,Analytics,Employee_4371,476692,Support,3.3,Hybrid,MGR1020,0,53,High,2023,3,Experienced
3422,EMP104406,2026,Freshworks,Product Designer,Male,B.Sc,Project closure,Odisha,Product,Employee_4407,674997,Sales,2.5,Hybrid,MGR1056,9,50,Low,2020,6,Experienced
3423,EMP104489,2026,Freshworks,Facilities Executive,Male,M.Com,Project closure,Telangana,Administration,Employee_4490,350247,Marketing,4.1,Remote,MGR1139,59,41,Low,2023,3,Experienced
3424,EMP104503,2026,Oracle,Talent Acquisition Specialist,Male,B.E.,Market demand decline,Odisha,Human Resources,Employee_4504,312017,Sales,4.2,WFO,MGR1003,13,40,Medium,2020,6,Experienced
3425,EMP104542,2026,Cognizant,Talent Acquisition Specialist,Non-binary,B.Sc,Market demand decline,Odisha,Human Resources,Employee_4543,1568022,Marketing,4.2,Remote,MGR1042,68,30,High,2019,7,Experienced
3426,EMP100045,2026,Microsoft,Risk Analyst,Non-binary,B.Tech,Workforce restructuring,Odisha,Finance,Employee_46,694474,Operations,2.8,WFO,MGR1045,14,53,High,2024,2,Experienced
3427,EMP100048,2026,CorroHealth,Marketing Executive,Female,B.E.,Financial pressure,Odisha,Marketing,Employee_49,1584631,HR,3.8,Hybrid,MGR1048,6,11,Low,2022,4,Experienced
3428,EMP100064,2026,Adda247,Recruiter,Male,Diploma,Project closure,Madhya Pradesh,Human Resources,Employee_65,1297821,Operations,3.8,Hybrid,MGR1064,71,10,Low,2021,5,Experienced
3429,EMP100091,2026,TCS,Financial Analyst,Non-binary,BBA,Business restructuring,Karnataka,Finance,Employee_92,1395242,Support,4.5,Remote,MGR1091,9,53,Low,2018,8,Experienced
3430,EMP100097,2026,Flipkart,Content Manager,Female,MCA,Automation adoption,Telangana,Marketing,Employee_98,1810395,Marketing,2.5,Hybrid,MGR1097,8,20,Low,2018,8,Experienced
3431,EMP100273,2026,Samsung,Data Analyst,Non-binary,B.Tech,Market demand decline,Punjab,Analytics,Employee_274,1523128,Operations,2.5,WFO,MGR1123,52,51,Low,2023,3,Experienced
3432,EMP100276,2026,Ola Electric,Frontend Developer,Non-binary,Diploma,Performance review,Maharashtra,Engineering,Employee_277,1401727,Operations,4.9,Remote,MGR1126,59,23,Medium,2016,10,Experienced
3433,EMP100319,2026,Microsoft,MIS Executive,Female,Diploma,Business slowdown,Haryana,Analytics,Employee_320,887832,IT,3.8,Hybrid,MGR1019,56,7,Medium,2016,10,Experienced
3434,EMP100437,2026,Infosys,Product Designer,Non-binary,Diploma,Market demand decline,Kerala,Product,Employee_438,892504,IT,3.2,WFO,MGR1137,30,3,Low,2024,2,Experienced
3435,EMP100456,2026,HDFC Bank,Digital Marketing Specialist,Female,BCA,Project closure,West Bengal,Marketing,Employee_457,601149,HR,3.3,Hybrid,MGR1006,12,58,High,2019,7,Experienced
3436,EMP100477,2026,PayPal,Backend Developer,Male,B.E.,Business slowdown,Karnataka,Engineering,Employee_478,1819897,Support,4.2,Hybrid,MGR1027,61,28,Medium,2020,6,Experienced
3437,EMP100530,2026,Paytm,Risk Analyst,Non-binary,CA,Business restructuring,West Bengal,Finance,Employee_531,2002720,Operations,3.1,Hybrid,MGR1080,13,25,Medium,2018,8,Experienced
3438,EMP100531,2026,Paytm,Content Manager,Non-binary,MBA,Performance review,West Bengal,Marketing,Employee_532,1615951,Operations,2.4,Hybrid,MGR1081,61,35,Low,2022,4,Experienced
3439,EMP100600,2026,Samsung,Growth Manager,Female,BCA,Business restructuring,West Bengal,Marketing,Employee_601,452197,Sales,4.3,WFO,MGR1000,54,52,High,2017,9,Experienced
3440,EMP100605,2026,Zupee,HR Executive,Female,B.E.,Workforce restructuring,Delhi,Human Resources,Employee_606,1253379,Operations,2.1,WFO,MGR1005,63,6,High,2019,7,Experienced
3441,EMP100638,2026,Wipro,Backend Developer,Female,MBA,Workforce restructuring,Punjab,Engineering,Employee_639,2020117,Finance,3.6,Remote,MGR1038,7,29,High,2017,9,Experienced
3442,EMP100667,2026,Microsoft,Customer Success Executive,Non-binary,CA,Automation adoption,Kerala,Customer Support,Employee_668,464111,Marketing,2.2,WFO,MGR1067,59,39,High,2021,5,Experienced
3443,EMP100688,2026,HDFC Bank,Operations Manager,Female,B.Sc,Cost reduction,Maharashtra,Operations,Employee_689,1223732,HR,2.6,Remote,MGR1088,65,26,Medium,2020,6,Experienced
3444,EMP100695,2026,Infosys,Financial Analyst,Male,MCA,Market demand decline,Odisha,Finance,Employee_696,2036467,HR,4.9,Remote,MGR1095,61,30,Low,2017,9,Experienced
3445,EMP100707,2026,Visa,Finance Executive,Female,CA,Business slowdown,Kerala,Finance,Employee_708,774958,Support,3.6,WFO,MGR1107,53,18,High,2023,3,Experienced
3446,EMP100739,2026,Wipro,DevOps Engineer,Male,CA,Role redundancy,Uttar Pradesh,Engineering,Employee_740,344573,IT,4.8,WFO,MGR1139,18,18,Low,2024,2,Experienced
3447,EMP100760,2026,HDFC Bank,Sales Manager,Non-binary,B.E.,Role redundancy,Telangana,Sales,Employee_761,1324632,Operations,3.9,Hybrid,MGR1010,34,3,Low,2023,3,Experienced
3448,EMP100768,2026,HDFC Bank,Digital Marketing Specialist,Female,BCA,Project closure,West Bengal,Marketing,Employee_769,718933,Finance,4.8,Remote,MGR1018,43,0,High,2021,5,Experienced
3449,EMP100785,2026,Wipro,Financial Analyst,Female,CA,Role redundancy,Andhra Pradesh,Finance,Employee_786,669667,Marketing,4.8,WFO,MGR1035,65,32,High,2021,5,Experienced
3450,EMP100901,2026,HDFC Bank,Software Engineer,Male,M.Com,Project closure,West Bengal,Engineering,Employee_902,2058467,Sales,3.9,Remote,MGR1001,69,12,High,2019,7,Experienced
3451,EMP100939,2026,Infosys,BI Analyst,Female,BBA,Project closure,Uttar Pradesh,Analytics,Employee_940,1727557,Finance,4.6,Hybrid,MGR1039,27,51,Medium,2022,4,Experienced
3452,EMP100953,2026,HDFC Bank,Admin Executive,Non-binary,M.Tech,Role redundancy,West Bengal,Sales,Employee_954,950942,IT,3.9,Remote,MGR1053,10,29,High,2018,8,Experienced
3453,EMP101023,2026,Visa,Data Engineer,Non-binary,M.Com,Performance review,Tamil Nadu,Engineering,Employee_1024,1212415,Finance,3.2,WFO,MGR1123,3,12,Medium,2022,4,Experienced
3454,EMP101043,2026,Zomato,DevOps Engineer,Non-binary,B.E.,Project closure,Uttar Pradesh,Engineering,Employee_1044,1497471,Finance,4.3,Remote,MGR1143,19,44,High,2018,8,Experienced
3455,EMP101084,2026,Infosys,UX Designer,Female,B.E.,Performance review,Uttar Pradesh,Product,Employee_1085,1926904,Support,4.2,WFO,MGR1034,8,0,Low,2015,11,Experienced
3456,EMP101124,2026,HDFC Bank,Sales Executive,Male,M.Tech,Cost reduction,West Bengal,Sales,Employee_1125,992540,Sales,4.1,WFO,MGR1074,59,12,Medium,2019,7,Experienced
3457,EMP101149,2026,Visa,Admin Executive,Male,B.E.,Business restructuring,Rajasthan,Administration,Employee_1150,1745715,Sales,5.0,WFO,MGR1099,58,2,High,2016,10,Experienced
3458,EMP101172,2026,Axis Bank,DevOps Engineer,Non-binary,MBA,Automation adoption,Odisha,Engineering,Employee_1173,647114,HR,4.0,Remote,MGR1122,16,30,Low,2019,7,Experienced
3459,EMP101182,2026,Zomato,Admin Executive,Female,B.E.,Market demand decline,Delhi,Engineering,Employee_1183,355624,IT,2.1,WFO,MGR1132,11,49,High,2016,10,Experienced
3460,EMP101260,2026,Meta,Talent Acquisition Specialist,Female,BCA,Market demand decline,Maharashtra,Human Resources,Employee_1261,1356852,Finance,2.8,WFO,MGR1060,35,0,Medium,2019,7,Experienced
3461,EMP101272,2026,TCS,Product Analyst,Non-binary,B.Sc,Business restructuring,Gujarat,Product,Employee_1273,1499911,HR,4.5,WFO,MGR1072,74,26,High,2020,6,Experienced
3462,EMP101389,2026,Flipkart,Financial Analyst,Female,M.Tech,Business restructuring,Madhya Pradesh,Finance,Employee_1390,1471174,Operations,3.0,Remote,MGR1039,11,49,Medium,2021,5,Experienced
3463,EMP101439,2026,Paytm,Content Manager,Non-binary,MBA,Performance review,West Bengal,Marketing,Employee_1440,1780594,Operations,4.0,Remote,MGR1089,65,16,Medium,2019,7,Experienced
3464,EMP101441,2026,Meta,Software Engineer,Female,M.Tech,Business restructuring,Maharashtra,Engineering,Employee_1442,807730,Finance,2.8,Hybrid,MGR1091,49,4,Medium,2015,11,Experienced
3465,EMP101481,2026,Infosys,BI Analyst,Female,BBA,Project closure,Uttar Pradesh,Analytics,Employee_1482,1515460,Sales,2.4,Hybrid,MGR1131,21,19,Low,2017,9,Experienced
3466,EMP101483,2026,Flipkart,Talent Acquisition Specialist,Male,BBA,Project closure,Odisha,Human Resources,Employee_1484,902375,Operations,4.8,Hybrid,MGR1133,76,55,High,2019,7,Experienced
3467,EMP101568,2026,Paytm,Risk Analyst,Non-binary,M.Tech,Role redundancy,Madhya Pradesh,Finance,Employee_1569,1089798,Sales,4.6,Remote,MGR1068,60,45,High,2019,7,Experienced
3468,EMP101570,2026,Microsoft,Finance Executive,Non-binary,Diploma,Business slowdown,Kerala,Finance,Employee_1571,1778887,Finance,2.6,WFO,MGR1070,57,48,Medium,2021,5,Experienced
3469,EMP101620,2026,Flipkart,Accountant,Female,MBA,Performance review,West Bengal,Finance,Employee_1621,634354,Marketing,4.6,Remote,MGR1120,7,20,High,2015,11,Experienced
3470,EMP101629,2026,Freshworks,Process Associate,Male,CA,Role redundancy,Maharashtra,Operations,Employee_1630,480485,Marketing,4.8,Hybrid,MGR1129,57,27,High,2022,4,Experienced
3471,EMP101652,2026,Freshworks,Operations Analyst,Male,MBA,Role redundancy,Punjab,Operations,Employee_1653,809054,Finance,3.7,Remote,MGR1002,47,58,Medium,2019,7,Experienced
3472,EMP101660,2026,Adda247,Operations Analyst,Male,B.Sc,Financial pressure,Gujarat,Operations,Employee_1661,1372749,HR,4.9,WFO,MGR1010,65,56,Medium,2024,2,Experienced
3473,EMP101690,2026,Microsoft,Business Analyst,Non-binary,Diploma,Business slowdown,West Bengal,Analytics,Employee_1691,952711,Operations,3.4,Remote,MGR1040,4,40,High,2020,6,Experienced
3474,EMP101707,2026,Wipro,Technical Support Executive,Female,CA,Workforce restructuring,Tamil Nadu,Customer Support,Employee_1708,627963,Support,3.0,Remote,MGR1057,24,4,Low,2018,8,Experienced
3475,EMP101723,2026,Paytm,Data Engineer,Non-binary,B.Sc,Cost reduction,Rajasthan,Engineering,Employee_1724,1770569,Support,2.3,WFO,MGR1073,7,37,Low,2016,10,Experienced
3476,EMP101739,2026,Amazon,Growth Manager,Non-binary,B.E.,Cost reduction,Delhi,Marketing,Employee_1740,1143756,Sales,2.1,Remote,MGR1089,23,14,High,2022,4,Experienced
3477,EMP101791,2026,Axis Bank,Data Analyst,Female,BCA,Workforce restructuring,Punjab,Analytics,Employee_1792,351781,IT,2.7,Hybrid,MGR1141,65,37,High,2016,10,Experienced
3478,EMP101880,2026,Zupee,Data Engineer,Male,M.Tech,Automation adoption,West Bengal,Engineering,Employee_1881,1850021,Support,2.2,Hybrid,MGR1080,49,46,High,2018,8,Experienced
3479,EMP101910,2026,Amazon,Digital Marketing Specialist,Non-binary,BBA,Role redundancy,Odisha,Marketing,Employee_1911,1295066,Marketing,2.5,Remote,MGR1110,53,41,High,2019,7,Experienced
3480,EMP101918,2026,Cognizant,HR Executive,Female,B.Tech,Role redundancy,Tamil Nadu,Human Resources,Employee_1919,339368,Finance,2.2,Hybrid,MGR1118,68,35,Low,2018,8,Experienced
3481,EMP101925,2026,Zomato,Office Administrator,Non-binary,Diploma,Project closure,Rajasthan,Administration,Employee_1926,273338,IT,2.8,WFO,MGR1125,2,27,Medium,2018,8,Experienced
3482,EMP102085,2026,Ola Electric,Customer Support Executive,Male,MBA,Workforce restructuring,West Bengal,Customer Support,Employee_2086,268043,Support,4.3,Hybrid,MGR1135,48,40,Low,2022,4,Experienced
3483,EMP102114,2026,Meta,Data Analyst,Non-binary,MBA,Business slowdown,Gujarat,Analytics,Employee_2115,586312,Operations,3.9,Remote,MGR1014,12,28,Low,2019,7,Experienced
3484,EMP102120,2026,Zomato,Product Analyst,Male,B.E.,Automation adoption,Delhi,Product,Employee_2121,1407145,HR,2.2,Hybrid,MGR1020,36,37,High,2021,5,Experienced
3485,EMP102185,2026,Samsung,Digital Marketing Specialist,Non-binary,M.Tech,Role redundancy,Madhya Pradesh,Marketing,Employee_2186,1668374,Operations,2.3,WFO,MGR1085,46,28,Low,2015,11,Experienced
3486,EMP102246,2026,Infosys,Digital Marketing Specialist,Female,B.Tech,Cost reduction,Madhya Pradesh,Marketing,Employee_2247,1313253,Marketing,2.5,Hybrid,MGR1146,38,23,Medium,2015,11,Experienced
3487,EMP102249,2026,Zupee,Customer Support Executive,Female,Diploma,Performance review,Madhya Pradesh,Customer Support,Employee_2250,468507,Support,2.2,Remote,MGR1149,54,16,Low,2020,6,Experienced
3488,EMP102292,2026,Zomato,MIS Executive,Non-binary,B.Sc,Financial pressure,Rajasthan,Analytics,Employee_2293,602373,HR,3.2,WFO,MGR1042,31,35,Medium,2022,4,Experienced
3489,EMP102297,2026,Zomato,Finance Executive,Male,Diploma,Cost reduction,Madhya Pradesh,Finance,Employee_2298,1693497,HR,2.1,WFO,MGR1047,32,36,Low,2023,3,Experienced
3490,EMP102298,2026,CorroHealth,Admin Executive,Female,M.Com,Cost reduction,Kerala,Administration,Employee_2299,914475,Support,3.6,Hybrid,MGR1048,61,6,Medium,2019,7,Experienced
3491,EMP102315,2026,Paytm,Finance Executive,Non-binary,MCA,Role redundancy,Maharashtra,Finance,Employee_2316,2182157,Operations,2.5,Hybrid,MGR1065,73,32,Medium,2018,8,Experienced
3492,EMP102382,2026,Freshworks,Content Manager,Male,B.E.,Workforce restructuring,Karnataka,Marketing,Employee_2383,620700,Finance,3.8,Remote,MGR1132,40,16,Medium,2024,2,Experienced
3493,EMP102384,2026,Amazon,Content Manager,Male,M.Tech,Market demand decline,Karnataka,Marketing,Employee_2385,1601678,IT,2.8,Remote,MGR1134,54,11,Medium,2019,7,Experienced
3494,EMP102404,2026,Freshworks,BI Analyst,Non-binary,BCA,Automation adoption,Madhya Pradesh,Analytics,Employee_2405,1882782,Support,2.0,Remote,MGR1004,50,6,Low,2020,6,Experienced
3495,EMP102434,2026,CorroHealth,Data Analyst,Non-binary,MBA,Performance review,Haryana,Analytics,Employee_2435,1351795,Sales,2.3,Hybrid,MGR1034,20,55,Low,2023,3,Experienced
3496,EMP102461,2026,Infosys,Growth Manager,Non-binary,MCA,Business restructuring,Delhi,Marketing,Employee_2462,735726,Sales,4.6,Hybrid,MGR1061,7,39,High,2019,7,Experienced
3497,EMP102478,2026,Samsung,Product Manager,Male,MBA,Cost reduction,Tamil Nadu,Product,Employee_2479,611195,HR,4.7,Remote,MGR1078,47,49,High,2015,11,Experienced
3498,EMP102485,2026,Adda247,Risk Analyst,Female,B.E.,Project closure,Madhya Pradesh,Finance,Employee_2486,1704670,Operations,4.6,Hybrid,MGR1085,57,25,Low,2018,8,Experienced
3499,EMP102498,2026,Ola Electric,Accountant,Female,M.Tech,Project closure,West Bengal,Finance,Employee_2499,1063827,Finance,2.7,Remote,MGR1098,66,50,Low,2018,8,Experienced
3500,EMP102531,2026,Ola Electric,Software Engineer,Female,B.Sc,Financial pressure,Odisha,Engineering,Employee_2532,1937203,IT,3.2,WFO,MGR1131,13,57,Medium,2019,7,Experienced
3501,EMP102601,2026,Zomato,Product Designer,Female,CA,Performance review,Karnataka,Product,Employee_2602,1580412,Support,3.6,Remote,MGR1051,8,58,High,2023,3,Experienced
3502,EMP102652,2026,Livspace,Customer Success Executive,Female,MCA,Cost reduction,Delhi,Customer Support,Employee_2653,1541170,Sales,2.7,Remote,MGR1102,79,20,Medium,2023,3,Experienced
3503,EMP102704,2026,PayPal,Backend Developer,Male,B.E.,Business slowdown,Karnataka,Engineering,Employee_2705,1150464,Operations,4.9,Remote,MGR1004,40,25,Medium,2015,11,Experienced
3504,EMP102708,2026,Samsung,Sales Manager,Female,MBA,Performance review,Punjab,Sales,Employee_2709,297701,Marketing,4.9,Remote,MGR1008,76,10,Low,2024,2,Experienced
3505,EMP102730,2026,Zomato,Business Development Executive,Female,BBA,Role redundancy,West Bengal,Sales,Employee_2731,500263,IT,3.8,Remote,MGR1030,68,23,Medium,2020,6,Experienced
3506,EMP102754,2026,Zomato,MIS Executive,Non-binary,B.Sc,Financial pressure,Rajasthan,Analytics,Employee_2755,1700937,HR,4.4,Hybrid,MGR1054,68,45,Medium,2015,11,Experienced
3507,EMP102799,2026,HDFC Bank,Finance Executive,Female,B.E.,Role redundancy,Madhya Pradesh,Finance,Employee_2800,620275,HR,3.4,Hybrid,MGR1099,29,21,Low,2023,3,Experienced
3508,EMP102883,2026,Zomato,Finance Executive,Non-binary,B.Sc,Workforce restructuring,Maharashtra,Finance,Employee_2884,1320938,Marketing,4.3,WFO,MGR1033,2,42,Low,2015,11,Experienced
3509,EMP102944,2026,Flipkart,Talent Acquisition Specialist,Female,Diploma,Project closure,Odisha,Human Resources,Employee_2945,539002,Support,2.9,WFO,MGR1094,46,19,High,2019,7,Experienced
3510,EMP102971,2026,Oracle,Accountant,Non-binary,B.Sc,Market demand decline,Karnataka,Finance,Employee_2972,1892091,IT,3.6,Hybrid,MGR1121,42,36,Low,2015,11,Experienced
3511,EMP103000,2026,Samsung,Data Analyst,Non-binary,Diploma,Cost reduction,Odisha,Analytics,Employee_3001,2103438,Sales,2.9,WFO,MGR1000,40,7,High,2023,3,Experienced
3512,EMP103001,2026,Games24x7,Product Manager,Female,Diploma,Business restructuring,Odisha,Product,Employee_3002,804768,HR,2.9,WFO,MGR1001,44,47,Medium,2019,7,Experienced
3513,EMP103042,2026,Axis Bank,Growth Manager,Non-binary,Diploma,Performance review,Haryana,Marketing,Employee_3043,1131114,Finance,3.9,WFO,MGR1042,75,21,Medium,2015,11,Experienced
3514,EMP103136,2026,Samsung,Talent Acquisition Specialist,Male,M.Tech,Role redundancy,Haryana,Human Resources,Employee_3137,1639331,Finance,3.0,WFO,MGR1136,56,7,Low,2024,2,Experienced
3515,EMP103151,2026,Krutrim,Business Development Executive,Non-binary,M.Tech,Project closure,Uttar Pradesh,Sales,Employee_3152,1750128,Operations,2.6,Hybrid,MGR1001,22,32,High,2019,7,Experienced
3516,EMP103166,2026,Cognizant,Product Analyst,Non-binary,M.Com,Workforce restructuring,Uttar Pradesh,Product,Employee_3167,796930,Finance,3.6,WFO,MGR1016,37,27,Medium,2024,2,Experienced
3517,EMP103171,2026,CorroHealth,Tech Lead,Female,M.Tech,Role redundancy,Delhi,Engineering,Employee_3172,732735,Finance,4.0,Remote,MGR1021,50,14,Low,2023,3,Experienced
3518,EMP103219,2026,Ola Electric,Customer Success Executive,Female,B.E.,Financial pressure,Gujarat,Customer Support,Employee_3220,886735,IT,3.4,Hybrid,MGR1069,19,18,Medium,2015,11,Experienced
3519,EMP103249,2026,Visa,Business Development Executive,Male,B.E.,Project closure,Uttar Pradesh,Sales,Employee_3250,1058600,Operations,4.5,Remote,MGR1099,30,2,Low,2017,9,Experienced
3520,EMP103298,2026,Wipro,Sales Manager,Female,B.Sc,Automation adoption,Rajasthan,Sales,Employee_3299,461394,Finance,2.4,Remote,MGR1148,23,35,High,2018,8,Experienced
3521,EMP103436,2026,Freshworks,Digital Marketing Specialist,Female,B.E.,Automation adoption,Andhra Pradesh,Marketing,Employee_3437,435368,Marketing,2.1,Hybrid,MGR1136,62,32,High,2018,8,Experienced
3522,EMP103494,2026,CorroHealth,UX Designer,Female,M.Tech,Cost reduction,Haryana,Product,Employee_3495,1023256,Operations,2.3,Hybrid,MGR1044,60,41,High,2021,5,Experienced
3523,EMP103548,2026,Games24x7,Admin Executive,Non-binary,Diploma,Project closure,Telangana,Administration,Employee_3549,1762544,Support,2.8,Hybrid,MGR1098,17,19,Medium,2023,3,Experienced
3524,EMP103643,2026,Amazon,Financial Analyst,Female,MBA,Business restructuring,Madhya Pradesh,Finance,Employee_3644,1712585,Marketing,4.5,Remote,MGR1043,71,11,Low,2016,10,Experienced
3525,EMP103655,2026,Meta,Talent Acquisition Specialist,Female,BCA,Market demand decline,Maharashtra,Human Resources,Employee_3656,1084923,HR,2.4,Hybrid,MGR1055,75,45,Low,2022,4,Experienced
3526,EMP103660,2026,Adda247,Data Engineer,Female,B.Tech,Project closure,Gujarat,Engineering,Employee_3661,1551008,Marketing,2.6,Hybrid,MGR1060,38,38,Low,2016,10,Experienced
3527,EMP103669,2026,Games24x7,Inside Sales Executive,Non-binary,Diploma,Automation adoption,Delhi,Sales,Employee_3670,399951,Finance,3.2,Hybrid,MGR1069,21,24,Low,2017,9,Experienced
3528,EMP103686,2026,Samsung,Risk Analyst,Non-binary,B.Sc,Workforce restructuring,Uttar Pradesh,Finance,Employee_3687,2018114,IT,3.2,WFO,MGR1086,10,48,High,2018,8,Experienced
3529,EMP103707,2026,Infosys,Admin Executive,Male,Diploma,Market demand decline,Kerala,Administration,Employee_3708,542662,IT,3.1,Hybrid,MGR1107,79,26,Low,2015,11,Experienced
3530,EMP103717,2026,HDFC Bank,Accountant,Non-binary,MBA,Automation adoption,Haryana,Finance,Employee_3718,1751581,Finance,4.8,Remote,MGR1117,3,13,Low,2017,9,Experienced
3531,EMP103779,2026,Oracle,Admin Executive,Non-binary,B.Tech,Business restructuring,Delhi,Administration,Employee_3780,1591091,IT,3.1,Remote,MGR1029,1,31,Medium,2016,10,Experienced
3532,EMP103817,2026,CorroHealth,MIS Executive,Male,M.Com,Business slowdown,Odisha,Analytics,Employee_3818,445707,Marketing,2.2,WFO,MGR1067,56,53,High,2018,8,Experienced
3533,EMP103846,2026,CorroHealth,Facilities Executive,Female,B.E.,Business slowdown,Gujarat,Administration,Employee_3847,571314,Operations,2.8,Hybrid,MGR1096,79,47,Medium,2022,4,Experienced
3534,EMP103856,2026,PayPal,HR Business Partner,Female,BBA,Automation adoption,Haryana,Human Resources,Employee_3857,603408,Marketing,3.9,WFO,MGR1106,76,21,High,2023,3,Experienced
3535,EMP103875,2026,Ola Electric,Process Associate,Female,M.Tech,Workforce restructuring,Maharashtra,Operations,Employee_3876,457517,Sales,4.5,Remote,MGR1125,64,19,Low,2019,7,Experienced
3536,EMP103894,2026,Krutrim,DevOps Engineer,Non-binary,Diploma,Financial pressure,Rajasthan,Engineering,Employee_3895,1943715,Sales,4.7,WFO,MGR1144,66,20,Low,2019,7,Experienced
3537,EMP103918,2026,Oracle,Recruiter,Non-binary,BBA,Business restructuring,West Bengal,Human Resources,Employee_3919,672251,Operations,3.2,Hybrid,MGR1018,76,24,High,2020,6,Experienced
3538,EMP103970,2026,Livspace,Admin Executive,Female,MBA,Business restructuring,Rajasthan,Administration,Employee_3971,718429,Support,5.0,Hybrid,MGR1070,56,45,High,2022,4,Experienced
3539,EMP103977,2026,Samsung,Data Scientist,Male,Diploma,Role redundancy,Andhra Pradesh,Analytics,Employee_3978,675720,HR,2.1,Hybrid,MGR1077,24,27,Low,2018,8,Experienced
3540,EMP103993,2026,CorroHealth,Finance Executive,Non-binary,B.Sc,Automation adoption,Maharashtra,Finance,Employee_3994,1708004,Sales,4.8,WFO,MGR1093,70,36,Low,2024,2,Experienced
3541,EMP104054,2026,Wipro,Facilities Executive,Female,M.Tech,Performance review,Tamil Nadu,Administration,Employee_4055,1840911,Finance,4.0,WFO,MGR1004,60,17,Low,2024,2,Experienced
3542,EMP104184,2026,Amazon,Product Analyst,Male,B.Sc,Cost reduction,Gujarat,Product,Employee_4185,347512,HR,4.3,WFO,MGR1134,9,23,High,2020,6,Experienced
3543,EMP104252,2026,Ola Electric,Support Analyst,Male,B.E.,Automation adoption,Kerala,Customer Support,Employee_4253,492705,Operations,3.6,Remote,MGR1052,40,32,High,2022,4,Experienced
3544,EMP104299,2026,Livspace,Product Manager,Male,M.Com,Business slowdown,West Bengal,Product,Employee_4300,576436,Operations,4.2,Hybrid,MGR1099,74,5,Medium,2018,8,Experienced
3545,EMP104306,2026,Axis Bank,Digital Marketing Specialist,Non-binary,BCA,Performance review,Punjab,Marketing,Employee_4307,409948,Operations,2.6,Remote,MGR1106,7,53,Medium,2018,8,Experienced
3546,EMP104317,2026,Axis Bank,Office Administrator,Male,B.Sc,Automation adoption,Punjab,Administration,Employee_4318,358901,Sales,4.0,WFO,MGR1117,33,47,Medium,2016,10,Experienced
3547,EMP104330,2026,Games24x7,Data Analyst,Non-binary,M.Com,Performance review,Tamil Nadu,Analytics,Employee_4331,778345,Marketing,3.0,Hybrid,MGR1130,44,33,Low,2017,9,Experienced
3548,EMP104339,2026,Freshworks,Risk Analyst,Female,BBA,Workforce restructuring,Madhya Pradesh,Finance,Employee_4340,337438,Operations,2.5,WFO,MGR1139,66,30,Medium,2019,7,Experienced
3549,EMP104445,2026,Games24x7,Admin Executive,Non-binary,M.Com,Market demand decline,Punjab,Administration,Employee_4446,1477559,Operations,2.7,Hybrid,MGR1095,77,30,Low,2019,7,Experienced
3550,EMP104468,2026,Paytm,Operations Executive,Female,B.Tech,Automation adoption,Telangana,Operations,Employee_4469,2032358,Support,2.9,Remote,MGR1118,40,0,High,2018,8,Experienced
3551,EMP104522,2026,Zomato,Accountant,Non-binary,M.Tech,Financial pressure,Gujarat,Finance,Employee_4523,1272644,Sales,2.5,Remote,MGR1022,72,27,Low,2016,10,Experienced
3552,EMP100016,2026,Livspace,Account Manager,Female,CA,Business restructuring,Delhi,Sales,Employee_17,1347349,Finance,3.7,Remote,MGR1016,38,27,Medium,2020,6,Experienced
3553,EMP100042,2026,Zupee,Recruiter,Male,B.Sc,Business slowdown,Rajasthan,Human Resources,Employee_43,1242052,HR,2.0,WFO,MGR1042,24,13,Low,2017,9,Experienced
3554,EMP100049,2026,Visa,Senior Software Engineer,Non-binary,B.E.,Automation adoption,Punjab,Engineering,Employee_50,515146,IT,3.1,Remote,MGR1049,44,49,High,2015,11,Experienced
3555,EMP100053,2026,Games24x7,Growth Manager,Female,M.Com,Automation adoption,Telangana,Marketing,Employee_54,1605499,HR,3.6,WFO,MGR1053,26,1,High,2020,6,Experienced
3556,EMP100073,2026,Flipkart,Product Designer,Female,CA,Financial pressure,Punjab,Product,Employee_74,1100908,IT,2.1,Remote,MGR1073,18,40,Medium,2021,5,Experienced
3557,EMP100086,2026,CorroHealth,MIS Executive,Female,BBA,Cost reduction,Kerala,Analytics,Employee_87,424719,Marketing,3.9,WFO,MGR1086,50,25,Medium,2017,9,Experienced
3558,EMP100090,2026,Amazon,HR Executive,Male,B.E.,Market demand decline,Odisha,Human Resources,Employee_91,1305079,Finance,4.2,WFO,MGR1090,23,45,High,2024,2,Experienced
3559,EMP100100,2026,Infosys,Risk Analyst,Male,MBA,Business slowdown,Rajasthan,Finance,Employee_101,1979244,Sales,4.5,WFO,MGR1100,56,32,Low,2015,11,Experienced
3560,EMP100113,2026,Wipro,Frontend Developer,Male,MCA,Project closure,Andhra Pradesh,Engineering,Employee_114,747613,Sales,3.4,Hybrid,MGR1113,47,58,High,2019,7,Experienced
3561,EMP100114,2026,Flipkart,Admin Executive,Non-binary,CA,Performance review,Kerala,Administration,Employee_115,568230,Support,2.4,Hybrid,MGR1114,39,41,Low,2015,11,Experienced
3562,EMP100127,2026,Ola Electric,Data Scientist,Non-binary,BCA,Project closure,West Bengal,Analytics,Employee_128,519556,HR,3.1,Hybrid,MGR1127,19,24,Medium,2016,10,Experienced
3563,EMP100128,2026,Visa,Financial Analyst,Female,M.Tech,Business restructuring,Odisha,Finance,Employee_129,1013667,Sales,4.5,WFO,MGR1128,73,32,High,2016,10,Experienced
3564,EMP100186,2026,Paytm,Reporting Analyst,Female,M.Tech,Automation adoption,Madhya Pradesh,Analytics,Employee_187,1410396,Sales,4.1,Hybrid,MGR1036,72,8,Low,2021,5,Experienced
3565,EMP100277,2026,Flipkart,Operations Executive,Non-binary,MCA,Project closure,Madhya Pradesh,Operations,Employee_278,1113002,HR,5.0,Hybrid,MGR1127,44,5,Low,2017,9,Experienced
3566,EMP100303,2026,Amazon,Accountant,Non-binary,M.Tech,Performance review,Kerala,Finance,Employee_304,1141203,Marketing,3.6,WFO,MGR1003,49,25,Medium,2021,5,Experienced
3567,EMP100350,2026,Ola Electric,Facilities Executive,Non-binary,MCA,Automation adoption,Maharashtra,Administration,Employee_351,2020149,Support,3.7,Hybrid,MGR1050,26,34,Medium,2016,10,Experienced
3568,EMP100360,2026,Axis Bank,Growth Manager,Non-binary,B.E.,Market demand decline,Rajasthan,Marketing,Employee_361,1162517,Finance,2.8,Remote,MGR1060,65,15,High,2017,9,Experienced
3569,EMP100434,2026,PayPal,Sales Executive,Male,M.Com,Performance review,Odisha,Sales,Employee_435,1194184,IT,3.9,Hybrid,MGR1134,68,16,Medium,2022,4,Experienced
3570,EMP100457,2026,Ola Electric,Business Development Executive,Non-binary,B.Tech,Business restructuring,Kerala,Sales,Employee_458,545126,Finance,3.2,Hybrid,MGR1007,71,52,Medium,2021,5,Experienced
3571,EMP100514,2026,Ola Electric,Business Development Executive,Non-binary,B.Sc,Market demand decline,Tamil Nadu,Sales,Employee_515,1861941,Operations,4.9,Remote,MGR1064,44,28,High,2024,2,Experienced
3572,EMP100523,2026,Amazon,MIS Executive,Female,BBA,Project closure,Karnataka,Analytics,Employee_524,966903,Sales,3.1,Remote,MGR1073,17,51,Medium,2018,8,Experienced
3573,EMP100538,2026,Krutrim,HR Executive,Female,B.Sc,Project closure,Kerala,Human Resources,Employee_539,1135309,Finance,3.5,WFO,MGR1088,9,27,Low,2021,5,Experienced
3574,EMP100554,2026,Paytm,UX Designer,Female,B.E.,Automation adoption,Odisha,Product,Employee_555,1666693,Finance,5.0,Hybrid,MGR1104,28,6,Low,2024,2,Experienced
3575,EMP100595,2026,Livspace,HR Executive,Female,Diploma,Workforce restructuring,Haryana,Human Resources,Employee_596,1130612,Sales,4.7,WFO,MGR1145,56,40,Low,2020,6,Experienced
3576,EMP100604,2026,HDFC Bank,Data Scientist,Male,BBA,Cost reduction,Tamil Nadu,Analytics,Employee_605,1638459,Support,4.0,WFO,MGR1004,55,22,Medium,2018,8,Experienced
3577,EMP100623,2026,Axis Bank,Risk Analyst,Non-binary,BBA,Business slowdown,Rajasthan,Finance,Employee_624,345528,Marketing,2.6,Remote,MGR1023,65,35,High,2022,4,Experienced
3578,EMP100670,2026,Meta,HR Business Partner,Female,MCA,Market demand decline,Kerala,Human Resources,Employee_671,2067605,Finance,4.7,WFO,MGR1070,50,55,High,2016,10,Experienced
3579,EMP100698,2026,Paytm,UX Designer,Female,BCA,Workforce restructuring,Odisha,Product,Employee_699,325595,Support,4.4,Remote,MGR1098,40,32,Medium,2020,6,Experienced
3580,EMP100711,2026,Ola Electric,Data Engineer,Male,MCA,Performance review,West Bengal,Engineering,Employee_712,955456,Marketing,2.6,Remote,MGR1111,49,54,Medium,2020,6,Experienced
3581,EMP100722,2026,CorroHealth,Talent Acquisition Specialist,Male,B.Tech,Role redundancy,Punjab,Human Resources,Employee_723,1991064,Operations,2.1,Hybrid,MGR1122,7,26,Low,2024,2,Experienced
3582,EMP100758,2026,Games24x7,MIS Executive,Female,B.E.,Project closure,Madhya Pradesh,Analytics,Employee_759,1825810,Support,2.1,Hybrid,MGR1008,12,41,High,2021,5,Experienced
3583,EMP100762,2026,PayPal,Office Administrator,Female,B.Sc,Automation adoption,Telangana,Administration,Employee_763,2164965,Marketing,4.3,Hybrid,MGR1012,60,37,Low,2016,10,Experienced
3584,EMP100767,2026,Microsoft,Inside Sales Executive,Male,MBA,Business slowdown,Maharashtra,Sales,Employee_768,1748517,Support,3.0,Remote,MGR1017,3,33,High,2020,6,Experienced
3585,EMP100799,2026,Wipro,Operations Executive,Female,M.Com,Cost reduction,Haryana,Operations,Employee_800,694524,Finance,2.5,WFO,MGR1049,48,35,Low,2024,2,Experienced
3586,EMP100822,2026,CorroHealth,Backend Developer,Male,Diploma,Business restructuring,Punjab,Engineering,Employee_823,989690,IT,2.4,WFO,MGR1072,33,6,High,2016,10,Experienced
3587,EMP100827,2026,Games24x7,Recruiter,Male,MBA,Business slowdown,Punjab,Human Resources,Employee_828,786069,Sales,4.4,Remote,MGR1077,17,54,Low,2016,10,Experienced
3588,EMP100840,2026,Amazon,Operations Analyst,Non-binary,MCA,Performance review,Karnataka,Operations,Employee_841,1100987,Marketing,3.1,Remote,MGR1090,30,25,High,2020,6,Experienced
3589,EMP100911,2026,Meta,Operations Executive,Female,B.E.,Workforce restructuring,Madhya Pradesh,Operations,Employee_912,687871,HR,2.8,Hybrid,MGR1011,63,33,High,2022,4,Experienced
3590,EMP100952,2026,Adda247,QA Engineer,Non-binary,BCA,Cost reduction,Rajasthan,Engineering,Employee_953,1076812,Support,4.5,WFO,MGR1052,48,56,High,2017,9,Experienced
3591,EMP100955,2026,CorroHealth,QA Engineer,Non-binary,M.Tech,Business restructuring,Madhya Pradesh,Engineering,Employee_956,1176886,Finance,3.6,Remote,MGR1055,70,56,High,2018,8,Experienced
3592,EMP100979,2026,Krutrim,Recruiter,Non-binary,B.Tech,Project closure,Telangana,Human Resources,Employee_980,1894718,Sales,2.5,Hybrid,MGR1079,16,31,Low,2016,10,Experienced
3593,EMP101012,2026,Adda247,Customer Support Executive,Male,MBA,Business restructuring,Kerala,Customer Support,Employee_1013,1250311,IT,3.3,Hybrid,MGR1112,31,2,High,2021,5,Experienced
3594,EMP101036,2026,Games24x7,Recruiter,Non-binary,MCA,Business restructuring,Tamil Nadu,Human Resources,Employee_1037,909111,Support,2.1,WFO,MGR1136,56,31,Medium,2020,6,Experienced
3595,EMP101066,2026,Oracle,Data Engineer,Non-binary,B.Tech,Business slowdown,Gujarat,Engineering,Employee_1067,1516215,Marketing,3.7,Hybrid,MGR1016,30,15,Low,2015,11,Experienced
3596,EMP101082,2026,Oracle,Recruiter,Female,B.Sc,Automation adoption,Karnataka,Human Resources,Employee_1083,1829431,HR,4.4,WFO,MGR1032,50,2,High,2018,8,Experienced
3597,EMP101099,2026,Zomato,Customer Support Executive,Female,BBA,Role redundancy,Telangana,Human Resources,Employee_1100,2013005,IT,3.5,Hybrid,MGR1049,44,24,Low,2016,10,Experienced
3598,EMP101111,2026,Wipro,Admin Executive,Female,MCA,Workforce restructuring,Karnataka,Finance,Employee_1112,1722942,Support,4.1,Remote,MGR1061,75,51,Low,2023,3,Experienced
3599,EMP101118,2026,TCS,Sales Manager,Male,Diploma,Automation adoption,Andhra Pradesh,Sales,Employee_1119,1153017,Finance,4.1,Remote,MGR1068,6,17,Medium,2019,7,Experienced
3600,EMP101190,2026,TCS,Product Analyst,Male,BCA,Performance review,Gujarat,Product,Employee_1191,375786,IT,3.9,Hybrid,MGR1140,0,9,Low,2015,11,Experienced
3601,EMP101247,2026,Freshworks,Product Designer,Female,MCA,Business restructuring,Rajasthan,Product,Employee_1248,501253,Finance,2.8,WFO,MGR1047,62,10,Medium,2020,6,Experienced
3602,EMP101252,2026,CorroHealth,Talent Acquisition Specialist,Male,B.Tech,Role redundancy,Punjab,Human Resources,Employee_1253,946393,Support,4.5,WFO,MGR1052,21,50,Low,2022,4,Experienced
3603,EMP101273,2026,Ola Electric,UX Designer,Male,M.Com,Role redundancy,Tamil Nadu,Product,Employee_1274,636944,Support,3.4,Remote,MGR1073,42,40,High,2024,2,Experienced
3604,EMP101296,2026,Ola Electric,Customer Success Executive,Non-binary,B.Sc,Cost reduction,West Bengal,Customer Support,Employee_1297,2177484,Finance,4.6,Hybrid,MGR1096,57,16,High,2016,10,Experienced
3605,EMP101335,2026,Cognizant,Operations Analyst,Male,CA,Financial pressure,Tamil Nadu,Operations,Employee_1336,2190491,Finance,4.1,Remote,MGR1135,43,38,Low,2016,10,Experienced
3606,EMP101376,2026,Ola Electric,Product Designer,Female,Diploma,Cost reduction,Tamil Nadu,Product,Employee_1377,411307,HR,4.7,Hybrid,MGR1026,51,36,Medium,2018,8,Experienced
3607,EMP101394,2026,Samsung,Recruiter,Non-binary,Diploma,Role redundancy,Haryana,Human Resources,Employee_1395,1560670,Marketing,3.6,Hybrid,MGR1044,4,58,Medium,2022,4,Experienced
3608,EMP101401,2026,Axis Bank,Financial Analyst,Female,BCA,Project closure,Punjab,Finance,Employee_1402,1229879,Support,2.4,Hybrid,MGR1051,19,36,Medium,2018,8,Experienced
3609,EMP101429,2026,CorroHealth,Digital Marketing Specialist,Male,M.Tech,Performance review,West Bengal,Marketing,Employee_1430,479997,IT,4.3,Hybrid,MGR1079,6,33,Medium,2018,8,Experienced
3610,EMP101486,2026,Adda247,Accountant,Female,M.Tech,Business restructuring,Uttar Pradesh,Finance,Employee_1487,1312403,Operations,2.7,WFO,MGR1136,77,0,Medium,2023,3,Experienced
3611,EMP101525,2026,Amazon,Finance Executive,Female,B.E.,Cost reduction,Madhya Pradesh,Finance,Employee_1526,1089923,IT,3.4,Hybrid,MGR1025,59,58,Low,2024,2,Experienced
3612,EMP101527,2026,Krutrim,Talent Acquisition Specialist,Male,BCA,Financial pressure,Odisha,Human Resources,Employee_1528,281724,Support,3.8,WFO,MGR1027,29,45,Low,2024,2,Experienced
3613,EMP101567,2026,Oracle,Software Developer,Non-binary,B.Sc,Cost reduction,Uttar Pradesh,Engineering,Employee_1568,450987,Marketing,3.8,WFO,MGR1067,76,45,High,2018,8,Experienced
3614,EMP101581,2026,Amazon,Finance Executive,Female,BBA,Automation adoption,Maharashtra,Finance,Employee_1582,2027576,Operations,3.4,Hybrid,MGR1081,62,22,Medium,2015,11,Experienced
3615,EMP101585,2026,Oracle,HR Executive,Male,M.Com,Business restructuring,Haryana,Human Resources,Employee_1586,515248,Finance,5.0,WFO,MGR1085,20,7,Low,2023,3,Experienced
3616,EMP101592,2026,Amazon,HR Executive,Non-binary,BCA,Market demand decline,Uttar Pradesh,Human Resources,Employee_1593,1128171,Support,4.9,WFO,MGR1092,71,25,Medium,2020,6,Experienced
3617,EMP101624,2026,Infosys,QA Engineer,Male,B.E.,Role redundancy,Karnataka,Engineering,Employee_1625,1786325,Marketing,4.0,Hybrid,MGR1124,69,3,Low,2020,6,Experienced
3618,EMP101628,2026,TCS,UX Designer,Non-binary,M.Com,Business slowdown,Maharashtra,Product,Employee_1629,275648,Support,4.8,Remote,MGR1128,1,21,Medium,2022,4,Experienced
3619,EMP101654,2026,Infosys,Sales Manager,Female,B.Sc,Cost reduction,Punjab,Sales,Employee_1655,1710817,HR,3.2,Remote,MGR1004,31,51,High,2024,2,Experienced
3620,EMP101655,2026,Zupee,Sales Manager,Female,CA,Financial pressure,Odisha,Sales,Employee_1656,1817860,HR,2.1,Hybrid,MGR1005,19,31,Medium,2019,7,Experienced
3621,EMP101676,2026,Samsung,Data Analyst,Female,M.Com,Role redundancy,Haryana,Analytics,Employee_1677,401575,Marketing,2.7,WFO,MGR1026,5,57,High,2020,6,Experienced
3622,EMP101762,2026,Cognizant,Inside Sales Executive,Female,BBA,Cost reduction,Delhi,Sales,Employee_1763,862355,Finance,4.3,Remote,MGR1112,11,18,High,2019,7,Experienced
3623,EMP101788,2026,TCS,Technical Support Executive,Female,B.Sc,Business restructuring,Tamil Nadu,Customer Support,Employee_1789,1261254,HR,3.3,Hybrid,MGR1138,76,37,Low,2020,6,Experienced
3624,EMP101799,2026,Infosys,Accountant,Female,B.Sc,Business slowdown,Punjab,Finance,Employee_1800,1226799,Finance,3.2,Hybrid,MGR1149,72,24,Medium,2017,9,Experienced
3625,EMP101811,2026,PayPal,Digital Marketing Specialist,Non-binary,B.E.,Financial pressure,Kerala,Marketing,Employee_1812,1732099,Marketing,3.6,WFO,MGR1011,77,31,Low,2024,2,Experienced
3626,EMP101844,2026,Oracle,Frontend Developer,Non-binary,B.E.,Role redundancy,Gujarat,Engineering,Employee_1845,540331,Operations,4.5,WFO,MGR1044,75,28,Low,2019,7,Experienced
3627,EMP101882,2026,Livspace,Support Analyst,Female,MCA,Business slowdown,Maharashtra,Customer Support,Employee_1883,1867713,Sales,2.6,WFO,MGR1082,14,37,Medium,2021,5,Experienced
3628,EMP101885,2026,Paytm,Recruiter,Non-binary,M.Com,Role redundancy,Andhra Pradesh,Human Resources,Employee_1886,813749,IT,3.8,WFO,MGR1085,10,9,High,2015,11,Experienced
3629,EMP101901,2026,Visa,Sales Executive,Female,B.E.,Financial pressure,Maharashtra,Sales,Employee_1902,448640,Marketing,4.1,WFO,MGR1101,34,2,High,2018,8,Experienced
3630,EMP101961,2026,Freshworks,Office Administrator,Non-binary,M.Com,Project closure,Gujarat,Administration,Employee_1962,773368,HR,3.6,WFO,MGR1011,25,53,High,2021,5,Experienced
3631,EMP102065,2026,CorroHealth,Talent Acquisition Specialist,Female,B.Sc,Automation adoption,Odisha,Human Resources,Employee_2066,2192200,Marketing,4.9,Hybrid,MGR1115,61,2,High,2021,5,Experienced
3632,EMP102070,2026,Flipkart,HR Business Partner,Male,BCA,Business slowdown,Haryana,Human Resources,Employee_2071,601921,IT,3.4,Hybrid,MGR1120,52,47,Low,2024,2,Experienced
3633,EMP102141,2026,Samsung,Digital Marketing Specialist,Non-binary,BBA,Market demand decline,Telangana,Marketing,Employee_2142,431854,Sales,3.7,Hybrid,MGR1041,68,6,High,2023,3,Experienced
3634,EMP102181,2026,Meta,Operations Analyst,Non-binary,MCA,Business slowdown,Uttar Pradesh,Operations,Employee_2182,1231580,IT,2.0,Remote,MGR1081,2,45,High,2023,3,Experienced
3635,EMP102189,2026,PayPal,BI Analyst,Male,M.Tech,Performance review,Delhi,Analytics,Employee_2190,926358,Finance,4.5,Hybrid,MGR1089,42,47,Medium,2020,6,Experienced
3636,EMP102226,2026,Krutrim,Account Manager,Male,BCA,Business slowdown,Maharashtra,Sales,Employee_2227,516938,Operations,2.2,Hybrid,MGR1126,49,45,Medium,2021,5,Experienced
3637,EMP102234,2026,Cognizant,Product Analyst,Male,BBA,Business restructuring,Punjab,Product,Employee_2235,1234762,Operations,2.1,WFO,MGR1134,64,53,High,2021,5,Experienced
3638,EMP102287,2026,Livspace,Financial Analyst,Male,B.Tech,Project closure,West Bengal,Finance,Employee_2288,1902273,Operations,3.9,Remote,MGR1037,46,17,Low,2015,11,Experienced
3639,EMP102288,2026,TCS,Risk Analyst,Male,B.E.,Automation adoption,Rajasthan,Finance,Employee_2289,1272838,Operations,4.5,WFO,MGR1038,53,48,Medium,2024,2,Experienced
3640,EMP102324,2026,Zomato,Backend Developer,Male,Diploma,Role redundancy,West Bengal,Engineering,Employee_2325,1882353,HR,4.4,Hybrid,MGR1074,7,29,Medium,2021,5,Experienced
3641,EMP102326,2026,Oracle,Support Analyst,Male,Diploma,Workforce restructuring,Delhi,Customer Support,Employee_2327,367151,Marketing,4.5,Hybrid,MGR1076,60,17,Medium,2023,3,Experienced
3642,EMP102341,2026,Amazon,Business Development Executive,Non-binary,B.Sc,Cost reduction,Andhra Pradesh,Sales,Employee_2342,426945,IT,3.2,Remote,MGR1091,27,6,High,2017,9,Experienced
3643,EMP102377,2026,Samsung,HR Executive,Non-binary,B.E.,Workforce restructuring,Rajasthan,Human Resources,Employee_2378,259049,Sales,2.6,WFO,MGR1127,79,57,High,2017,9,Experienced
3644,EMP102432,2026,Zupee,Data Analyst,Non-binary,M.Com,Financial pressure,Kerala,Analytics,Employee_2433,710745,IT,2.1,Remote,MGR1032,26,22,Low,2017,9,Experienced
3645,EMP102536,2026,Krutrim,Product Manager,Non-binary,M.Tech,Market demand decline,Punjab,Product,Employee_2537,1437115,Operations,3.5,Remote,MGR1136,5,8,High,2015,11,Experienced
3646,EMP102584,2026,Freshworks,Product Analyst,Female,MBA,Role redundancy,Rajasthan,Product,Employee_2585,766988,Support,3.5,Hybrid,MGR1034,79,43,Medium,2024,2,Experienced
3647,EMP102589,2026,Paytm,Recruiter,Female,BCA,Performance review,Odisha,Human Resources,Employee_2590,377898,Finance,4.6,WFO,MGR1039,34,4,High,2019,7,Experienced
3648,EMP102595,2026,Livspace,Recruiter,Female,M.Com,Market demand decline,Haryana,Human Resources,Employee_2596,1814883,Support,4.8,Remote,MGR1045,69,10,Low,2023,3,Experienced
3649,EMP102599,2026,Infosys,Product Designer,Male,M.Tech,Project closure,Maharashtra,Product,Employee_2600,1796300,IT,2.4,Hybrid,MGR1049,1,52,High,2022,4,Experienced
3650,EMP102650,2026,Adda247,Sales Executive,Male,BCA,Role redundancy,Uttar Pradesh,Sales,Employee_2651,1846258,Operations,2.8,Remote,MGR1100,17,29,High,2018,8,Experienced
3651,EMP102709,2026,Zupee,Operations Manager,Male,MCA,Automation adoption,Uttar Pradesh,Operations,Employee_2710,1702551,IT,3.9,WFO,MGR1009,38,11,Medium,2022,4,Experienced
3652,EMP102723,2026,Krutrim,Technical Support Executive,Male,BCA,Workforce restructuring,Andhra Pradesh,Customer Support,Employee_2724,1930170,Marketing,4.8,Hybrid,MGR1023,32,37,Medium,2019,7,Experienced
3653,EMP102790,2026,HDFC Bank,Facilities Executive,Non-binary,MCA,Automation adoption,Gujarat,Administration,Employee_2791,1289115,Support,2.2,WFO,MGR1090,10,2,High,2020,6,Experienced
3654,EMP102888,2026,Flipkart,Product Designer,Female,CA,Financial pressure,Punjab,Product,Employee_2889,898655,IT,4.1,Hybrid,MGR1038,11,39,High,2021,5,Experienced
3655,EMP102956,2026,Meta,Content Manager,Male,M.Tech,Financial pressure,Tamil Nadu,Marketing,Employee_2957,1117841,IT,4.1,Hybrid,MGR1106,49,25,Low,2024,2,Experienced
3656,EMP103003,2026,Meta,Recruiter,Female,M.Tech,Business restructuring,Uttar Pradesh,Human Resources,Employee_3004,268280,HR,4.5,Remote,MGR1003,24,25,Low,2021,5,Experienced
3657,EMP103057,2026,Zomato,Process Associate,Non-binary,MCA,Workforce restructuring,Haryana,Operations,Employee_3058,713570,HR,4.2,WFO,MGR1057,36,52,High,2021,5,Experienced
3658,EMP103083,2026,Visa,Customer Support Executive,Non-binary,Diploma,Financial pressure,West Bengal,Customer Support,Employee_3084,978684,IT,2.4,Remote,MGR1083,34,16,Low,2017,9,Experienced
3659,EMP103119,2026,CorroHealth,Technical Support Executive,Non-binary,B.Sc,Cost reduction,Andhra Pradesh,Customer Support,Employee_3120,955613,Sales,2.2,Hybrid,MGR1119,47,10,High,2023,3,Experienced
3660,EMP103230,2026,Visa,Accountant,Non-binary,MBA,Automation adoption,Haryana,Finance,Employee_3231,1680611,Marketing,2.6,Remote,MGR1080,30,26,Medium,2024,2,Experienced
3661,EMP103241,2026,TCS,Operations Analyst,Non-binary,M.Tech,Cost reduction,Rajasthan,Operations,Employee_3242,1703868,Sales,4.0,WFO,MGR1091,18,58,Low,2024,2,Experienced
3662,EMP103262,2026,TCS,Customer Success Executive,Non-binary,M.Com,Business restructuring,Maharashtra,Customer Support,Employee_3263,939875,Sales,3.9,WFO,MGR1112,18,46,Low,2022,4,Experienced
3663,EMP103279,2026,Paytm,Support Analyst,Non-binary,B.E.,Business slowdown,Punjab,Customer Support,Employee_3280,2166400,Support,4.7,Hybrid,MGR1129,17,0,High,2019,7,Experienced
3664,EMP103302,2026,Games24x7,Financial Analyst,Female,BCA,Role redundancy,West Bengal,Finance,Employee_3303,1254306,Support,5.0,Hybrid,MGR1002,26,29,Medium,2022,4,Experienced
3665,EMP103309,2026,Microsoft,Data Scientist,Female,MBA,Business slowdown,Telangana,Analytics,Employee_3310,632379,Support,3.4,Remote,MGR1009,53,46,High,2020,6,Experienced
3666,EMP103313,2026,CorroHealth,Growth Manager,Non-binary,BCA,Business restructuring,Haryana,Marketing,Employee_3314,1239114,Sales,3.5,WFO,MGR1013,59,19,Low,2020,6,Experienced
3667,EMP103317,2026,PayPal,Product Manager,Non-binary,B.Tech,Workforce restructuring,Kerala,Product,Employee_3318,1139321,Operations,3.9,WFO,MGR1017,48,44,High,2023,3,Experienced
3668,EMP103383,2026,Amazon,Software Engineer,Male,CA,Financial pressure,Uttar Pradesh,Engineering,Employee_3384,621124,HR,4.6,Remote,MGR1083,75,57,Low,2015,11,Experienced
3669,EMP103462,2026,Freshworks,UX Designer,Non-binary,M.Com,Market demand decline,Telangana,Product,Employee_3463,649594,Marketing,2.4,WFO,MGR1012,34,0,Low,2018,8,Experienced
3670,EMP103477,2026,Games24x7,Sales Executive,Female,BCA,Business slowdown,Rajasthan,Sales,Employee_3478,830423,HR,2.6,Hybrid,MGR1027,23,27,Medium,2024,2,Experienced
3671,EMP103522,2026,Infosys,HR Executive,Female,M.Com,Role redundancy,Haryana,Human Resources,Employee_3523,1495751,Operations,4.2,WFO,MGR1072,57,51,Low,2018,8,Experienced
3672,EMP103544,2026,Games24x7,MIS Executive,Male,Diploma,Project closure,Haryana,Analytics,Employee_3545,1330605,Marketing,2.4,WFO,MGR1094,75,55,Low,2024,2,Experienced
3673,EMP103546,2026,Samsung,Product Manager,Female,MCA,Automation adoption,Haryana,Product,Employee_3547,1334695,IT,2.4,Remote,MGR1096,25,36,High,2016,10,Experienced
3674,EMP103567,2026,Axis Bank,Sales Executive,Male,BBA,Project closure,West Bengal,Sales,Employee_3568,1571067,Finance,4.6,WFO,MGR1117,39,53,Medium,2021,5,Experienced
3675,EMP103614,2026,Oracle,Content Manager,Male,B.E.,Cost reduction,Kerala,Marketing,Employee_3615,997212,Marketing,4.4,Hybrid,MGR1014,6,48,Medium,2018,8,Experienced
3676,EMP103638,2026,CorroHealth,DevOps Engineer,Male,M.Tech,Business slowdown,Punjab,Engineering,Employee_3639,1593049,Operations,2.2,Remote,MGR1038,63,2,Low,2020,6,Experienced
3677,EMP103693,2026,Livspace,Facilities Executive,Male,M.Com,Performance review,West Bengal,Administration,Employee_3694,1922892,HR,3.2,Hybrid,MGR1093,55,12,Low,2020,6,Experienced
3678,EMP103725,2026,Livspace,Account Manager,Female,B.Sc,Workforce restructuring,Rajasthan,Sales,Employee_3726,2094402,Sales,3.8,Hybrid,MGR1125,58,42,Low,2022,4,Experienced
3679,EMP103781,2026,Paytm,Admin Executive,Female,CA,Role redundancy,Maharashtra,Customer Support,Employee_3782,1683604,Operations,3.6,Remote,MGR1031,55,39,Medium,2018,8,Experienced
3680,EMP103787,2026,Visa,Customer Success Executive,Male,B.Sc,Workforce restructuring,Rajasthan,Customer Support,Employee_3788,1367318,Operations,3.7,Remote,MGR1037,25,48,Medium,2024,2,Experienced
3681,EMP103788,2026,Infosys,Financial Analyst,Non-binary,BCA,Financial pressure,Gujarat,Finance,Employee_3789,1762865,IT,4.6,Remote,MGR1038,40,17,Medium,2022,4,Experienced
3682,EMP103868,2026,Paytm,Business Analyst,Male,MCA,Automation adoption,Odisha,Analytics,Employee_3869,1746664,Support,4.5,Hybrid,MGR1118,32,12,High,2015,11,Experienced
3683,EMP103884,2026,Wipro,Marketing Executive,Male,BBA,Financial pressure,Kerala,Marketing,Employee_3885,1238466,Finance,2.5,Remote,MGR1134,22,19,Low,2020,6,Experienced
3684,EMP103939,2026,PayPal,Accountant,Non-binary,MBA,Role redundancy,Maharashtra,Finance,Employee_3940,1961644,Operations,3.0,Hybrid,MGR1039,0,50,Low,2016,10,Experienced
3685,EMP103948,2026,Samsung,DevOps Engineer,Female,BCA,Role redundancy,Odisha,Engineering,Employee_3949,725886,Sales,4.5,Remote,MGR1048,73,57,Low,2018,8,Experienced
3686,EMP103985,2026,Infosys,Risk Analyst,Non-binary,BBA,Automation adoption,West Bengal,Finance,Employee_3986,1953920,Operations,4.3,Remote,MGR1085,46,24,High,2018,8,Experienced
3687,EMP104022,2026,Axis Bank,HR Executive,Male,M.Tech,Workforce restructuring,Kerala,Human Resources,Employee_4023,538915,Operations,3.9,WFO,MGR1122,46,28,Low,2017,9,Experienced
3688,EMP104085,2026,Ola Electric,Marketing Executive,Female,M.Com,Project closure,Maharashtra,Marketing,Employee_4086,808673,Support,2.5,Remote,MGR1035,27,33,Low,2022,4,Experienced
3689,EMP104087,2026,Freshworks,Operations Manager,Non-binary,MCA,Business slowdown,Rajasthan,Operations,Employee_4088,1884264,Operations,2.2,WFO,MGR1037,11,43,High,2015,11,Experienced
3690,EMP104092,2026,Zupee,Account Manager,Female,BCA,Business restructuring,Haryana,Sales,Employee_4093,1046690,Finance,4.2,WFO,MGR1042,55,48,High,2023,3,Experienced
3691,EMP104109,2026,Ola Electric,QA Engineer,Non-binary,BBA,Role redundancy,Telangana,Engineering,Employee_4110,601135,HR,3.6,Hybrid,MGR1059,41,25,Low,2024,2,Experienced
3692,EMP104130,2026,Paytm,Content Manager,Non-binary,CA,Financial pressure,Punjab,Marketing,Employee_4131,1252045,Support,4.3,Remote,MGR1080,59,50,High,2022,4,Experienced
3693,EMP104158,2026,Samsung,Product Designer,Male,B.E.,Workforce restructuring,Haryana,Product,Employee_4159,1869752,Finance,5.0,WFO,MGR1108,40,28,High,2020,6,Experienced
3694,EMP104204,2026,Paytm,Operations Manager,Female,MBA,Financial pressure,Maharashtra,Operations,Employee_4205,916143,Marketing,4.7,WFO,MGR1004,58,38,Low,2020,6,Experienced
3695,EMP104337,2026,Flipkart,Talent Acquisition Specialist,Male,M.Com,Role redundancy,Maharashtra,Human Resources,Employee_4338,447574,Marketing,4.6,Hybrid,MGR1137,64,55,High,2021,5,Experienced
3696,EMP104394,2026,CorroHealth,Talent Acquisition Specialist,Male,Diploma,Cost reduction,Uttar Pradesh,Human Resources,Employee_4395,993895,HR,3.2,Remote,MGR1044,25,33,Low,2022,4,Experienced
3697,EMP104411,2026,CorroHealth,Customer Support Executive,Non-binary,M.Tech,Market demand decline,Andhra Pradesh,Customer Support,Employee_4412,323746,Support,4.5,WFO,MGR1061,79,44,High,2017,9,Experienced
3698,EMP104432,2026,Flipkart,Facilities Executive,Female,Diploma,Business restructuring,Haryana,Administration,Employee_4433,1441499,Sales,2.0,WFO,MGR1082,44,5,Low,2019,7,Experienced
3699,EMP104437,2026,Wipro,Reporting Analyst,Male,BCA,Performance review,Punjab,Analytics,Employee_4438,747289,HR,2.0,Hybrid,MGR1087,54,14,Medium,2017,9,Experienced
3700,EMP104505,2026,Samsung,Data Scientist,Male,MCA,Financial pressure,Gujarat,Analytics,Employee_4506,728921,HR,2.3,Remote,MGR1005,78,7,High,2017,9,Experienced
3701,EMP104515,2026,CorroHealth,Operations Executive,Non-binary,MBA,Financial pressure,Karnataka,Operations,Employee_4516,1131886,IT,4.4,WFO,MGR1015,71,59,Medium,2015,11,Experienced
3702,EMP104529,2026,Freshworks,Software Engineer,Male,M.Tech,Automation adoption,Maharashtra,Engineering,Employee_4530,2173062,Support,2.9,WFO,MGR1029,45,13,High,2023,3,Experienced
3703,EMP100010,2026,TCS,MIS Executive,Non-binary,CA,Business slowdown,Uttar Pradesh,Analytics,Employee_11,1912510,Operations,4.5,Remote,MGR1010,14,6,High,2023,3,Experienced
3704,EMP100057,2026,Flipkart,Product Manager,Male,Diploma,Market demand decline,Punjab,Product,Employee_58,540800,Finance,3.5,WFO,MGR1057,58,45,Medium,2015,11,Experienced
3705,EMP100119,2026,Paytm,Sales Executive,Non-binary,B.Tech,Performance review,Odisha,Sales,Employee_120,1653409,Operations,2.5,Remote,MGR1119,68,59,High,2016,10,Experienced
3706,EMP100188,2026,Amazon,BI Analyst,Female,MCA,Role redundancy,Kerala,Analytics,Employee_189,1244541,IT,2.9,Hybrid,MGR1038,14,41,Medium,2015,11,Experienced
3707,EMP100201,2026,Axis Bank,DevOps Engineer,Male,M.Com,Project closure,Kerala,Engineering,Employee_202,1841532,Support,2.3,WFO,MGR1051,51,18,Medium,2022,4,Experienced
3708,EMP100206,2026,Oracle,Digital Marketing Specialist,Male,M.Com,Automation adoption,Delhi,Marketing,Employee_207,828728,HR,2.6,WFO,MGR1056,22,11,High,2020,6,Experienced
3709,EMP100271,2026,Oracle,Office Administrator,Non-binary,MCA,Role redundancy,Haryana,Administration,Employee_272,2184376,Support,3.0,Remote,MGR1121,75,54,Medium,2021,5,Experienced
3710,EMP100278,2026,Livspace,Technical Support Executive,Non-binary,CA,Financial pressure,Maharashtra,Customer Support,Employee_279,1049880,Marketing,3.8,Hybrid,MGR1128,52,17,Medium,2016,10,Experienced
3711,EMP100309,2026,Freshworks,Business Development Executive,Non-binary,B.Tech,Role redundancy,Tamil Nadu,Sales,Employee_310,1885655,Marketing,2.0,WFO,MGR1009,51,20,Low,2017,9,Experienced
3712,EMP100377,2026,Amazon,UX Designer,Non-binary,B.Tech,Workforce restructuring,Delhi,Product,Employee_378,535738,HR,4.4,WFO,MGR1077,14,33,Low,2022,4,Experienced
3713,EMP100406,2026,Amazon,Reporting Analyst,Male,B.Tech,Business slowdown,Delhi,Analytics,Employee_407,1425197,Operations,2.0,Hybrid,MGR1106,60,12,High,2020,6,Experienced
3714,EMP100439,2026,PayPal,Tech Lead,Non-binary,B.Tech,Business restructuring,Haryana,Engineering,Employee_440,359977,Operations,3.4,Hybrid,MGR1139,41,57,Medium,2022,4,Experienced
3715,EMP100527,2026,Adda247,Process Associate,Female,B.Sc,Automation adoption,Punjab,Operations,Employee_528,1984748,Support,2.8,Remote,MGR1077,24,10,High,2015,11,Experienced
3716,EMP100566,2026,Freshworks,Growth Manager,Non-binary,Diploma,Business restructuring,Madhya Pradesh,Marketing,Employee_567,1253503,Sales,4.7,Hybrid,MGR1116,60,41,Medium,2022,4,Experienced
3717,EMP100635,2026,Games24x7,UX Designer,Male,Diploma,Workforce restructuring,Maharashtra,Product,Employee_636,1748756,Sales,4.5,WFO,MGR1035,11,12,High,2015,11,Experienced
3718,EMP100636,2026,Paytm,Technical Support Executive,Male,M.Tech,Cost reduction,Maharashtra,Customer Support,Employee_637,1885756,Operations,4.2,Hybrid,MGR1036,18,39,Low,2021,5,Experienced
3719,EMP100643,2026,Games24x7,Sales Manager,Female,B.Tech,Market demand decline,Andhra Pradesh,Sales,Employee_644,1583293,Operations,2.7,Hybrid,MGR1043,13,54,Low,2016,10,Experienced
3720,EMP100649,2026,Samsung,Process Associate,Male,CA,Business restructuring,West Bengal,Operations,Employee_650,1494519,Sales,2.9,Remote,MGR1049,35,48,Low,2016,10,Experienced
3721,EMP100662,2026,Adda247,HR Business Partner,Non-binary,M.Tech,Business restructuring,Karnataka,Human Resources,Employee_663,281493,Marketing,4.4,WFO,MGR1062,8,41,High,2017,9,Experienced
3722,EMP100696,2026,Microsoft,Admin Executive,Non-binary,M.Com,Business slowdown,Kerala,Administration,Employee_697,1580464,HR,3.2,WFO,MGR1096,55,3,Medium,2024,2,Experienced
3723,EMP100738,2026,Samsung,Recruiter,Non-binary,M.Com,Financial pressure,Haryana,Human Resources,Employee_739,1423014,Marketing,3.5,Hybrid,MGR1138,32,0,High,2019,7,Experienced
3724,EMP100756,2026,HDFC Bank,Facilities Executive,Female,B.Sc,Financial pressure,Uttar Pradesh,Administration,Employee_757,1947539,Finance,3.3,Hybrid,MGR1006,46,50,Medium,2016,10,Experienced
3725,EMP100792,2026,Flipkart,Admin Executive,Non-binary,BCA,Market demand decline,Punjab,Administration,Employee_793,771939,Sales,3.5,Hybrid,MGR1042,38,59,High,2020,6,Experienced
3726,EMP100812,2026,Zomato,Software Developer,Female,MBA,Cost reduction,Uttar Pradesh,Engineering,Employee_813,2028912,Support,4.1,WFO,MGR1062,67,10,Medium,2016,10,Experienced
3727,EMP100820,2026,Infosys,HR Executive,Non-binary,M.Tech,Business restructuring,Tamil Nadu,Human Resources,Employee_821,1271788,Sales,2.7,Remote,MGR1070,16,41,High,2015,11,Experienced
3728,EMP100843,2026,Visa,Growth Manager,Male,B.Sc,Role redundancy,Tamil Nadu,Marketing,Employee_844,514067,Finance,4.2,Hybrid,MGR1093,50,30,High,2015,11,Experienced
3729,EMP100856,2026,CorroHealth,Inside Sales Executive,Non-binary,M.Tech,Market demand decline,Odisha,Sales,Employee_857,646271,Support,3.9,Remote,MGR1106,57,19,High,2015,11,Experienced
3730,EMP100947,2026,Zomato,Operations Analyst,Female,BBA,Project closure,Uttar Pradesh,Operations,Employee_948,1051678,Operations,3.6,WFO,MGR1047,76,9,Low,2019,7,Experienced
3731,EMP100982,2026,Flipkart,Growth Manager,Non-binary,MCA,Cost reduction,West Bengal,Marketing,Employee_983,1033315,Finance,3.8,Remote,MGR1082,79,13,Medium,2017,9,Experienced
3732,EMP100995,2026,Games24x7,Business Development Executive,Male,MCA,Cost reduction,West Bengal,Sales,Employee_996,749867,IT,2.1,Remote,MGR1095,15,22,Medium,2020,6,Experienced
3733,EMP101013,2026,Flipkart,Growth Manager,Male,MBA,Role redundancy,Rajasthan,Marketing,Employee_1014,1863973,Sales,2.3,Hybrid,MGR1113,37,13,Medium,2024,2,Experienced
3734,EMP101016,2026,TCS,Risk Analyst,Male,MCA,Market demand decline,West Bengal,Finance,Employee_1017,1599490,IT,2.8,Hybrid,MGR1116,32,8,High,2016,10,Experienced
3735,EMP101018,2026,CorroHealth,Customer Success Executive,Male,CA,Project closure,Maharashtra,Customer Support,Employee_1019,851569,Marketing,4.0,Hybrid,MGR1118,31,45,Low,2024,2,Experienced
3736,EMP101042,2026,Freshworks,QA Engineer,Male,M.Tech,Automation adoption,Uttar Pradesh,Engineering,Employee_1043,1584159,Finance,4.7,Remote,MGR1142,49,10,Low,2020,6,Experienced
3737,EMP101074,2026,Krutrim,Operations Manager,Non-binary,MCA,Cost reduction,Odisha,Operations,Employee_1075,783606,Marketing,4.4,Remote,MGR1024,12,26,High,2021,5,Experienced
3738,EMP101097,2026,Zomato,Accountant,Non-binary,B.E.,Market demand decline,Gujarat,Finance,Employee_1098,1115478,Operations,2.5,Hybrid,MGR1047,74,30,Medium,2022,4,Experienced
3739,EMP101098,2026,HDFC Bank,Product Designer,Female,BCA,Performance review,Telangana,Product,Employee_1099,1755012,Support,2.3,Hybrid,MGR1048,37,6,Medium,2018,8,Experienced
3740,EMP101109,2026,Paytm,Talent Acquisition Specialist,Non-binary,BCA,Performance review,Karnataka,Human Resources,Employee_1110,888037,Marketing,4.1,Remote,MGR1059,33,2,High,2020,6,Experienced
3741,EMP101128,2026,Wipro,Inside Sales Executive,Non-binary,Diploma,Role redundancy,West Bengal,Sales,Employee_1129,1518457,Support,3.1,WFO,MGR1078,28,14,Low,2022,4,Experienced
3742,EMP101184,2026,Infosys,Content Manager,Non-binary,MCA,Business restructuring,Tamil Nadu,Marketing,Employee_1185,371903,Sales,4.4,WFO,MGR1134,44,30,High,2021,5,Experienced
3743,EMP101206,2026,Visa,Data Scientist,Non-binary,M.Com,Automation adoption,Karnataka,Analytics,Employee_1207,1041578,Support,2.1,WFO,MGR1006,47,11,High,2024,2,Experienced
3744,EMP101291,2026,Zupee,Accountant,Male,M.Tech,Automation adoption,Delhi,Finance,Employee_1292,1320266,Finance,3.5,Remote,MGR1091,18,22,Low,2022,4,Experienced
3745,EMP101369,2026,Adda247,Customer Support Executive,Non-binary,B.Sc,Business restructuring,Odisha,Customer Support,Employee_1370,1550185,Operations,2.2,Hybrid,MGR1019,1,35,Low,2020,6,Experienced
3746,EMP101393,2026,Games24x7,Support Analyst,Non-binary,M.Com,Business slowdown,Madhya Pradesh,Customer Support,Employee_1394,976005,Sales,4.5,WFO,MGR1043,20,59,Medium,2023,3,Experienced
3747,EMP101533,2026,Meta,Admin Executive,Non-binary,CA,Project closure,Maharashtra,Administration,Employee_1534,2048304,HR,2.6,WFO,MGR1033,11,23,Low,2015,11,Experienced
3748,EMP101545,2026,Flipkart,Product Analyst,Male,B.Tech,Workforce restructuring,Andhra Pradesh,Product,Employee_1546,427247,Marketing,4.2,WFO,MGR1045,0,39,High,2019,7,Experienced
3749,EMP101604,2026,CorroHealth,Talent Acquisition Specialist,Non-binary,CA,Business slowdown,Tamil Nadu,Human Resources,Employee_1605,1554669,HR,4.6,WFO,MGR1104,8,49,Low,2015,11,Experienced
3750,EMP101621,2026,Livspace,Product Analyst,Male,B.Sc,Business restructuring,West Bengal,Product,Employee_1622,1712257,Sales,5.0,Hybrid,MGR1121,19,49,High,2016,10,Experienced
3751,EMP101648,2026,TCS,Finance Executive,Female,M.Com,Workforce restructuring,Rajasthan,Finance,Employee_1649,1995787,IT,2.1,Hybrid,MGR1148,51,28,High,2023,3,Experienced
3752,EMP101722,2026,Adda247,HR Business Partner,Non-binary,M.Tech,Market demand decline,Tamil Nadu,Human Resources,Employee_1723,1138724,Sales,3.8,Remote,MGR1072,71,20,Low,2017,9,Experienced
3753,EMP101839,2026,Adda247,Customer Support Executive,Male,CA,Performance review,Rajasthan,Customer Support,Employee_1840,831610,Operations,2.2,Hybrid,MGR1039,8,40,Low,2015,11,Experienced
3754,EMP101856,2026,Zomato,MIS Executive,Male,BCA,Business restructuring,Uttar Pradesh,Analytics,Employee_1857,1910583,Finance,4.7,Remote,MGR1056,66,24,High,2016,10,Experienced
3755,EMP101874,2026,PayPal,Sales Manager,Non-binary,MCA,Cost reduction,Telangana,Sales,Employee_1875,881691,Finance,2.6,Remote,MGR1074,65,54,Medium,2015,11,Experienced
3756,EMP101883,2026,Cognizant,Office Administrator,Female,B.E.,Workforce restructuring,Maharashtra,Administration,Employee_1884,2136354,IT,5.0,WFO,MGR1083,11,1,High,2020,6,Experienced
3757,EMP101972,2026,Krutrim,Software Developer,Female,B.E.,Workforce restructuring,Kerala,Engineering,Employee_1973,1485290,Sales,4.8,Hybrid,MGR1022,10,43,High,2018,8,Experienced
3758,EMP101994,2026,Samsung,Support Analyst,Non-binary,CA,Business slowdown,Odisha,Customer Support,Employee_1995,485696,Operations,2.0,Hybrid,MGR1044,51,19,High,2019,7,Experienced
3759,EMP101998,2026,PayPal,Inside Sales Executive,Non-binary,MBA,Business slowdown,Madhya Pradesh,Sales,Employee_1999,521357,Sales,4.8,Remote,MGR1048,16,7,High,2017,9,Experienced
3760,EMP102112,2026,Infosys,Admin Executive,Male,M.Com,Automation adoption,Odisha,Administration,Employee_2113,2105478,Finance,4.0,Remote,MGR1012,47,5,Low,2019,7,Experienced
3761,EMP102151,2026,Flipkart,Backend Developer,Male,B.Sc,Business restructuring,Haryana,Engineering,Employee_2152,1217071,Support,4.9,WFO,MGR1051,72,35,Medium,2018,8,Experienced
3762,EMP102175,2026,Zupee,HR Executive,Non-binary,BCA,Role redundancy,Uttar Pradesh,Human Resources,Employee_2176,665942,IT,3.9,WFO,MGR1075,36,20,Medium,2021,5,Experienced
3763,EMP102275,2026,Livspace,Finance Executive,Male,BBA,Business restructuring,West Bengal,Finance,Employee_2276,1573492,HR,3.0,Remote,MGR1025,6,26,Medium,2018,8,Experienced
3764,EMP102375,2026,Zupee,Account Manager,Non-binary,BBA,Business slowdown,Delhi,Sales,Employee_2376,993845,Finance,4.1,WFO,MGR1125,66,8,Low,2019,7,Experienced
3765,EMP102388,2026,Zomato,Risk Analyst,Non-binary,MBA,Project closure,Kerala,Finance,Employee_2389,564949,Finance,3.6,Hybrid,MGR1138,52,50,Medium,2024,2,Experienced
3766,EMP102407,2026,Zupee,Software Engineer,Non-binary,MCA,Project closure,Rajasthan,Engineering,Employee_2408,1899793,Support,4.8,Hybrid,MGR1007,32,25,Low,2024,2,Experienced
3767,EMP102465,2026,Krutrim,Admin Executive,Non-binary,B.Tech,Cost reduction,West Bengal,Sales,Employee_2466,462630,HR,3.0,WFO,MGR1065,35,51,Medium,2021,5,Experienced
3768,EMP102479,2026,Visa,Digital Marketing Specialist,Female,B.Tech,Project closure,Kerala,Marketing,Employee_2480,573678,Sales,3.6,Hybrid,MGR1079,14,30,High,2015,11,Experienced
3769,EMP102508,2026,Krutrim,UX Designer,Male,B.Tech,Project closure,Odisha,Product,Employee_2509,1233146,Support,2.5,WFO,MGR1108,74,15,High,2023,3,Experienced
3770,EMP102569,2026,Microsoft,Admin Executive,Male,BCA,Role redundancy,Karnataka,Administration,Employee_2570,2033283,Support,4.5,WFO,MGR1019,11,41,High,2019,7,Experienced
3771,EMP102578,2026,Livspace,UX Designer,Male,B.E.,Market demand decline,Madhya Pradesh,Product,Employee_2579,1422144,Support,3.0,Remote,MGR1028,64,37,Low,2021,5,Experienced
3772,EMP102597,2026,Livspace,Product Analyst,Non-binary,BBA,Market demand decline,West Bengal,Product,Employee_2598,417339,HR,3.0,Hybrid,MGR1047,68,47,Medium,2016,10,Experienced
3773,EMP102618,2026,Cognizant,Finance Executive,Female,M.Com,Business slowdown,Rajasthan,Finance,Employee_2619,1958178,IT,2.4,Remote,MGR1068,5,36,Low,2020,6,Experienced
3774,EMP102695,2026,Krutrim,Operations Manager,Non-binary,MCA,Cost reduction,Odisha,Operations,Employee_2696,1717898,IT,3.0,Hybrid,MGR1145,32,34,High,2023,3,Experienced
3775,EMP102701,2026,Samsung,Accountant,Female,Diploma,Performance review,Madhya Pradesh,Finance,Employee_2702,1454429,Marketing,2.8,WFO,MGR1001,77,38,High,2024,2,Experienced
3776,EMP102712,2026,Cognizant,QA Engineer,Male,B.E.,Project closure,Tamil Nadu,Engineering,Employee_2713,2002949,Operations,4.4,Hybrid,MGR1012,3,22,High,2016,10,Experienced
3777,EMP102719,2026,Krutrim,HR Executive,Male,B.E.,Role redundancy,Karnataka,Human Resources,Employee_2720,1628194,Sales,2.8,Remote,MGR1019,9,36,Low,2015,11,Experienced
3778,EMP102733,2026,Krutrim,Financial Analyst,Non-binary,MBA,Business restructuring,Odisha,Finance,Employee_2734,1351995,HR,2.7,WFO,MGR1033,53,1,High,2017,9,Experienced
3779,EMP102739,2026,Zomato,Software Developer,Male,MBA,Automation adoption,Haryana,Engineering,Employee_2740,1008234,Support,4.7,Remote,MGR1039,79,46,High,2022,4,Experienced
3780,EMP102772,2026,Microsoft,Facilities Executive,Non-binary,B.Tech,Role redundancy,Haryana,Administration,Employee_2773,930778,IT,2.1,Hybrid,MGR1072,3,2,High,2015,11,Experienced
3781,EMP102781,2026,PayPal,Financial Analyst,Female,M.Com,Business slowdown,Maharashtra,Finance,Employee_2782,1822058,Operations,3.7,Remote,MGR1081,3,59,High,2015,11,Experienced
3782,EMP102786,2026,Games24x7,Support Analyst,Non-binary,BBA,Workforce restructuring,West Bengal,Customer Support,Employee_2787,1308629,IT,2.9,Remote,MGR1086,30,11,High,2015,11,Experienced
3783,EMP102841,2026,Infosys,Recruiter,Female,B.Tech,Business restructuring,Karnataka,Human Resources,Employee_2842,816608,Sales,4.2,Remote,MGR1141,53,51,Medium,2022,4,Experienced
3784,EMP102908,2026,PayPal,BI Analyst,Non-binary,BBA,Workforce restructuring,West Bengal,Analytics,Employee_2909,1101549,HR,2.2,Remote,MGR1058,32,7,Low,2023,3,Experienced
3785,EMP102960,2026,Axis Bank,Account Manager,Female,MBA,Automation adoption,Madhya Pradesh,Sales,Employee_2961,2167988,HR,5.0,WFO,MGR1110,45,25,Low,2021,5,Experienced
3786,EMP103011,2026,Axis Bank,Senior Software Engineer,Male,B.Tech,Business restructuring,West Bengal,Engineering,Employee_3012,1190775,Finance,4.9,Remote,MGR1011,38,1,Low,2023,3,Experienced
3787,EMP103023,2026,Zupee,Risk Analyst,Male,CA,Role redundancy,Gujarat,Finance,Employee_3024,476333,HR,3.4,Remote,MGR1023,74,21,Low,2023,3,Experienced
3788,EMP103105,2026,Livspace,Finance Executive,Male,B.Tech,Workforce restructuring,Haryana,Finance,Employee_3106,1532804,IT,3.6,Remote,MGR1105,43,11,High,2024,2,Experienced
3789,EMP103149,2026,Livspace,Tech Lead,Non-binary,M.Tech,Project closure,Tamil Nadu,Engineering,Employee_3150,1294251,HR,4.2,Hybrid,MGR1149,75,21,Medium,2017,9,Experienced
3790,EMP103173,2026,Meta,Customer Success Executive,Non-binary,Diploma,Cost reduction,Punjab,Customer Support,Employee_3174,1158087,HR,4.7,Hybrid,MGR1023,22,23,Medium,2015,11,Experienced
3791,EMP103175,2026,Zomato,Business Analyst,Male,BCA,Workforce restructuring,Tamil Nadu,Analytics,Employee_3176,1951500,Support,3.1,Remote,MGR1025,27,46,Medium,2019,7,Experienced
3792,EMP103194,2026,Meta,Content Manager,Non-binary,MBA,Cost reduction,Punjab,Marketing,Employee_3195,1176254,Sales,5.0,Remote,MGR1044,53,43,High,2017,9,Experienced
3793,EMP103209,2026,Microsoft,Operations Analyst,Male,MCA,Cost reduction,West Bengal,Operations,Employee_3210,2167721,Finance,2.8,Remote,MGR1059,6,57,Low,2019,7,Experienced
3794,EMP103275,2026,Axis Bank,Customer Success Executive,Female,CA,Market demand decline,Punjab,Customer Support,Employee_3276,660656,HR,4.8,Remote,MGR1125,75,26,Medium,2023,3,Experienced
3795,EMP103290,2026,Axis Bank,UX Designer,Male,M.Com,Business slowdown,Kerala,Product,Employee_3291,937689,Marketing,2.8,WFO,MGR1140,63,59,High,2019,7,Experienced
3796,EMP103325,2026,Freshworks,Operations Analyst,Male,M.Tech,Business slowdown,Maharashtra,Operations,Employee_3326,1563465,Support,4.5,Remote,MGR1025,61,1,High,2015,11,Experienced
3797,EMP103337,2026,Freshworks,Frontend Developer,Male,B.E.,Role redundancy,Rajasthan,Engineering,Employee_3338,1926432,Finance,2.5,Hybrid,MGR1037,49,23,Low,2024,2,Experienced
3798,EMP103370,2026,PayPal,Business Development Executive,Male,CA,Cost reduction,Andhra Pradesh,Sales,Employee_3371,356130,HR,2.7,WFO,MGR1070,19,40,High,2020,6,Experienced
3799,EMP103390,2026,Oracle,Technical Support Executive,Male,Diploma,Project closure,Maharashtra,Customer Support,Employee_3391,1103395,IT,4.1,Remote,MGR1090,31,38,Medium,2017,9,Experienced
3800,EMP103408,2026,Infosys,Financial Analyst,Non-binary,M.Com,Role redundancy,Kerala,Finance,Employee_3409,1295314,IT,3.0,WFO,MGR1108,3,44,High,2019,7,Experienced
3801,EMP103457,2026,Samsung,Support Analyst,Non-binary,CA,Business slowdown,Odisha,Customer Support,Employee_3458,1321253,HR,2.3,Hybrid,MGR1007,3,3,Medium,2023,3,Experienced
3802,EMP103495,2026,Livspace,Sales Manager,Non-binary,BCA,Role redundancy,Kerala,Sales,Employee_3496,1743495,Support,4.1,Remote,MGR1045,47,13,High,2024,2,Experienced
3803,EMP103663,2026,Amazon,Accountant,Non-binary,B.Tech,Financial pressure,Uttar Pradesh,Finance,Employee_3664,2075536,Sales,2.5,Remote,MGR1063,23,46,Medium,2021,5,Experienced
3804,EMP103666,2026,PayPal,Talent Acquisition Specialist,Female,CA,Project closure,Andhra Pradesh,Human Resources,Employee_3667,1925863,Finance,2.4,Hybrid,MGR1066,5,29,High,2020,6,Experienced
3805,EMP103728,2026,Zupee,BI Analyst,Non-binary,BBA,Business slowdown,Telangana,Analytics,Employee_3729,297585,Finance,2.5,Remote,MGR1128,51,13,High,2015,11,Experienced
3806,EMP103803,2026,Livspace,MIS Executive,Male,BCA,Project closure,Kerala,Analytics,Employee_3804,1628191,Operations,4.8,WFO,MGR1053,50,45,Low,2020,6,Experienced
3807,EMP103821,2026,Meta,Support Analyst,Non-binary,M.Tech,Cost reduction,Haryana,Customer Support,Employee_3822,1147250,Support,3.7,WFO,MGR1071,7,36,Medium,2021,5,Experienced
3808,EMP103907,2026,Krutrim,Process Associate,Female,BBA,Business restructuring,Telangana,Operations,Employee_3908,1032880,Operations,4.7,WFO,MGR1007,66,57,High,2022,4,Experienced
3809,EMP103926,2026,Meta,Customer Support Executive,Male,B.Tech,Role redundancy,Odisha,Customer Support,Employee_3927,1826743,IT,2.5,Hybrid,MGR1026,31,48,High,2020,6,Experienced
3810,EMP103927,2026,Freshworks,Business Analyst,Non-binary,BBA,Market demand decline,Punjab,Analytics,Employee_3928,783750,Sales,2.8,WFO,MGR1027,51,48,Medium,2018,8,Experienced
3811,EMP103946,2026,Wipro,Office Administrator,Female,Diploma,Role redundancy,Andhra Pradesh,Administration,Employee_3947,1716200,Support,2.5,Hybrid,MGR1046,47,36,High,2024,2,Experienced
3812,EMP103963,2026,TCS,Tech Lead,Female,MBA,Market demand decline,Uttar Pradesh,Engineering,Employee_3964,1238791,Sales,2.4,Remote,MGR1063,10,4,Low,2022,4,Experienced
3813,EMP104013,2026,PayPal,Business Development Executive,Female,B.Tech,Performance review,Andhra Pradesh,Sales,Employee_4014,2114772,Marketing,2.1,Remote,MGR1113,49,6,Low,2019,7,Experienced
3814,EMP104100,2026,Zomato,Software Developer,Female,MBA,Cost reduction,Uttar Pradesh,Engineering,Employee_4101,806667,Sales,3.1,WFO,MGR1050,50,18,Medium,2023,3,Experienced
3815,EMP104169,2026,TCS,Digital Marketing Specialist,Female,M.Com,Workforce restructuring,Punjab,Marketing,Employee_4170,371175,Support,2.9,WFO,MGR1119,9,9,Medium,2021,5,Experienced
3816,EMP104181,2026,Adda247,Digital Marketing Specialist,Non-binary,M.Com,Cost reduction,Madhya Pradesh,Marketing,Employee_4182,1943906,Sales,2.7,WFO,MGR1131,42,58,Low,2023,3,Experienced
3817,EMP104192,2026,Samsung,Business Development Executive,Non-binary,Diploma,Financial pressure,West Bengal,Sales,Employee_4193,395241,Marketing,2.3,WFO,MGR1142,4,56,Low,2018,8,Experienced
3818,EMP104214,2026,Flipkart,UX Designer,Male,BBA,Automation adoption,Tamil Nadu,Product,Employee_4215,1350088,Marketing,2.5,Remote,MGR1014,47,26,Low,2020,6,Experienced
3819,EMP104316,2026,PayPal,Account Manager,Female,M.Com,Performance review,Maharashtra,Sales,Employee_4317,1382914,Finance,4.0,Hybrid,MGR1116,11,47,Medium,2021,5,Experienced
3820,EMP104367,2026,Krutrim,Frontend Developer,Non-binary,B.Tech,Business restructuring,West Bengal,Engineering,Employee_4368,1844506,Support,4.7,Remote,MGR1017,50,27,Low,2021,5,Experienced
3821,EMP104368,2026,Infosys,Reporting Analyst,Female,B.E.,Project closure,West Bengal,Analytics,Employee_4369,965247,Operations,4.0,Remote,MGR1018,74,17,Medium,2021,5,Experienced
3822,EMP104455,2026,Ola Electric,HR Executive,Non-binary,BCA,Automation adoption,Rajasthan,Human Resources,Employee_4456,1909006,IT,3.1,WFO,MGR1105,18,18,High,2023,3,Experienced
3823,EMP104484,2026,Axis Bank,Support Analyst,Male,M.Tech,Role redundancy,Maharashtra,Customer Support,Employee_4485,1285682,Marketing,4.7,Remote,MGR1134,33,17,Medium,2015,11,Experienced
3824,EMP104487,2026,Visa,Risk Analyst,Non-binary,MCA,Market demand decline,Punjab,Finance,Employee_4488,580430,Finance,4.8,Remote,MGR1137,9,5,High,2015,11,Experienced
3825,EMP100006,2026,CorroHealth,Tech Lead,Female,B.E.,Business restructuring,Punjab,Engineering,Employee_7,708827,IT,2.7,WFO,MGR1006,62,4,Low,2024,2,Experienced
3826,EMP100017,2026,Cognizant,Product Analyst,Female,MCA,Financial pressure,Maharashtra,Product,Employee_18,294258,Sales,2.2,Remote,MGR1017,62,17,Medium,2016,10,Experienced
3827,EMP100022,2026,Oracle,Tech Lead,Male,MBA,Financial pressure,Kerala,Engineering,Employee_23,382748,Operations,2.6,WFO,MGR1022,9,18,Medium,2023,3,Experienced
3828,EMP100149,2026,Ola Electric,Digital Marketing Specialist,Female,B.E.,Project closure,Gujarat,Marketing,Employee_150,1726840,IT,3.8,WFO,MGR1149,0,3,Low,2016,10,Experienced
3829,EMP100183,2026,PayPal,Product Analyst,Non-binary,B.E.,Financial pressure,Gujarat,Product,Employee_184,402150,Marketing,3.8,Remote,MGR1033,63,55,Medium,2015,11,Experienced
3830,EMP100200,2026,CorroHealth,Technical Support Executive,Female,B.Sc,Financial pressure,Delhi,Customer Support,Employee_201,1908298,Support,2.5,WFO,MGR1050,42,25,Medium,2015,11,Experienced
3831,EMP100284,2026,Oracle,Financial Analyst,Female,B.Tech,Automation adoption,Madhya Pradesh,Finance,Employee_285,1427054,Marketing,3.4,Hybrid,MGR1134,51,51,Medium,2023,3,Experienced
3832,EMP100287,2026,HDFC Bank,HR Executive,Male,BCA,Performance review,Maharashtra,Human Resources,Employee_288,1509807,IT,4.3,WFO,MGR1137,62,27,Low,2022,4,Experienced
3833,EMP100381,2026,Oracle,Accountant,Female,BCA,Automation adoption,Maharashtra,Finance,Employee_382,1771558,Sales,3.3,WFO,MGR1081,42,49,Low,2023,3,Experienced
3834,EMP100401,2026,Adda247,Marketing Executive,Non-binary,CA,Business restructuring,Haryana,Marketing,Employee_402,2146048,IT,4.0,Remote,MGR1101,43,39,High,2022,4,Experienced
3835,EMP100421,2026,CorroHealth,Process Associate,Male,B.Tech,Performance review,Uttar Pradesh,Operations,Employee_422,725662,Finance,3.2,Hybrid,MGR1121,20,43,Medium,2023,3,Experienced
3836,EMP100428,2026,Games24x7,UX Designer,Male,MCA,Cost reduction,Rajasthan,Product,Employee_429,1796400,Finance,4.6,Remote,MGR1128,4,36,Medium,2018,8,Experienced
3837,EMP100442,2026,Zomato,Operations Manager,Non-binary,MCA,Workforce restructuring,Karnataka,Operations,Employee_443,1026968,IT,2.9,Hybrid,MGR1142,49,8,High,2018,8,Experienced
3838,EMP100507,2026,Wipro,Process Associate,Non-binary,CA,Role redundancy,Telangana,Operations,Employee_508,805944,IT,4.0,WFO,MGR1057,22,51,Low,2020,6,Experienced
3839,EMP100597,2026,Paytm,Talent Acquisition Specialist,Non-binary,M.Tech,Cost reduction,Maharashtra,Human Resources,Employee_598,1922934,Marketing,3.2,WFO,MGR1147,55,49,High,2019,7,Experienced
3840,EMP100639,2026,Adda247,UX Designer,Male,M.Tech,Role redundancy,Andhra Pradesh,Product,Employee_640,314033,Operations,3.4,WFO,MGR1039,32,0,Low,2015,11,Experienced
3841,EMP100689,2026,Adda247,Operations Analyst,Male,MCA,Financial pressure,Kerala,Operations,Employee_690,854340,Support,2.6,Hybrid,MGR1089,46,57,Low,2023,3,Experienced
3842,EMP100782,2026,TCS,Customer Success Executive,Male,M.Com,Business restructuring,Uttar Pradesh,Customer Support,Employee_783,1823470,Marketing,3.1,WFO,MGR1032,11,45,Low,2021,5,Experienced
3843,EMP100831,2026,Samsung,Sales Manager,Male,BBA,Market demand decline,West Bengal,Sales,Employee_832,745507,Sales,4.1,WFO,MGR1081,50,53,High,2017,9,Experienced
3844,EMP100845,2026,Cognizant,Product Designer,Male,B.Sc,Workforce restructuring,Haryana,Product,Employee_846,2015645,Operations,2.2,Hybrid,MGR1095,77,49,Low,2022,4,Experienced
3845,EMP100853,2026,Amazon,Marketing Executive,Male,M.Com,Performance review,Punjab,Marketing,Employee_854,790645,Operations,4.0,Hybrid,MGR1103,63,58,Low,2024,2,Experienced
3846,EMP100869,2026,PayPal,Account Manager,Female,BCA,Workforce restructuring,Maharashtra,Sales,Employee_870,1711297,Finance,4.3,Hybrid,MGR1119,63,59,Low,2017,9,Experienced
3847,EMP100889,2026,Krutrim,Office Administrator,Female,B.Tech,Financial pressure,Madhya Pradesh,Administration,Employee_890,1894888,Sales,4.9,Hybrid,MGR1139,35,28,High,2021,5,Experienced
3848,EMP100896,2026,TCS,Reporting Analyst,Female,M.Tech,Automation adoption,Rajasthan,Analytics,Employee_897,561972,Marketing,3.3,Remote,MGR1146,3,31,Medium,2017,9,Experienced
3849,EMP100948,2026,Games24x7,Financial Analyst,Male,M.Tech,Market demand decline,Haryana,Finance,Employee_949,1264265,IT,4.3,Hybrid,MGR1048,39,14,Medium,2024,2,Experienced
3850,EMP100950,2026,Zomato,Product Analyst,Male,B.Tech,Business slowdown,Madhya Pradesh,Product,Employee_951,1176661,Operations,2.2,Hybrid,MGR1050,66,40,Medium,2022,4,Experienced
3851,EMP100967,2026,Wipro,Operations Analyst,Male,M.Com,Workforce restructuring,Andhra Pradesh,Operations,Employee_968,320466,Support,3.0,Remote,MGR1067,46,38,Low,2021,5,Experienced
3852,EMP100999,2026,Zupee,Sales Executive,Non-binary,BCA,Business restructuring,Odisha,Sales,Employee_1000,868000,Sales,3.9,Hybrid,MGR1099,0,25,High,2018,8,Experienced
3853,EMP101070,2026,Krutrim,DevOps Engineer,Male,B.Tech,Business slowdown,West Bengal,Engineering,Employee_1071,1008679,Support,3.0,WFO,MGR1020,29,44,High,2023,3,Experienced
3854,EMP101129,2026,HDFC Bank,Finance Executive,Male,M.Com,Business slowdown,Uttar Pradesh,Finance,Employee_1130,1382166,Support,2.4,Hybrid,MGR1079,40,56,High,2016,10,Experienced
3855,EMP101171,2026,Paytm,Inside Sales Executive,Male,B.Sc,Business restructuring,Uttar Pradesh,Sales,Employee_1172,862177,Support,4.0,Hybrid,MGR1121,63,33,Medium,2024,2,Experienced
3856,EMP101218,2026,Ola Electric,QA Engineer,Female,B.Sc,Financial pressure,Rajasthan,Engineering,Employee_1219,1387867,Support,2.3,Remote,MGR1018,19,14,High,2023,3,Experienced
3857,EMP101242,2026,Zupee,Risk Analyst,Non-binary,MCA,Market demand decline,Odisha,Finance,Employee_1243,1380678,HR,5.0,WFO,MGR1042,41,36,Low,2015,11,Experienced
3858,EMP101307,2026,Axis Bank,Talent Acquisition Specialist,Non-binary,CA,Automation adoption,Uttar Pradesh,Human Resources,Employee_1308,1102779,Finance,4.5,WFO,MGR1107,39,41,Low,2022,4,Experienced
3859,EMP101348,2026,Microsoft,UX Designer,Non-binary,BBA,Workforce restructuring,Andhra Pradesh,Product,Employee_1349,624870,Operations,2.1,Hybrid,MGR1148,40,8,High,2020,6,Experienced
3860,EMP101353,2026,Livspace,Customer Success Executive,Non-binary,Diploma,Financial pressure,West Bengal,Customer Support,Employee_1354,1256264,Marketing,4.4,WFO,MGR1003,14,52,Low,2018,8,Experienced
3861,EMP101425,2026,Flipkart,Admin Executive,Female,BCA,Financial pressure,Madhya Pradesh,Sales,Employee_1426,1248170,Finance,2.0,Remote,MGR1075,19,50,Medium,2022,4,Experienced
3862,EMP101446,2026,Meta,Product Manager,Male,M.Com,Financial pressure,Punjab,Product,Employee_1447,746597,HR,2.4,Remote,MGR1096,17,5,Low,2023,3,Experienced
3863,EMP101455,2026,Microsoft,MIS Executive,Female,MBA,Workforce restructuring,Haryana,Analytics,Employee_1456,1652376,Sales,2.1,Hybrid,MGR1105,23,13,Medium,2015,11,Experienced
3864,EMP101460,2026,Wipro,Customer Support Executive,Female,M.Com,Business slowdown,Odisha,Customer Support,Employee_1461,258175,Marketing,3.4,Hybrid,MGR1110,26,2,High,2016,10,Experienced
3865,EMP101462,2026,HDFC Bank,Accountant,Female,B.Tech,Workforce restructuring,Telangana,Finance,Employee_1463,1923546,IT,5.0,WFO,MGR1112,70,23,High,2017,9,Experienced
3866,EMP101471,2026,Flipkart,Operations Manager,Non-binary,M.Tech,Project closure,Haryana,Operations,Employee_1472,589414,HR,4.2,Remote,MGR1121,78,4,High,2016,10,Experienced
3867,EMP101473,2026,Freshworks,Risk Analyst,Female,M.Com,Financial pressure,Madhya Pradesh,Finance,Employee_1474,436201,IT,3.3,Remote,MGR1123,41,27,Low,2021,5,Experienced
3868,EMP101475,2026,Freshworks,Risk Analyst,Non-binary,BCA,Market demand decline,Uttar Pradesh,Finance,Employee_1476,1600286,Finance,3.7,WFO,MGR1125,56,27,Low,2023,3,Experienced
3869,EMP101496,2026,Zupee,Data Engineer,Female,MCA,Business restructuring,Punjab,Engineering,Employee_1497,633731,Operations,2.8,Remote,MGR1146,53,55,Medium,2018,8,Experienced
3870,EMP101550,2026,PayPal,HR Executive,Non-binary,B.Sc,Automation adoption,Andhra Pradesh,Human Resources,Employee_1551,1889405,IT,4.9,Remote,MGR1050,79,6,High,2016,10,Experienced
3871,EMP101558,2026,Games24x7,Marketing Executive,Non-binary,B.Tech,Project closure,Telangana,Marketing,Employee_1559,1103958,Sales,4.3,Remote,MGR1058,70,0,Low,2020,6,Experienced
3872,EMP101588,2026,Zomato,Tech Lead,Female,BBA,Role redundancy,Odisha,Engineering,Employee_1589,1880892,Support,3.2,Remote,MGR1088,2,53,High,2023,3,Experienced
3873,EMP101679,2026,Livspace,Software Developer,Male,B.Tech,Business restructuring,Madhya Pradesh,Engineering,Employee_1680,661770,Finance,3.9,WFO,MGR1029,26,12,Low,2021,5,Experienced
3874,EMP101691,2026,TCS,Finance Executive,Non-binary,M.Com,Workforce restructuring,Andhra Pradesh,Finance,Employee_1692,1827955,IT,2.8,Hybrid,MGR1041,63,28,Low,2021,5,Experienced
3875,EMP101724,2026,Flipkart,Sales Executive,Male,M.Com,Automation adoption,Odisha,Sales,Employee_1725,1114543,Marketing,3.4,WFO,MGR1074,48,17,High,2022,4,Experienced
3876,EMP101742,2026,CorroHealth,Admin Executive,Female,B.Tech,Business slowdown,Delhi,Administration,Employee_1743,1011384,Operations,2.5,WFO,MGR1092,3,9,High,2024,2,Experienced
3877,EMP101747,2026,Ola Electric,Operations Manager,Non-binary,BCA,Automation adoption,Delhi,Operations,Employee_1748,2133412,HR,2.1,Hybrid,MGR1097,67,21,Low,2015,11,Experienced
3878,EMP101768,2026,Amazon,Facilities Executive,Female,CA,Role redundancy,Gujarat,Administration,Employee_1769,1305115,Finance,4.6,Remote,MGR1118,68,18,Medium,2021,5,Experienced
3879,EMP101794,2026,Zomato,QA Engineer,Non-binary,CA,Cost reduction,Punjab,Engineering,Employee_1795,1972518,Operations,3.5,WFO,MGR1144,48,40,High,2016,10,Experienced
3880,EMP101803,2026,Amazon,HR Executive,Male,CA,Business slowdown,Punjab,Human Resources,Employee_1804,510933,Sales,3.1,Hybrid,MGR1003,68,55,Medium,2017,9,Experienced
3881,EMP101819,2026,PayPal,Finance Executive,Male,M.Tech,Role redundancy,Delhi,Finance,Employee_1820,268473,Support,3.5,Hybrid,MGR1019,0,5,Medium,2021,5,Experienced
3882,EMP101830,2026,Amazon,Backend Developer,Non-binary,M.Com,Project closure,Punjab,Engineering,Employee_1831,1117228,IT,2.6,Remote,MGR1030,66,16,High,2022,4,Experienced
3883,EMP101854,2026,Infosys,HR Executive,Female,B.Sc,Cost reduction,Karnataka,Human Resources,Employee_1855,898032,Marketing,3.0,WFO,MGR1054,35,57,High,2015,11,Experienced
3884,EMP101861,2026,Freshworks,Frontend Developer,Male,M.Com,Business slowdown,Haryana,Engineering,Employee_1862,437534,Operations,2.5,WFO,MGR1061,68,39,Medium,2023,3,Experienced
3885,EMP101887,2026,PayPal,Talent Acquisition Specialist,Female,MBA,Business slowdown,Telangana,Human Resources,Employee_1888,2110994,Marketing,4.2,WFO,MGR1087,57,59,High,2015,11,Experienced
3886,EMP101888,2026,PayPal,Senior Software Engineer,Male,B.E.,Cost reduction,Madhya Pradesh,Engineering,Employee_1889,1642985,Sales,3.5,Hybrid,MGR1088,78,12,High,2016,10,Experienced
3887,EMP101957,2026,Meta,Admin Executive,Non-binary,M.Com,Market demand decline,Kerala,Administration,Employee_1958,1989943,Operations,4.8,Remote,MGR1007,73,18,Medium,2018,8,Experienced
3888,EMP102012,2026,Oracle,Operations Analyst,Non-binary,BCA,Role redundancy,Uttar Pradesh,Operations,Employee_2013,748956,Support,2.5,Remote,MGR1062,46,31,Medium,2017,9,Experienced
3889,EMP102072,2026,Freshworks,Admin Executive,Female,B.Tech,Automation adoption,Maharashtra,Administration,Employee_2073,1276947,Support,2.7,Remote,MGR1122,65,45,High,2017,9,Experienced
3890,EMP102119,2026,Freshworks,Digital Marketing Specialist,Non-binary,MBA,Business restructuring,Odisha,Marketing,Employee_2120,1038197,Sales,3.4,Hybrid,MGR1019,2,50,Low,2017,9,Experienced
3891,EMP102131,2026,Visa,Process Associate,Non-binary,CA,Business slowdown,Rajasthan,Operations,Employee_2132,964794,Support,4.3,Remote,MGR1031,42,16,Low,2017,9,Experienced
3892,EMP102194,2026,Meta,Business Development Executive,Female,B.Sc,Workforce restructuring,Madhya Pradesh,Sales,Employee_2195,280876,Sales,2.0,WFO,MGR1094,49,31,High,2016,10,Experienced
3893,EMP102206,2026,Paytm,Digital Marketing Specialist,Male,B.E.,Financial pressure,Kerala,Marketing,Employee_2207,376583,HR,2.3,Remote,MGR1106,54,0,Medium,2020,6,Experienced
3894,EMP102213,2026,Paytm,Financial Analyst,Non-binary,BCA,Role redundancy,Haryana,Finance,Employee_2214,511097,Sales,2.3,Remote,MGR1113,41,25,High,2023,3,Experienced
3895,EMP102228,2026,Flipkart,UX Designer,Male,CA,Cost reduction,Kerala,Human Resources,Employee_2229,679840,Finance,4.1,Hybrid,MGR1128,65,46,High,2016,10,Experienced
3896,EMP102256,2026,Samsung,Recruiter,Male,B.Sc,Cost reduction,Punjab,Human Resources,Employee_2257,251216,Support,2.2,Hybrid,MGR1006,44,27,Medium,2024,2,Experienced
3897,EMP102289,2026,Krutrim,Reporting Analyst,Male,M.Com,Business restructuring,Rajasthan,Analytics,Employee_2290,2023697,IT,4.9,Hybrid,MGR1039,69,34,High,2018,8,Experienced
3898,EMP102295,2026,Axis Bank,Customer Success Executive,Male,MBA,Project closure,Uttar Pradesh,Customer Support,Employee_2296,305734,Finance,4.3,WFO,MGR1045,68,8,Medium,2017,9,Experienced
3899,EMP102370,2026,Amazon,Reporting Analyst,Non-binary,M.Tech,Cost reduction,Rajasthan,Analytics,Employee_2371,2001377,Finance,2.1,Remote,MGR1120,55,15,High,2020,6,Experienced
3900,EMP102389,2026,Freshworks,HR Executive,Male,B.Tech,Business restructuring,Maharashtra,Human Resources,Employee_2390,1087562,HR,3.4,WFO,MGR1139,9,24,Medium,2020,6,Experienced
3901,EMP102393,2026,Amazon,Finance Executive,Non-binary,CA,Automation adoption,Madhya Pradesh,Finance,Employee_2394,362845,Marketing,3.2,Remote,MGR1143,72,15,Medium,2017,9,Experienced
3902,EMP102435,2026,Axis Bank,Business Development Executive,Non-binary,MCA,Project closure,West Bengal,Sales,Employee_2436,908888,HR,4.9,Hybrid,MGR1035,39,58,High,2017,9,Experienced
3903,EMP102491,2026,Ola Electric,Operations Manager,Non-binary,BCA,Automation adoption,Delhi,Operations,Employee_2492,1399495,Marketing,2.2,Hybrid,MGR1091,14,23,Low,2020,6,Experienced
3904,EMP102551,2026,Infosys,UX Designer,Female,M.Com,Financial pressure,Andhra Pradesh,Product,Employee_2552,1280067,Marketing,4.7,WFO,MGR1001,55,47,Medium,2023,3,Experienced
3905,EMP102555,2026,Krutrim,Product Designer,Female,Diploma,Business slowdown,Tamil Nadu,Product,Employee_2556,580290,Operations,3.1,Hybrid,MGR1005,51,34,Medium,2023,3,Experienced
3906,EMP102565,2026,Axis Bank,Marketing Executive,Non-binary,M.Com,Performance review,Tamil Nadu,Marketing,Employee_2566,1663724,Marketing,2.7,Hybrid,MGR1015,36,33,Low,2021,5,Experienced
3907,EMP102573,2026,Zomato,Operations Executive,Non-binary,CA,Automation adoption,Delhi,Operations,Employee_2574,1787002,Operations,4.2,Remote,MGR1023,3,23,Low,2024,2,Experienced
3908,EMP102598,2026,Krutrim,Operations Analyst,Male,MBA,Performance review,Telangana,Operations,Employee_2599,1936278,HR,3.9,WFO,MGR1048,3,54,High,2021,5,Experienced
3909,EMP102602,2026,Paytm,Product Designer,Non-binary,CA,Financial pressure,Karnataka,Product,Employee_2603,1251878,Marketing,2.5,Hybrid,MGR1052,47,49,High,2023,3,Experienced
3910,EMP102611,2026,Visa,DevOps Engineer,Non-binary,B.Tech,Business slowdown,Rajasthan,Engineering,Employee_2612,2188113,Operations,3.6,Remote,MGR1061,66,13,Low,2019,7,Experienced
3911,EMP102623,2026,Flipkart,Operations Manager,Male,M.Com,Project closure,Odisha,Operations,Employee_2624,1738638,Operations,3.7,Remote,MGR1073,14,54,Low,2019,7,Experienced
3912,EMP102748,2026,Freshworks,Business Analyst,Female,MCA,Project closure,Delhi,Analytics,Employee_2749,1963231,Sales,2.2,WFO,MGR1048,13,19,High,2019,7,Experienced
3913,EMP102755,2026,Samsung,BI Analyst,Non-binary,MBA,Financial pressure,Andhra Pradesh,Analytics,Employee_2756,1195380,Support,3.4,WFO,MGR1055,52,10,High,2016,10,Experienced
3914,EMP102762,2026,Zupee,Admin Executive,Female,M.Tech,Workforce restructuring,Odisha,Administration,Employee_2763,1769119,HR,4.6,WFO,MGR1062,16,55,Medium,2023,3,Experienced
3915,EMP102870,2026,Meta,Technical Support Executive,Female,MBA,Automation adoption,Madhya Pradesh,Customer Support,Employee_2871,863327,Support,2.2,Remote,MGR1020,33,18,High,2015,11,Experienced
3916,EMP102890,2026,Amazon,Customer Support Executive,Male,BBA,Workforce restructuring,Madhya Pradesh,Customer Support,Employee_2891,2021496,IT,4.6,WFO,MGR1040,33,4,Low,2021,5,Experienced
3917,EMP102898,2026,Zomato,Data Scientist,Non-binary,CA,Performance review,Odisha,Analytics,Employee_2899,835436,Marketing,4.9,Remote,MGR1048,60,7,Medium,2023,3,Experienced
3918,EMP102984,2026,Microsoft,Talent Acquisition Specialist,Female,BCA,Performance review,Tamil Nadu,Human Resources,Employee_2985,2121689,IT,3.0,WFO,MGR1134,8,35,Low,2019,7,Experienced
3919,EMP103038,2026,Games24x7,Office Administrator,Female,MBA,Automation adoption,Karnataka,Administration,Employee_3039,1310253,Finance,4.6,WFO,MGR1038,15,43,Low,2024,2,Experienced
3920,EMP103070,2026,CorroHealth,Admin Executive,Male,BBA,Role redundancy,Gujarat,Administration,Employee_3071,408721,Operations,2.5,WFO,MGR1070,36,45,High,2015,11,Experienced
3921,EMP103076,2026,Ola Electric,Sales Executive,Female,BCA,Business restructuring,Rajasthan,Sales,Employee_3077,1604647,Finance,4.2,Remote,MGR1076,63,57,High,2021,5,Experienced
3922,EMP103086,2026,Wipro,Process Associate,Non-binary,CA,Automation adoption,Punjab,Operations,Employee_3087,728097,Sales,4.8,Hybrid,MGR1086,59,16,High,2022,4,Experienced
3923,EMP103098,2026,Freshworks,HR Executive,Male,B.E.,Business restructuring,Rajasthan,Human Resources,Employee_3099,874117,HR,3.4,Hybrid,MGR1098,15,39,Medium,2018,8,Experienced
3924,EMP103163,2026,Games24x7,HR Business Partner,Male,M.Tech,Business restructuring,Karnataka,Human Resources,Employee_3164,991187,Marketing,3.9,Hybrid,MGR1013,73,49,Low,2020,6,Experienced
3925,EMP103190,2026,Wipro,Facilities Executive,Female,MBA,Business slowdown,Rajasthan,Administration,Employee_3191,416468,HR,4.6,WFO,MGR1040,9,57,High,2016,10,Experienced
3926,EMP103254,2026,Cognizant,Business Analyst,Female,Diploma,Business slowdown,Haryana,Analytics,Employee_3255,1356457,Operations,3.9,WFO,MGR1104,15,24,Medium,2015,11,Experienced
3927,EMP103277,2026,Zupee,Product Analyst,Male,B.E.,Project closure,Odisha,Product,Employee_3278,569858,Operations,4.1,Remote,MGR1127,58,5,Medium,2015,11,Experienced
3928,EMP103332,2026,HDFC Bank,Process Associate,Non-binary,CA,Workforce restructuring,Maharashtra,Operations,Employee_3333,2198024,IT,3.3,Hybrid,MGR1032,44,56,Medium,2022,4,Experienced
3929,EMP103347,2026,Games24x7,Office Administrator,Non-binary,MBA,Cost reduction,West Bengal,Administration,Employee_3348,1633276,Sales,4.7,WFO,MGR1047,47,56,Low,2018,8,Experienced
3930,EMP103362,2026,Livspace,Operations Analyst,Non-binary,B.Sc,Performance review,Maharashtra,Operations,Employee_3363,1456143,Operations,2.5,Hybrid,MGR1062,64,35,Medium,2022,4,Experienced
3931,EMP103374,2026,Freshworks,Product Designer,Male,BBA,Business slowdown,Kerala,Product,Employee_3375,894931,HR,3.9,Remote,MGR1074,44,12,Low,2021,5,Experienced
3932,EMP103420,2026,Oracle,Support Analyst,Non-binary,MBA,Financial pressure,Maharashtra,Customer Support,Employee_3421,2152594,Marketing,4.7,Hybrid,MGR1120,49,47,High,2017,9,Experienced
3933,EMP103421,2026,Meta,Customer Support Executive,Female,B.Sc,Business restructuring,Andhra Pradesh,Customer Support,Employee_3422,540332,Support,4.8,WFO,MGR1121,11,11,Low,2018,8,Experienced
3934,EMP103427,2026,Games24x7,Process Associate,Non-binary,B.Sc,Market demand decline,Telangana,Operations,Employee_3428,496140,Sales,4.9,WFO,MGR1127,7,55,High,2022,4,Experienced
3935,EMP103438,2026,Livspace,Accountant,Non-binary,BBA,Project closure,Telangana,Finance,Employee_3439,428718,HR,5.0,WFO,MGR1138,58,1,High,2022,4,Experienced
3936,EMP103439,2026,Cognizant,Digital Marketing Specialist,Male,B.Tech,Performance review,Rajasthan,Marketing,Employee_3440,2158353,IT,3.0,WFO,MGR1139,27,20,Medium,2023,3,Experienced
3937,EMP103492,2026,Cognizant,Product Manager,Female,B.Tech,Project closure,Odisha,Product,Employee_3493,2065852,Marketing,2.5,Remote,MGR1042,30,12,Low,2023,3,Experienced
3938,EMP103526,2026,Freshworks,BI Analyst,Female,Diploma,Business slowdown,Andhra Pradesh,Analytics,Employee_3527,829444,Marketing,4.1,WFO,MGR1076,15,18,Medium,2022,4,Experienced
3939,EMP103553,2026,Wipro,UX Designer,Female,MCA,Financial pressure,Punjab,Product,Employee_3554,763841,HR,3.8,Remote,MGR1103,67,31,Low,2017,9,Experienced
3940,EMP103610,2026,Wipro,HR Business Partner,Female,CA,Role redundancy,Karnataka,Human Resources,Employee_3611,1964853,HR,4.8,WFO,MGR1010,57,28,Medium,2019,7,Experienced
3941,EMP103633,2026,Amazon,Marketing Executive,Non-binary,B.Tech,Business restructuring,Tamil Nadu,Marketing,Employee_3634,1089021,Sales,3.1,Hybrid,MGR1033,66,50,Low,2023,3,Experienced
3942,EMP103677,2026,Meta,Recruiter,Female,M.Tech,Market demand decline,Andhra Pradesh,Human Resources,Employee_3678,1431996,Marketing,3.7,WFO,MGR1077,35,36,High,2020,6,Experienced
3943,EMP103694,2026,Amazon,BI Analyst,Female,M.Tech,Performance review,West Bengal,Analytics,Employee_3695,1922761,Marketing,4.4,Remote,MGR1094,44,19,High,2016,10,Experienced
3944,EMP103696,2026,CorroHealth,Customer Support Executive,Male,B.Sc,Workforce restructuring,Uttar Pradesh,Customer Support,Employee_3697,1492526,Operations,4.9,WFO,MGR1096,46,25,High,2020,6,Experienced
3945,EMP103700,2026,Zomato,Operations Executive,Non-binary,CA,Automation adoption,Delhi,Operations,Employee_3701,674000,Support,4.4,Hybrid,MGR1100,12,47,Low,2020,6,Experienced
3946,EMP103738,2026,Games24x7,Finance Executive,Non-binary,MCA,Cost reduction,Gujarat,Finance,Employee_3739,1062504,Marketing,2.6,WFO,MGR1138,24,25,High,2023,3,Experienced
3947,EMP103743,2026,Zupee,Finance Executive,Male,MBA,Project closure,Telangana,Finance,Employee_3744,764125,Operations,4.5,WFO,MGR1143,17,16,High,2022,4,Experienced
3948,EMP103756,2026,Adda247,Admin Executive,Female,MBA,Workforce restructuring,Andhra Pradesh,Administration,Employee_3757,1713237,Support,4.0,Hybrid,MGR1006,48,50,Low,2015,11,Experienced
3949,EMP103776,2026,HDFC Bank,BI Analyst,Female,Diploma,Role redundancy,Gujarat,Analytics,Employee_3777,1173137,Marketing,3.6,WFO,MGR1026,29,58,Medium,2024,2,Experienced
3950,EMP103786,2026,CorroHealth,Data Scientist,Female,MCA,Financial pressure,Telangana,Analytics,Employee_3787,1304657,Operations,4.6,WFO,MGR1036,70,49,Low,2021,5,Experienced
3951,EMP103791,2026,Wipro,Process Associate,Female,CA,Performance review,West Bengal,Operations,Employee_3792,918883,Sales,2.5,WFO,MGR1041,26,20,High,2015,11,Experienced
3952,EMP103854,2026,Oracle,Operations Manager,Female,CA,Business slowdown,Rajasthan,Human Resources,Employee_3855,1987072,Finance,3.9,WFO,MGR1104,12,5,High,2015,11,Experienced
3953,EMP103888,2026,Zupee,Frontend Developer,Non-binary,BBA,Market demand decline,Delhi,Engineering,Employee_3889,1847024,Marketing,2.6,Hybrid,MGR1138,27,34,High,2024,2,Experienced
3954,EMP103892,2026,Krutrim,Product Manager,Male,B.E.,Role redundancy,Delhi,Product,Employee_3893,1581101,Marketing,2.5,Remote,MGR1142,42,6,Low,2017,9,Experienced
3955,EMP103904,2026,Paytm,Process Associate,Non-binary,MCA,Business restructuring,Uttar Pradesh,Operations,Employee_3905,1727940,Sales,2.1,Remote,MGR1004,2,29,Medium,2022,4,Experienced
3956,EMP103920,2026,Meta,Product Designer,Male,B.Tech,Project closure,Odisha,Product,Employee_3921,1126739,HR,4.9,Hybrid,MGR1020,25,15,Low,2024,2,Experienced
3957,EMP103952,2026,Wipro,Digital Marketing Specialist,Male,Diploma,Automation adoption,Madhya Pradesh,Marketing,Employee_3953,469752,Marketing,4.2,Hybrid,MGR1052,41,45,High,2023,3,Experienced
3958,EMP103994,2026,Cognizant,Office Administrator,Male,BBA,Automation adoption,Telangana,Administration,Employee_3995,1160826,Finance,3.6,Remote,MGR1094,69,16,Low,2020,6,Experienced
3959,EMP104036,2026,CorroHealth,Financial Analyst,Non-binary,CA,Business restructuring,Haryana,Finance,Employee_4037,267923,Sales,2.4,Hybrid,MGR1136,79,57,Medium,2018,8,Experienced
3960,EMP104040,2026,Microsoft,Marketing Executive,Female,MBA,Business restructuring,Karnataka,Marketing,Employee_4041,2082794,HR,2.1,WFO,MGR1140,22,14,Medium,2019,7,Experienced
3961,EMP104114,2026,Ola Electric,HR Business Partner,Female,BCA,Automation adoption,Karnataka,Human Resources,Employee_4115,622726,Operations,2.7,Remote,MGR1064,14,49,High,2018,8,Experienced
3962,EMP104156,2026,TCS,Technical Support Executive,Male,MCA,Market demand decline,Tamil Nadu,Customer Support,Employee_4157,829493,Sales,4.9,Remote,MGR1106,69,1,Medium,2018,8,Experienced
3963,EMP104176,2026,Microsoft,Sales Manager,Male,MCA,Performance review,Uttar Pradesh,Sales,Employee_4177,1709641,Operations,3.8,Remote,MGR1126,67,23,High,2018,8,Experienced
3964,EMP104177,2026,CorroHealth,Financial Analyst,Female,M.Com,Financial pressure,Delhi,Finance,Employee_4178,1613214,HR,2.1,Hybrid,MGR1127,36,55,Low,2015,11,Experienced
3965,EMP104220,2026,Flipkart,Risk Analyst,Female,B.Tech,Cost reduction,Delhi,Finance,Employee_4221,1100918,Sales,3.0,WFO,MGR1020,40,42,High,2015,11,Experienced
3966,EMP104238,2026,Ola Electric,Business Development Executive,Male,M.Com,Business slowdown,Andhra Pradesh,Sales,Employee_4239,1248658,Sales,4.4,WFO,MGR1038,69,34,Low,2022,4,Experienced
3967,EMP104260,2026,Infosys,HR Business Partner,Non-binary,M.Com,Business restructuring,Maharashtra,Human Resources,Employee_4261,553101,HR,4.0,WFO,MGR1060,73,51,High,2019,7,Experienced
3968,EMP104266,2026,Wipro,Finance Executive,Non-binary,Diploma,Business slowdown,Haryana,Finance,Employee_4267,1574304,Sales,4.9,Hybrid,MGR1066,57,45,High,2018,8,Experienced
3969,EMP104282,2026,Meta,Technical Support Executive,Non-binary,B.Sc,Automation adoption,Haryana,Customer Support,Employee_4283,1961786,Operations,4.9,Remote,MGR1082,30,57,Low,2022,4,Experienced
3970,EMP104318,2026,Wipro,Operations Executive,Non-binary,MBA,Workforce restructuring,Haryana,Operations,Employee_4319,789840,Marketing,2.9,Remote,MGR1118,73,0,Medium,2019,7,Experienced
3971,EMP104333,2026,Ola Electric,UX Designer,Male,B.Sc,Role redundancy,Madhya Pradesh,Product,Employee_4334,1134324,Marketing,4.0,Hybrid,MGR1133,5,3,Medium,2023,3,Experienced
3972,EMP104345,2026,Infosys,Operations Executive,Female,M.Com,Financial pressure,Karnataka,Operations,Employee_4346,558351,Operations,2.5,WFO,MGR1145,60,21,High,2022,4,Experienced
3973,EMP104378,2026,Amazon,Product Analyst,Female,B.Sc,Automation adoption,Telangana,Product,Employee_4379,313074,Sales,2.1,Remote,MGR1028,69,5,Medium,2021,5,Experienced
3974,EMP104393,2026,Zupee,Talent Acquisition Specialist,Male,B.E.,Business slowdown,Karnataka,Human Resources,Employee_4394,1412411,Support,4.3,WFO,MGR1043,59,22,Low,2022,4,Experienced
3975,EMP104408,2026,Freshworks,Marketing Executive,Female,BCA,Workforce restructuring,Rajasthan,Marketing,Employee_4409,970762,Support,4.8,Hybrid,MGR1058,35,38,Low,2019,7,Experienced
3976,EMP104461,2026,Oracle,Office Administrator,Male,M.Com,Workforce restructuring,Rajasthan,Administration,Employee_4462,1700724,IT,3.0,Remote,MGR1111,15,19,High,2015,11,Experienced
3977,EMP104463,2026,Livspace,Recruiter,Female,MBA,Performance review,Karnataka,Human Resources,Employee_4464,2111458,Finance,4.8,Hybrid,MGR1113,6,32,Low,2016,10,Experienced
3978,EMP104492,2026,Zomato,Content Manager,Female,BBA,Cost reduction,Tamil Nadu,Marketing,Employee_4493,487813,HR,4.1,WFO,MGR1142,38,42,High,2016,10,Experienced
3979,EMP104499,2026,Meta,Product Analyst,Male,MBA,Business restructuring,Haryana,Product,Employee_4500,714595,Operations,3.6,Remote,MGR1149,43,38,High,2020,6,Experienced
3980,EMP104519,2026,Livspace,Growth Manager,Male,BBA,Workforce restructuring,Andhra Pradesh,Marketing,Employee_4520,1996924,HR,3.6,Remote,MGR1019,25,13,High,2017,9,Experienced
3981,EMP104528,2026,PayPal,Data Analyst,Male,B.Sc,Market demand decline,Haryana,Analytics,Employee_4529,1435996,Marketing,2.6,WFO,MGR1028,74,7,High,2019,7,Experienced
3982,EMP104532,2026,Cognizant,Marketing Executive,Male,B.E.,Automation adoption,Madhya Pradesh,Marketing,Employee_4533,1465030,HR,4.2,Remote,MGR1032,30,54,High,2024,2,Experienced
3983,EMP104536,2026,Freshworks,Facilities Executive,Female,Diploma,Business restructuring,Madhya Pradesh,Administration,Employee_4537,1487894,HR,4.0,Hybrid,MGR1036,22,43,Low,2016,10,Experienced
3984,EMP100055,2026,Paytm,Support Analyst,Non-binary,M.Com,Business restructuring,Karnataka,Customer Support,Employee_56,787998,Operations,2.8,Remote,MGR1055,37,54,High,2017,9,Experienced
3985,EMP100074,2026,CorroHealth,Admin Executive,Female,M.Com,Business restructuring,Madhya Pradesh,Administration,Employee_75,1814378,IT,2.8,Hybrid,MGR1074,57,54,Medium,2015,11,Experienced
3986,EMP100116,2026,Oracle,Business Development Executive,Male,BBA,Project closure,West Bengal,Sales,Employee_117,2199236,Marketing,2.7,Remote,MGR1116,65,47,Low,2016,10,Experienced
3987,EMP100146,2026,Infosys,Digital Marketing Specialist,Female,CA,Business restructuring,Karnataka,Marketing,Employee_147,605787,Support,3.0,Remote,MGR1146,2,9,High,2022,4,Experienced
3988,EMP100174,2026,Flipkart,Customer Support Executive,Non-binary,MBA,Project closure,Odisha,Customer Support,Employee_175,717000,IT,2.9,WFO,MGR1024,0,57,Medium,2016,10,Experienced
3989,EMP100192,2026,Cognizant,Customer Success Executive,Non-binary,MCA,Project closure,Punjab,Customer Support,Employee_193,1129680,Sales,4.3,Remote,MGR1042,41,21,High,2019,7,Experienced
3990,EMP100207,2026,Krutrim,Talent Acquisition Specialist,Male,MCA,Project closure,Maharashtra,Human Resources,Employee_208,2058562,Finance,3.5,Remote,MGR1057,14,9,High,2019,7,Experienced
3991,EMP100220,2026,PayPal,UX Designer,Non-binary,BCA,Workforce restructuring,Madhya Pradesh,Product,Employee_221,1472133,HR,3.4,Remote,MGR1070,63,40,Low,2015,11,Experienced
3992,EMP100279,2026,Meta,QA Engineer,Female,BCA,Market demand decline,Uttar Pradesh,Engineering,Employee_280,749095,IT,4.6,WFO,MGR1129,31,40,Medium,2017,9,Experienced
3993,EMP100310,2026,Visa,HR Executive,Male,M.Com,Performance review,Tamil Nadu,Human Resources,Employee_311,1052577,Operations,3.0,Remote,MGR1010,9,27,High,2019,7,Experienced
3994,EMP100330,2026,Visa,Software Developer,Male,BCA,Business slowdown,Karnataka,Engineering,Employee_331,917490,Marketing,4.6,Remote,MGR1030,77,58,High,2017,9,Experienced
3995,EMP100354,2026,Adda247,Process Associate,Male,BCA,Performance review,Maharashtra,Operations,Employee_355,1216265,IT,4.2,Remote,MGR1054,54,8,Medium,2020,6,Experienced
3996,EMP100368,2026,Meta,Accountant,Male,M.Com,Performance review,Uttar Pradesh,Finance,Employee_369,2179609,Sales,4.9,WFO,MGR1068,4,4,Medium,2018,8,Experienced
3997,EMP100385,2026,Flipkart,Senior Software Engineer,Female,BCA,Market demand decline,Uttar Pradesh,Engineering,Employee_386,818726,IT,3.5,Remote,MGR1085,78,56,Medium,2020,6,Experienced
3998,EMP100419,2026,Adda247,UX Designer,Non-binary,B.E.,Project closure,Telangana,Product,Employee_420,1359096,Support,2.1,WFO,MGR1119,73,51,High,2024,2,Experienced
3999,EMP100471,2026,Cognizant,Operations Manager,Male,CA,Cost reduction,Haryana,Operations,Employee_472,1792780,HR,3.4,WFO,MGR1021,17,24,Low,2016,10,Experienced
4000,EMP100478,2026,TCS,Accountant,Non-binary,MBA,Project closure,Madhya Pradesh,Finance,Employee_479,1480155,Support,3.8,WFO,MGR1028,72,9,High,2018,8,Experienced
4001,EMP100510,2026,Microsoft,QA Engineer,Male,MBA,Automation adoption,Rajasthan,Engineering,Employee_511,262454,Marketing,3.1,Hybrid,MGR1060,66,14,High,2020,6,Experienced
4002,EMP100533,2026,Microsoft,HR Business Partner,Non-binary,MCA,Performance review,Odisha,Human Resources,Employee_534,1334951,Operations,2.2,Remote,MGR1083,10,0,Medium,2015,11,Experienced
4003,EMP100551,2026,Visa,BI Analyst,Non-binary,BBA,Performance review,Uttar Pradesh,Analytics,Employee_552,2129255,Support,2.5,Hybrid,MGR1101,32,34,Medium,2023,3,Experienced
4004,EMP100561,2026,Infosys,Inside Sales Executive,Male,B.Sc,Workforce restructuring,Maharashtra,Sales,Employee_562,793307,Support,2.2,WFO,MGR1111,35,15,High,2019,7,Experienced
4005,EMP100569,2026,Zomato,Recruiter,Male,B.E.,Performance review,Tamil Nadu,Human Resources,Employee_570,880265,Finance,2.2,Remote,MGR1119,22,47,Medium,2023,3,Experienced
4006,EMP100572,2026,TCS,Risk Analyst,Non-binary,M.Com,Performance review,Kerala,Finance,Employee_573,507556,IT,3.7,Hybrid,MGR1122,9,12,Medium,2017,9,Experienced
4007,EMP100573,2026,Livspace,Marketing Executive,Male,BBA,Project closure,West Bengal,Marketing,Employee_574,1450397,Sales,3.5,WFO,MGR1123,2,44,High,2022,4,Experienced
4008,EMP100618,2026,HDFC Bank,Account Manager,Female,BCA,Financial pressure,Delhi,Sales,Employee_619,1866677,Sales,2.7,Hybrid,MGR1018,54,25,Low,2015,11,Experienced
4009,EMP100621,2026,Paytm,Business Development Executive,Male,B.E.,Automation adoption,Odisha,Sales,Employee_622,903381,Marketing,2.1,WFO,MGR1021,44,5,High,2018,8,Experienced
4010,EMP100659,2026,Cognizant,Support Analyst,Female,Diploma,Role redundancy,Tamil Nadu,Customer Support,Employee_660,1304273,Finance,4.0,Remote,MGR1059,43,43,Medium,2015,11,Experienced
4011,EMP100683,2026,Flipkart,Accountant,Male,M.Tech,Automation adoption,West Bengal,Finance,Employee_684,2084179,IT,2.4,Hybrid,MGR1083,57,39,Low,2019,7,Experienced
4012,EMP100706,2026,Paytm,Finance Executive,Non-binary,CA,Project closure,Andhra Pradesh,Finance,Employee_707,2169033,Marketing,3.4,Remote,MGR1106,2,10,Low,2017,9,Experienced
4013,EMP100720,2026,Games24x7,QA Engineer,Male,BBA,Financial pressure,Uttar Pradesh,Engineering,Employee_721,1833957,Operations,4.9,WFO,MGR1120,9,13,High,2017,9,Experienced
4014,EMP100741,2026,Krutrim,Customer Success Executive,Non-binary,CA,Business restructuring,Maharashtra,Customer Support,Employee_742,2054598,Support,2.7,Remote,MGR1141,11,37,High,2022,4,Experienced
4015,EMP100791,2026,Adda247,Account Manager,Non-binary,MCA,Project closure,Telangana,Sales,Employee_792,381030,Finance,2.4,WFO,MGR1041,24,8,Medium,2022,4,Experienced
4016,EMP100797,2026,Visa,Sales Manager,Female,B.Tech,Role redundancy,Punjab,Sales,Employee_798,1022052,Marketing,4.5,WFO,MGR1047,38,43,Low,2020,6,Experienced
4017,EMP100818,2026,Flipkart,Facilities Executive,Male,M.Com,Project closure,Delhi,Administration,Employee_819,499191,IT,2.7,WFO,MGR1068,69,8,Low,2021,5,Experienced
4018,EMP100824,2026,TCS,Software Engineer,Male,MCA,Financial pressure,Haryana,Engineering,Employee_825,1970286,Sales,4.5,Remote,MGR1074,54,30,Low,2015,11,Experienced
4019,EMP100844,2026,Flipkart,Financial Analyst,Male,M.Tech,Cost reduction,Andhra Pradesh,Finance,Employee_845,259440,HR,4.2,Hybrid,MGR1094,11,9,Low,2016,10,Experienced
4020,EMP100847,2026,Samsung,Facilities Executive,Female,MBA,Cost reduction,Rajasthan,Administration,Employee_848,686819,HR,4.7,Remote,MGR1097,3,31,Medium,2022,4,Experienced
4021,EMP100879,2026,Samsung,Product Analyst,Non-binary,MCA,Role redundancy,Odisha,Product,Employee_880,258345,Support,4.7,WFO,MGR1129,67,10,Medium,2020,6,Experienced
4022,EMP100880,2026,Axis Bank,Customer Support Executive,Male,CA,Financial pressure,West Bengal,Customer Support,Employee_881,876918,HR,4.4,Remote,MGR1130,34,52,High,2023,3,Experienced
4023,EMP100883,2026,Axis Bank,Product Analyst,Female,CA,Cost reduction,Odisha,Product,Employee_884,366503,Sales,3.9,Hybrid,MGR1133,23,56,Medium,2020,6,Experienced
4024,EMP100900,2026,Amazon,Operations Manager,Male,BCA,Workforce restructuring,Rajasthan,Operations,Employee_901,470567,IT,4.3,WFO,MGR1000,48,48,Medium,2017,9,Experienced
4025,EMP100909,2026,PayPal,Office Administrator,Non-binary,B.E.,Business slowdown,Uttar Pradesh,Administration,Employee_910,2185409,Marketing,3.8,WFO,MGR1009,36,22,High,2024,2,Experienced
4026,EMP100935,2026,TCS,Financial Analyst,Male,B.Tech,Market demand decline,Delhi,Finance,Employee_936,702220,Operations,2.0,Hybrid,MGR1035,43,55,High,2024,2,Experienced
4027,EMP100987,2026,Adda247,Content Manager,Non-binary,Diploma,Workforce restructuring,Maharashtra,Marketing,Employee_988,1893440,IT,2.1,Remote,MGR1087,70,11,High,2016,10,Experienced
4028,EMP100993,2026,Microsoft,Marketing Executive,Non-binary,BCA,Business restructuring,Delhi,Marketing,Employee_994,1547232,IT,4.5,Hybrid,MGR1093,37,5,Medium,2018,8,Experienced
4029,EMP101004,2026,Zomato,Customer Success Executive,Female,BBA,Business restructuring,Delhi,Customer Support,Employee_1005,467576,Marketing,4.9,WFO,MGR1104,20,44,High,2021,5,Experienced
4030,EMP101089,2026,Ola Electric,Growth Manager,Male,BBA,Performance review,Delhi,Marketing,Employee_1090,988966,Support,2.2,Remote,MGR1039,48,49,High,2017,9,Experienced
4031,EMP101134,2026,Zupee,Marketing Executive,Male,B.Sc,Role redundancy,Maharashtra,Marketing,Employee_1135,1419254,Finance,3.7,Hybrid,MGR1084,51,39,Low,2022,4,Experienced
4032,EMP101159,2026,PayPal,MIS Executive,Non-binary,MCA,Performance review,Delhi,Analytics,Employee_1160,2045771,Support,5.0,Remote,MGR1109,3,20,High,2020,6,Experienced
4033,EMP101203,2026,Cognizant,Technical Support Executive,Female,Diploma,Project closure,Maharashtra,Customer Support,Employee_1204,1540607,Operations,3.7,WFO,MGR1003,55,58,Low,2018,8,Experienced
4034,EMP101235,2026,Livspace,Admin Executive,Male,BBA,Workforce restructuring,Madhya Pradesh,Sales,Employee_1236,972577,HR,3.0,Hybrid,MGR1035,3,2,Low,2024,2,Experienced
4035,EMP101322,2026,Visa,Customer Success Executive,Non-binary,B.Tech,Performance review,Kerala,Customer Support,Employee_1323,2189302,Sales,4.4,Hybrid,MGR1122,77,29,High,2017,9,Experienced
4036,EMP101334,2026,Adda247,HR Executive,Non-binary,B.E.,Cost reduction,Odisha,Human Resources,Employee_1335,1478033,Marketing,4.3,Hybrid,MGR1134,12,38,High,2022,4,Experienced
4037,EMP101339,2026,Zupee,Operations Manager,Male,MBA,Performance review,West Bengal,Operations,Employee_1340,954949,Marketing,4.7,WFO,MGR1139,3,40,High,2017,9,Experienced
4038,EMP101364,2026,Amazon,Customer Support Executive,Female,BBA,Role redundancy,Haryana,Customer Support,Employee_1365,1296473,HR,5.0,WFO,MGR1014,59,35,Medium,2016,10,Experienced
4039,EMP101449,2026,Zupee,Data Analyst,Male,B.Sc,Market demand decline,Tamil Nadu,Analytics,Employee_1450,1412949,Sales,4.1,Hybrid,MGR1099,73,47,High,2023,3,Experienced
4040,EMP101502,2026,Freshworks,Business Analyst,Non-binary,BCA,Performance review,Odisha,Analytics,Employee_1503,2128962,Marketing,3.6,Remote,MGR1002,30,10,High,2021,5,Experienced
4041,EMP101506,2026,HDFC Bank,Marketing Executive,Non-binary,BCA,Financial pressure,Gujarat,Marketing,Employee_1507,2020177,Sales,4.8,Hybrid,MGR1006,30,45,Medium,2018,8,Experienced
4042,EMP101522,2026,Freshworks,Office Administrator,Male,M.Tech,Business slowdown,Haryana,Administration,Employee_1523,1826292,Finance,4.2,Hybrid,MGR1022,59,24,Medium,2019,7,Experienced
4043,EMP101542,2026,Zupee,BI Analyst,Male,B.Tech,Role redundancy,Delhi,Analytics,Employee_1543,1560595,IT,4.1,Remote,MGR1042,77,15,Low,2021,5,Experienced
4044,EMP101547,2026,Axis Bank,Admin Executive,Male,BCA,Project closure,West Bengal,Administration,Employee_1548,2182469,Marketing,3.4,WFO,MGR1047,1,54,Medium,2018,8,Experienced
4045,EMP101580,2026,Zupee,Content Manager,Male,BBA,Project closure,Tamil Nadu,Marketing,Employee_1581,1797372,HR,3.5,WFO,MGR1080,20,43,High,2019,7,Experienced
4046,EMP101601,2026,Microsoft,BI Analyst,Male,M.Com,Cost reduction,Uttar Pradesh,Analytics,Employee_1602,1860964,HR,4.1,WFO,MGR1101,60,22,High,2020,6,Experienced
4047,EMP101657,2026,Meta,Support Analyst,Female,M.Tech,Business slowdown,Punjab,Customer Support,Employee_1658,1598513,HR,3.4,Hybrid,MGR1007,79,15,Low,2023,3,Experienced
4048,EMP101715,2026,Games24x7,Reporting Analyst,Non-binary,B.Tech,Project closure,Kerala,Analytics,Employee_1716,358482,Finance,2.7,Hybrid,MGR1065,49,25,Medium,2017,9,Experienced
4049,EMP101745,2026,CorroHealth,Facilities Executive,Non-binary,B.E.,Performance review,West Bengal,Administration,Employee_1746,2152491,HR,3.4,Remote,MGR1095,17,38,High,2018,8,Experienced
4050,EMP101780,2026,Wipro,Inside Sales Executive,Male,M.Tech,Business slowdown,Telangana,Sales,Employee_1781,437827,Support,2.7,Remote,MGR1130,31,19,High,2021,5,Experienced
4051,EMP101802,2026,Wipro,Sales Manager,Non-binary,M.Com,Financial pressure,Madhya Pradesh,Sales,Employee_1803,1741644,Marketing,3.3,WFO,MGR1002,56,1,Medium,2016,10,Experienced
4052,EMP101817,2026,CorroHealth,Support Analyst,Male,M.Com,Business slowdown,Haryana,Customer Support,Employee_1818,671983,Operations,4.1,Hybrid,MGR1017,51,43,High,2022,4,Experienced
4053,EMP101828,2026,Infosys,Risk Analyst,Non-binary,M.Com,Business restructuring,Telangana,Finance,Employee_1829,2126314,Marketing,3.9,Remote,MGR1028,49,36,High,2022,4,Experienced
4054,EMP101840,2026,Visa,Recruiter,Male,BCA,Cost reduction,Gujarat,Human Resources,Employee_1841,1973778,Sales,3.7,Remote,MGR1040,56,51,High,2019,7,Experienced
4055,EMP101863,2026,Adda247,Content Manager,Male,Diploma,Automation adoption,Maharashtra,Marketing,Employee_1864,782276,Support,4.7,Hybrid,MGR1063,32,26,Medium,2023,3,Experienced
4056,EMP101945,2026,Microsoft,Operations Executive,Non-binary,BCA,Performance review,Rajasthan,Operations,Employee_1946,1046069,IT,4.5,WFO,MGR1145,2,33,Medium,2024,2,Experienced
4057,EMP101946,2026,Axis Bank,Customer Success Executive,Non-binary,M.Tech,Financial pressure,Madhya Pradesh,Customer Support,Employee_1947,625147,Finance,2.4,Hybrid,MGR1146,11,37,Medium,2024,2,Experienced
4058,EMP101952,2026,Livspace,QA Engineer,Female,M.Tech,Project closure,Uttar Pradesh,Engineering,Employee_1953,1212974,Operations,4.3,Hybrid,MGR1002,69,34,High,2019,7,Experienced
4059,EMP102058,2026,Amazon,Operations Manager,Female,B.E.,Financial pressure,West Bengal,Operations,Employee_2059,780807,Support,4.2,Hybrid,MGR1108,71,22,Low,2017,9,Experienced
4060,EMP102061,2026,Ola Electric,Sales Manager,Female,CA,Financial pressure,Punjab,Sales,Employee_2062,875327,Support,2.5,WFO,MGR1111,41,29,Medium,2022,4,Experienced
4061,EMP102074,2026,Amazon,Customer Success Executive,Non-binary,M.Com,Business restructuring,Punjab,Customer Support,Employee_2075,821682,HR,2.1,Remote,MGR1124,36,18,Medium,2023,3,Experienced
4062,EMP102077,2026,Games24x7,Accountant,Male,Diploma,Automation adoption,Tamil Nadu,Finance,Employee_2078,1184349,Sales,4.7,Hybrid,MGR1127,42,53,Medium,2022,4,Experienced
4063,EMP102116,2026,PayPal,Operations Analyst,Non-binary,BBA,Business restructuring,Kerala,Operations,Employee_2117,1789918,IT,3.8,Hybrid,MGR1016,34,55,Medium,2019,7,Experienced
4064,EMP102133,2026,Adda247,Operations Analyst,Male,BBA,Role redundancy,Maharashtra,Operations,Employee_2134,328208,IT,4.6,Remote,MGR1033,10,11,High,2019,7,Experienced
4065,EMP102162,2026,Cognizant,Senior Software Engineer,Non-binary,M.Com,Cost reduction,Haryana,Engineering,Employee_2163,1388501,HR,2.7,Hybrid,MGR1062,67,31,Low,2022,4,Experienced
4066,EMP102193,2026,Ola Electric,Recruiter,Non-binary,Diploma,Market demand decline,Punjab,Human Resources,Employee_2194,1574033,Support,2.7,Remote,MGR1093,54,59,High,2022,4,Experienced
4067,EMP102214,2026,Games24x7,Operations Analyst,Female,M.Tech,Market demand decline,Maharashtra,Operations,Employee_2215,1344559,Marketing,3.2,Remote,MGR1114,34,2,Medium,2017,9,Experienced
4068,EMP102262,2026,Freshworks,Digital Marketing Specialist,Male,B.Tech,Automation adoption,Karnataka,Marketing,Employee_2263,2095403,Operations,3.0,Remote,MGR1012,55,12,High,2020,6,Experienced
4069,EMP102322,2026,Microsoft,Marketing Executive,Female,MCA,Business slowdown,Gujarat,Marketing,Employee_2323,1591378,Operations,4.8,Remote,MGR1072,56,29,High,2020,6,Experienced
4070,EMP102355,2026,CorroHealth,Support Analyst,Male,BCA,Automation adoption,Uttar Pradesh,Customer Support,Employee_2356,2084770,IT,4.5,WFO,MGR1105,2,26,High,2024,2,Experienced
4071,EMP102373,2026,Games24x7,DevOps Engineer,Non-binary,B.E.,Market demand decline,Punjab,Engineering,Employee_2374,782669,Sales,2.0,WFO,MGR1123,62,31,High,2022,4,Experienced
4072,EMP102411,2026,Axis Bank,Technical Support Executive,Male,B.Tech,Business slowdown,Odisha,Customer Support,Employee_2412,2139364,Sales,2.1,Remote,MGR1011,51,50,Medium,2022,4,Experienced
4073,EMP102427,2026,Ola Electric,Inside Sales Executive,Male,B.Sc,Business slowdown,Odisha,Sales,Employee_2428,1831647,HR,2.6,WFO,MGR1027,23,48,Medium,2017,9,Experienced
4074,EMP102454,2026,Zomato,Data Engineer,Male,B.E.,Project closure,Maharashtra,Engineering,Employee_2455,1226310,Sales,2.5,Remote,MGR1054,37,45,Medium,2021,5,Experienced
4075,EMP102511,2026,CorroHealth,Inside Sales Executive,Non-binary,B.Tech,Workforce restructuring,Maharashtra,Sales,Employee_2512,2096347,Operations,3.3,Remote,MGR1111,11,40,Medium,2024,2,Experienced
4076,EMP102596,2026,Freshworks,Business Development Executive,Non-binary,BCA,Role redundancy,Haryana,Sales,Employee_2597,1173850,Support,4.5,WFO,MGR1046,25,20,Medium,2016,10,Experienced
4077,EMP102665,2026,Zomato,Growth Manager,Non-binary,B.Sc,Performance review,Madhya Pradesh,Marketing,Employee_2666,2142193,HR,4.5,Remote,MGR1115,11,4,Medium,2019,7,Experienced
4078,EMP102734,2026,Livspace,Software Developer,Female,M.Com,Business restructuring,Odisha,Engineering,Employee_2735,511543,Finance,3.9,WFO,MGR1034,51,18,Medium,2022,4,Experienced
4079,EMP102761,2026,Wipro,Technical Support Executive,Non-binary,B.E.,Business slowdown,Telangana,Customer Support,Employee_2762,1033021,Operations,4.8,Remote,MGR1061,1,36,Low,2015,11,Experienced
4080,EMP102823,2026,Flipkart,Sales Executive,Female,M.Com,Market demand decline,Madhya Pradesh,Sales,Employee_2824,1341019,IT,2.8,WFO,MGR1123,10,52,High,2023,3,Experienced
4081,EMP102847,2026,Cognizant,Digital Marketing Specialist,Non-binary,CA,Business restructuring,Karnataka,Marketing,Employee_2848,1474194,Operations,4.0,Remote,MGR1147,66,8,Low,2024,2,Experienced
4082,EMP102873,2026,Paytm,Admin Executive,Non-binary,CA,Performance review,Delhi,Administration,Employee_2874,299134,Support,2.1,Hybrid,MGR1023,50,41,Medium,2024,2,Experienced
4083,EMP102926,2026,Zomato,BI Analyst,Non-binary,B.Tech,Financial pressure,West Bengal,Analytics,Employee_2927,345194,HR,2.1,Remote,MGR1076,41,48,Medium,2023,3,Experienced
4084,EMP102951,2026,Ola Electric,Product Analyst,Female,BCA,Business slowdown,Rajasthan,Product,Employee_2952,1690702,IT,2.8,Remote,MGR1101,4,41,High,2022,4,Experienced
4085,EMP102963,2026,Wipro,Product Manager,Female,MBA,Business restructuring,Uttar Pradesh,Product,Employee_2964,1227302,Support,4.0,Hybrid,MGR1113,38,49,Low,2020,6,Experienced
4086,EMP103015,2026,Adda247,Recruiter,Male,M.Com,Role redundancy,Karnataka,Human Resources,Employee_3016,1776768,Finance,4.7,Remote,MGR1015,69,24,Low,2016,10,Experienced
4087,EMP103043,2026,Visa,Backend Developer,Female,MCA,Business slowdown,Madhya Pradesh,Engineering,Employee_3044,1645650,Finance,3.1,WFO,MGR1043,67,20,High,2020,6,Experienced
4088,EMP103060,2026,Krutrim,Sales Executive,Male,M.Com,Performance review,West Bengal,Sales,Employee_3061,1151654,Operations,3.3,WFO,MGR1060,14,30,High,2019,7,Experienced
4089,EMP103082,2026,Wipro,Risk Analyst,Non-binary,BBA,Project closure,Maharashtra,Finance,Employee_3083,1370508,IT,4.0,Remote,MGR1082,29,9,High,2016,10,Experienced
4090,EMP103090,2026,Axis Bank,Accountant,Female,B.Tech,Performance review,Punjab,Finance,Employee_3091,888081,IT,2.3,Hybrid,MGR1090,11,40,Medium,2020,6,Experienced
4091,EMP103178,2026,CorroHealth,UX Designer,Male,CA,Market demand decline,Odisha,Product,Employee_3179,1928742,Operations,4.0,Remote,MGR1028,1,32,High,2019,7,Experienced
4092,EMP103263,2026,Oracle,Customer Success Executive,Female,CA,Market demand decline,Haryana,Customer Support,Employee_3264,1454683,Operations,4.0,WFO,MGR1113,11,5,Low,2024,2,Experienced
4093,EMP103268,2026,Infosys,Growth Manager,Male,B.Tech,Role redundancy,Madhya Pradesh,Marketing,Employee_3269,290064,Sales,4.8,Hybrid,MGR1118,57,16,High,2020,6,Experienced
4094,EMP103280,2026,Samsung,Office Administrator,Male,MBA,Performance review,Maharashtra,Administration,Employee_3281,1885942,IT,2.8,Hybrid,MGR1130,47,21,High,2022,4,Experienced
4095,EMP103346,2026,Visa,Backend Developer,Male,CA,Business slowdown,Andhra Pradesh,Engineering,Employee_3347,1505469,Finance,3.4,WFO,MGR1046,6,36,Low,2024,2,Experienced
4096,EMP103414,2026,Krutrim,Office Administrator,Female,BCA,Performance review,Tamil Nadu,Administration,Employee_3415,645340,HR,4.5,Hybrid,MGR1114,43,50,Medium,2017,9,Experienced
4097,EMP103423,2026,HDFC Bank,Content Manager,Male,BCA,Project closure,Maharashtra,Marketing,Employee_3424,1458083,HR,4.8,Hybrid,MGR1123,6,37,Low,2022,4,Experienced
4098,EMP103443,2026,PayPal,Technical Support Executive,Male,B.Sc,Automation adoption,Odisha,Customer Support,Employee_3444,1585797,Operations,2.5,WFO,MGR1143,4,21,High,2023,3,Experienced
4099,EMP103455,2026,Livspace,Sales Executive,Non-binary,B.E.,Automation adoption,Kerala,Sales,Employee_3456,1492950,HR,3.5,WFO,MGR1005,68,11,High,2020,6,Experienced
4100,EMP103497,2026,Livspace,Operations Manager,Female,MBA,Market demand decline,Punjab,Operations,Employee_3498,2017484,Marketing,4.6,Remote,MGR1047,2,21,Medium,2021,5,Experienced
4101,EMP103512,2026,Axis Bank,UX Designer,Non-binary,BCA,Performance review,Odisha,Product,Employee_3513,1172419,Marketing,3.4,Remote,MGR1062,46,57,Medium,2019,7,Experienced
4102,EMP103573,2026,PayPal,Risk Analyst,Male,B.Sc,Business restructuring,Karnataka,Finance,Employee_3574,1553129,HR,3.7,Remote,MGR1123,18,32,Low,2019,7,Experienced
4103,EMP103574,2026,Ola Electric,Customer Success Executive,Non-binary,B.Sc,Business restructuring,Andhra Pradesh,Customer Support,Employee_3575,1540137,HR,2.2,WFO,MGR1124,39,19,Medium,2015,11,Experienced
4104,EMP103612,2026,CorroHealth,Reporting Analyst,Male,Diploma,Workforce restructuring,Punjab,Analytics,Employee_3613,1453474,HR,2.0,Remote,MGR1012,10,8,Low,2021,5,Experienced
4105,EMP103676,2026,Adda247,Process Associate,Female,B.Tech,Workforce restructuring,Tamil Nadu,Operations,Employee_3677,1151179,HR,3.0,WFO,MGR1076,79,17,Low,2023,3,Experienced
4106,EMP103687,2026,PayPal,Operations Executive,Male,MCA,Role redundancy,Tamil Nadu,Operations,Employee_3688,1242690,Support,3.3,WFO,MGR1087,66,48,Medium,2022,4,Experienced
4107,EMP103688,2026,HDFC Bank,Business Development Executive,Male,BCA,Cost reduction,Gujarat,Sales,Employee_3689,547743,Operations,4.0,WFO,MGR1088,28,39,High,2015,11,Experienced
4108,EMP103715,2026,Infosys,Recruiter,Non-binary,MCA,Financial pressure,Karnataka,Human Resources,Employee_3716,290608,Operations,4.9,WFO,MGR1115,71,47,Medium,2016,10,Experienced
4109,EMP103768,2026,Samsung,Financial Analyst,Non-binary,B.E.,Financial pressure,Rajasthan,Finance,Employee_3769,1251167,Operations,4.5,Hybrid,MGR1018,65,30,Medium,2016,10,Experienced
4110,EMP103801,2026,Adda247,Admin Executive,Male,CA,Market demand decline,Rajasthan,Administration,Employee_3802,1059226,Finance,4.4,WFO,MGR1051,32,0,Medium,2019,7,Experienced
4111,EMP103832,2026,Games24x7,Account Manager,Female,BCA,Project closure,Rajasthan,Sales,Employee_3833,1118138,HR,2.5,Remote,MGR1082,63,20,Medium,2024,2,Experienced
4112,EMP103909,2026,PayPal,Finance Executive,Male,BBA,Role redundancy,Haryana,Finance,Employee_3910,2087981,Marketing,4.1,WFO,MGR1009,70,35,Low,2018,8,Experienced
4113,EMP103912,2026,PayPal,Office Administrator,Non-binary,MBA,Financial pressure,Maharashtra,Administration,Employee_3913,1408791,Finance,3.7,WFO,MGR1012,28,30,Medium,2022,4,Experienced
4114,EMP103934,2026,Wipro,Software Developer,Non-binary,MBA,Market demand decline,Uttar Pradesh,Engineering,Employee_3935,1761398,Sales,4.1,Remote,MGR1034,33,1,Medium,2016,10,Experienced
4115,EMP103941,2026,Cognizant,Process Associate,Male,M.Tech,Financial pressure,Punjab,Operations,Employee_3942,509221,Support,2.6,Hybrid,MGR1041,39,58,Medium,2023,3,Experienced
4116,EMP103942,2026,Axis Bank,Customer Success Executive,Female,M.Tech,Business slowdown,Andhra Pradesh,Customer Support,Employee_3943,1915839,Support,2.7,Hybrid,MGR1042,47,9,Low,2023,3,Experienced
4117,EMP103983,2026,Zomato,Support Analyst,Female,B.Sc,Workforce restructuring,Karnataka,Customer Support,Employee_3984,760752,Sales,4.4,WFO,MGR1083,11,10,Medium,2020,6,Experienced
4118,EMP103999,2026,Oracle,Account Manager,Male,MCA,Automation adoption,Punjab,Sales,Employee_4000,1596156,HR,2.5,WFO,MGR1099,76,47,Low,2016,10,Experienced
4119,EMP104006,2026,Meta,Process Associate,Female,B.E.,Workforce restructuring,West Bengal,Operations,Employee_4007,339697,Finance,4.4,Hybrid,MGR1106,57,33,High,2015,11,Experienced
4120,EMP104037,2026,Axis Bank,MIS Executive,Non-binary,BCA,Performance review,Rajasthan,Analytics,Employee_4038,1976117,Sales,3.1,WFO,MGR1137,69,56,Low,2024,2,Experienced
4121,EMP104059,2026,Axis Bank,Inside Sales Executive,Female,B.Tech,Business slowdown,Gujarat,Sales,Employee_4060,1340110,IT,2.4,WFO,MGR1009,63,2,Low,2017,9,Experienced
4122,EMP104108,2026,PayPal,Sales Executive,Female,M.Tech,Automation adoption,Odisha,Sales,Employee_4109,1455392,HR,4.7,Remote,MGR1058,24,17,High,2019,7,Experienced
4123,EMP104111,2026,CorroHealth,Reporting Analyst,Non-binary,B.Tech,Project closure,Haryana,Analytics,Employee_4112,1800769,HR,4.7,Hybrid,MGR1061,58,7,Medium,2022,4,Experienced
4124,EMP104152,2026,PayPal,Operations Manager,Male,B.Tech,Market demand decline,Maharashtra,Operations,Employee_4153,1770570,Sales,3.1,Remote,MGR1102,64,39,Low,2018,8,Experienced
4125,EMP104189,2026,Krutrim,Customer Support Executive,Male,M.Com,Performance review,Karnataka,Customer Support,Employee_4190,548763,Sales,3.9,WFO,MGR1139,3,56,Medium,2022,4,Experienced
4126,EMP104225,2026,Cognizant,Risk Analyst,Male,BCA,Market demand decline,Rajasthan,Finance,Employee_4226,1952345,HR,4.7,WFO,MGR1025,41,26,High,2015,11,Experienced
4127,EMP104322,2026,PayPal,HR Executive,Male,B.Sc,Role redundancy,Punjab,Human Resources,Employee_4323,1520289,Finance,2.1,WFO,MGR1122,31,31,High,2021,5,Experienced
4128,EMP104351,2026,Freshworks,Business Analyst,Non-binary,BCA,Performance review,Odisha,Analytics,Employee_4352,1912897,Support,4.6,Remote,MGR1001,67,1,High,2021,5,Experienced
4129,EMP104376,2026,Adda247,Office Administrator,Non-binary,B.Sc,Business restructuring,Kerala,Administration,Employee_4377,441698,Support,4.4,Remote,MGR1026,9,19,High,2024,2,Experienced
4130,EMP104382,2026,Meta,Admin Executive,Male,BBA,Automation adoption,Gujarat,Sales,Employee_4383,1042336,IT,2.5,Hybrid,MGR1032,58,20,Low,2018,8,Experienced
4131,EMP104405,2026,PayPal,Operations Analyst,Female,BBA,Business restructuring,Madhya Pradesh,Operations,Employee_4406,750393,Finance,3.0,Remote,MGR1055,40,4,High,2020,6,Experienced
4132,EMP104420,2026,Wipro,Senior Software Engineer,Male,Diploma,Cost reduction,Maharashtra,Engineering,Employee_4421,1227845,Marketing,2.9,WFO,MGR1070,15,39,Medium,2020,6,Experienced
4133,EMP104422,2026,Krutrim,Content Manager,Non-binary,BBA,Role redundancy,Maharashtra,Marketing,Employee_4423,2071183,Finance,4.6,Hybrid,MGR1072,27,8,Low,2019,7,Experienced
4134,EMP104452,2026,Visa,Product Analyst,Male,M.Tech,Automation adoption,West Bengal,Product,Employee_4453,1422055,Marketing,3.7,Hybrid,MGR1102,20,52,Low,2015,11,Experienced
4135,EMP104457,2026,HDFC Bank,QA Engineer,Female,CA,Business slowdown,West Bengal,Engineering,Employee_4458,1557889,Finance,4.4,WFO,MGR1107,20,59,Low,2024,2,Experienced
4136,EMP104483,2026,PayPal,Business Analyst,Non-binary,CA,Automation adoption,Andhra Pradesh,Analytics,Employee_4484,507285,Marketing,2.6,Hybrid,MGR1133,50,37,Medium,2023,3,Experienced
4137,EMP104494,2026,Amazon,Accountant,Non-binary,MBA,Performance review,Kerala,Finance,Employee_4495,1855500,HR,3.2,Hybrid,MGR1144,19,32,Medium,2020,6,Experienced
4138,EMP100015,2026,Zomato,Reporting Analyst,Male,M.Com,Business restructuring,Telangana,Analytics,Employee_16,1341108,Marketing,4.2,Hybrid,MGR1015,61,9,High,2015,11,Experienced
4139,EMP100025,2026,Wipro,Inside Sales Executive,Male,M.Tech,Project closure,Rajasthan,Sales,Employee_26,2149922,Support,4.6,WFO,MGR1025,11,24,High,2024,2,Experienced
4140,EMP100041,2026,Livspace,Operations Executive,Male,BCA,Business slowdown,Odisha,Operations,Employee_42,1650494,IT,3.3,Hybrid,MGR1041,69,9,High,2024,2,Experienced
4141,EMP100068,2026,Samsung,Customer Success Executive,Non-binary,CA,Market demand decline,Gujarat,Customer Support,Employee_69,2054751,Support,4.0,Hybrid,MGR1068,0,36,Low,2022,4,Experienced
4142,EMP100135,2026,Meta,UX Designer,Female,B.E.,Workforce restructuring,Uttar Pradesh,Product,Employee_136,1939215,Sales,2.9,WFO,MGR1135,36,32,High,2024,2,Experienced
4143,EMP100208,2026,Krutrim,Accountant,Non-binary,MCA,Financial pressure,Odisha,Finance,Employee_209,1366772,IT,4.4,Hybrid,MGR1058,31,16,Low,2019,7,Experienced
4144,EMP100213,2026,Paytm,Customer Success Executive,Female,B.E.,Automation adoption,Uttar Pradesh,Customer Support,Employee_214,1206767,Support,4.7,Hybrid,MGR1063,17,55,Medium,2017,9,Experienced
4145,EMP100246,2026,Meta,Product Analyst,Non-binary,MCA,Project closure,Gujarat,Product,Employee_247,781509,Finance,3.7,Hybrid,MGR1096,6,1,Medium,2021,5,Experienced
4146,EMP100250,2026,Freshworks,Admin Executive,Male,MBA,Financial pressure,Kerala,Administration,Employee_251,1038718,IT,4.7,Hybrid,MGR1100,33,11,Low,2021,5,Experienced
4147,EMP100334,2026,CorroHealth,Account Manager,Female,BBA,Business slowdown,Tamil Nadu,Sales,Employee_335,1422778,Sales,2.7,WFO,MGR1034,59,27,Low,2024,2,Experienced
4148,EMP100338,2026,HDFC Bank,Talent Acquisition Specialist,Female,Diploma,Performance review,Punjab,Human Resources,Employee_339,917849,Operations,3.5,Hybrid,MGR1038,2,17,Medium,2024,2,Experienced
4149,EMP100366,2026,Krutrim,Inside Sales Executive,Male,B.Tech,Project closure,West Bengal,Sales,Employee_367,1188439,Marketing,2.2,WFO,MGR1066,58,10,High,2017,9,Experienced
4150,EMP100384,2026,Infosys,Operations Manager,Male,B.E.,Market demand decline,Odisha,Operations,Employee_385,803767,Support,3.5,Hybrid,MGR1084,2,11,High,2016,10,Experienced
4151,EMP100392,2026,Axis Bank,Facilities Executive,Non-binary,BCA,Project closure,Delhi,Administration,Employee_393,766143,IT,3.8,Hybrid,MGR1092,26,51,Low,2021,5,Experienced
4152,EMP100429,2026,Cognizant,QA Engineer,Non-binary,Diploma,Automation adoption,Tamil Nadu,Engineering,Employee_430,1873331,Operations,2.9,Hybrid,MGR1129,5,0,Medium,2015,11,Experienced
4153,EMP100444,2026,Games24x7,Product Analyst,Male,MCA,Workforce restructuring,Madhya Pradesh,Product,Employee_445,899416,IT,2.7,Hybrid,MGR1144,55,21,Medium,2023,3,Experienced
4154,EMP100454,2026,Oracle,Marketing Executive,Non-binary,B.Sc,Cost reduction,Telangana,Marketing,Employee_455,2126823,Support,3.9,Remote,MGR1004,23,16,High,2015,11,Experienced
4155,EMP100462,2026,Livspace,Facilities Executive,Female,B.Tech,Automation adoption,Karnataka,Administration,Employee_463,408038,Sales,4.9,Hybrid,MGR1012,59,7,Medium,2021,5,Experienced
4156,EMP100479,2026,Microsoft,Sales Manager,Female,Diploma,Business restructuring,Maharashtra,Sales,Employee_480,867051,Finance,2.3,Hybrid,MGR1029,66,0,Medium,2017,9,Experienced
4157,EMP100570,2026,PayPal,Marketing Executive,Male,BCA,Automation adoption,Gujarat,Marketing,Employee_571,1937859,Marketing,3.7,WFO,MGR1120,60,0,Medium,2024,2,Experienced
4158,EMP100632,2026,Freshworks,Software Developer,Female,Diploma,Role redundancy,Odisha,Engineering,Employee_633,940037,IT,2.9,Remote,MGR1032,75,12,Medium,2024,2,Experienced
4159,EMP100669,2026,Games24x7,HR Executive,Non-binary,B.Tech,Cost reduction,Tamil Nadu,Human Resources,Employee_670,744374,Support,4.5,WFO,MGR1069,20,13,Medium,2017,9,Experienced
4160,EMP100685,2026,Zupee,Product Analyst,Non-binary,MCA,Role redundancy,Telangana,Product,Employee_686,1115744,Sales,2.5,Hybrid,MGR1085,40,41,Low,2024,2,Experienced
4161,EMP100789,2026,HDFC Bank,Office Administrator,Male,B.Tech,Market demand decline,Karnataka,Administration,Employee_790,515670,Marketing,4.4,WFO,MGR1039,72,47,Medium,2016,10,Experienced
4162,EMP100803,2026,TCS,Recruiter,Female,Diploma,Business restructuring,Haryana,Human Resources,Employee_804,1503502,Finance,3.7,Hybrid,MGR1053,68,50,Medium,2024,2,Experienced
4163,EMP100884,2026,Adda247,Talent Acquisition Specialist,Male,M.Com,Role redundancy,Kerala,Human Resources,Employee_885,881945,IT,4.6,WFO,MGR1134,39,59,High,2019,7,Experienced
4164,EMP100899,2026,PayPal,Customer Support Executive,Female,M.Com,Financial pressure,Kerala,Customer Support,Employee_900,631849,Finance,2.7,WFO,MGR1149,60,32,Low,2015,11,Experienced
4165,EMP100934,2026,Amazon,Operations Manager,Female,MBA,Business restructuring,Andhra Pradesh,Operations,Employee_935,1363224,HR,3.5,Hybrid,MGR1034,46,47,Medium,2018,8,Experienced
4166,EMP100973,2026,Adda247,Accountant,Male,M.Com,Market demand decline,Karnataka,Finance,Employee_974,1021615,Sales,3.6,Hybrid,MGR1073,58,54,High,2022,4,Experienced
4167,EMP100976,2026,HDFC Bank,Business Analyst,Female,B.Tech,Performance review,Gujarat,Analytics,Employee_977,1655464,IT,2.8,WFO,MGR1076,2,51,High,2016,10,Experienced
4168,EMP100996,2026,Games24x7,Software Engineer,Male,CA,Business slowdown,Maharashtra,Engineering,Employee_997,1049512,Sales,4.5,WFO,MGR1096,45,4,Low,2015,11,Experienced
4169,EMP101011,2026,Flipkart,Accountant,Non-binary,MCA,Project closure,Uttar Pradesh,Finance,Employee_1012,1203520,Operations,4.1,Remote,MGR1111,43,54,Low,2020,6,Experienced
4170,EMP101053,2026,HDFC Bank,Recruiter,Male,BCA,Financial pressure,Maharashtra,Human Resources,Employee_1054,1260431,Finance,4.9,WFO,MGR1003,60,29,High,2024,2,Experienced
4171,EMP101107,2026,Oracle,Operations Manager,Male,CA,Business slowdown,Karnataka,Operations,Employee_1108,2121437,HR,3.0,Remote,MGR1057,1,22,Low,2021,5,Experienced
4172,EMP101125,2026,Games24x7,Account Manager,Non-binary,M.Com,Automation adoption,Madhya Pradesh,Sales,Employee_1126,1586740,HR,2.5,WFO,MGR1075,77,34,High,2021,5,Experienced
4173,EMP101151,2026,Oracle,Data Scientist,Male,MBA,Workforce restructuring,Karnataka,Analytics,Employee_1152,867835,Operations,4.4,Hybrid,MGR1101,25,55,High,2017,9,Experienced
4174,EMP101156,2026,Oracle,BI Analyst,Female,MCA,Role redundancy,Punjab,Analytics,Employee_1157,1411171,Operations,4.5,WFO,MGR1106,34,53,High,2022,4,Experienced
4175,EMP101165,2026,Axis Bank,Customer Support Executive,Female,B.E.,Financial pressure,Gujarat,Customer Support,Employee_1166,1131273,Finance,3.7,WFO,MGR1115,72,34,Low,2024,2,Experienced
4176,EMP101166,2026,Amazon,UX Designer,Male,BCA,Market demand decline,Tamil Nadu,Product,Employee_1167,745825,Support,2.0,WFO,MGR1116,76,54,Low,2019,7,Experienced
4177,EMP101189,2026,Microsoft,Finance Executive,Non-binary,BCA,Cost reduction,Uttar Pradesh,Finance,Employee_1190,532803,Support,3.7,WFO,MGR1139,8,38,Low,2021,5,Experienced
4178,EMP101262,2026,Zupee,Product Designer,Non-binary,CA,Role redundancy,Maharashtra,Product,Employee_1263,1246681,Operations,4.0,Hybrid,MGR1062,12,13,Medium,2018,8,Experienced
4179,EMP101340,2026,Freshworks,Business Development Executive,Non-binary,Diploma,Project closure,Gujarat,Sales,Employee_1341,926750,IT,3.7,WFO,MGR1140,70,25,Medium,2024,2,Experienced
4180,EMP101355,2026,Wipro,Business Development Executive,Male,B.Tech,Business restructuring,Rajasthan,Sales,Employee_1356,2101131,Finance,4.5,WFO,MGR1005,54,1,Low,2024,2,Experienced
4181,EMP101368,2026,Wipro,Operations Manager,Non-binary,B.E.,Workforce restructuring,Uttar Pradesh,Operations,Employee_1369,1800388,Finance,4.6,WFO,MGR1018,29,6,Medium,2018,8,Experienced
4182,EMP101424,2026,Axis Bank,Marketing Executive,Non-binary,B.Sc,Market demand decline,West Bengal,Marketing,Employee_1425,2196373,HR,3.3,Remote,MGR1074,27,53,Medium,2017,9,Experienced
4183,EMP101432,2026,Ola Electric,Data Scientist,Male,B.E.,Role redundancy,Rajasthan,Analytics,Employee_1433,947636,Marketing,4.4,Hybrid,MGR1082,37,24,Low,2022,4,Experienced
4184,EMP101433,2026,Oracle,Customer Success Executive,Male,M.Tech,Business restructuring,Telangana,Customer Support,Employee_1434,1439359,Sales,2.6,WFO,MGR1083,53,5,High,2015,11,Experienced
4185,EMP101493,2026,Krutrim,Sales Manager,Female,MCA,Performance review,Madhya Pradesh,Sales,Employee_1494,2109163,Marketing,3.7,Hybrid,MGR1143,68,55,Low,2018,8,Experienced
4186,EMP101631,2026,Zomato,Operations Executive,Non-binary,M.Com,Business slowdown,Andhra Pradesh,Operations,Employee_1632,1232857,Sales,2.5,Remote,MGR1131,75,11,Low,2020,6,Experienced
4187,EMP101650,2026,Visa,Accountant,Non-binary,BCA,Business slowdown,Odisha,Finance,Employee_1651,1204390,Marketing,2.5,Hybrid,MGR1000,28,40,Low,2020,6,Experienced
4188,EMP101672,2026,Infosys,Office Administrator,Female,M.Com,Financial pressure,Uttar Pradesh,Administration,Employee_1673,302378,Operations,3.5,Remote,MGR1022,40,50,Low,2018,8,Experienced
4189,EMP101701,2026,Amazon,Growth Manager,Female,BCA,Business slowdown,Odisha,Marketing,Employee_1702,504222,HR,4.0,WFO,MGR1051,18,14,Medium,2015,11,Experienced
4190,EMP101710,2026,Oracle,Facilities Executive,Non-binary,Diploma,Role redundancy,Madhya Pradesh,Administration,Employee_1711,964299,Sales,4.7,Remote,MGR1060,29,16,Medium,2020,6,Experienced
4191,EMP101730,2026,Samsung,Tech Lead,Non-binary,B.Sc,Business restructuring,Odisha,Engineering,Employee_1731,1725988,Operations,3.9,Hybrid,MGR1080,9,0,High,2020,6,Experienced
4192,EMP101748,2026,Freshworks,Marketing Executive,Female,CA,Market demand decline,West Bengal,Marketing,Employee_1749,1413308,Operations,2.7,WFO,MGR1098,66,45,Medium,2021,5,Experienced
4193,EMP101779,2026,TCS,HR Business Partner,Non-binary,BCA,Financial pressure,Kerala,Human Resources,Employee_1780,2058773,IT,4.9,WFO,MGR1129,5,59,Low,2022,4,Experienced
4194,EMP101805,2026,Paytm,Product Designer,Non-binary,B.Tech,Automation adoption,Kerala,Product,Employee_1806,370397,IT,4.9,WFO,MGR1005,58,43,Low,2021,5,Experienced
4195,EMP101826,2026,TCS,Operations Manager,Male,B.Sc,Workforce restructuring,West Bengal,Operations,Employee_1827,944152,Finance,2.5,Hybrid,MGR1026,49,40,Low,2015,11,Experienced
4196,EMP101838,2026,TCS,Office Administrator,Non-binary,BBA,Business slowdown,Maharashtra,Administration,Employee_1839,736700,Support,3.2,Remote,MGR1038,22,22,Low,2022,4,Experienced
4197,EMP101860,2026,Ola Electric,Facilities Executive,Female,BCA,Financial pressure,Delhi,Administration,Employee_1861,1356130,Marketing,3.2,Hybrid,MGR1060,72,37,Medium,2016,10,Experienced
4198,EMP101932,2026,Games24x7,Technical Support Executive,Male,M.Com,Market demand decline,Odisha,Customer Support,Employee_1933,1535831,Operations,4.3,WFO,MGR1132,21,20,High,2020,6,Experienced
4199,EMP101948,2026,Games24x7,Senior Software Engineer,Male,CA,Cost reduction,Madhya Pradesh,Engineering,Employee_1949,940383,Operations,3.5,Remote,MGR1148,5,3,High,2019,7,Experienced
4200,EMP101955,2026,Zomato,UX Designer,Non-binary,MCA,Cost reduction,Madhya Pradesh,Product,Employee_1956,507651,HR,2.9,WFO,MGR1005,5,56,Medium,2018,8,Experienced
4201,EMP101978,2026,Ola Electric,Recruiter,Non-binary,M.Tech,Role redundancy,Karnataka,Human Resources,Employee_1979,2036537,Sales,2.9,WFO,MGR1028,26,34,Low,2015,11,Experienced
4202,EMP102030,2026,Paytm,HR Business Partner,Male,B.E.,Cost reduction,Kerala,Human Resources,Employee_2031,2093602,IT,3.7,Hybrid,MGR1080,65,46,Low,2017,9,Experienced
4203,EMP102044,2026,Zomato,Growth Manager,Female,MCA,Financial pressure,Delhi,Marketing,Employee_2045,1985131,Sales,2.5,Hybrid,MGR1094,55,50,High,2015,11,Experienced
4204,EMP102091,2026,Cognizant,Admin Executive,Male,CA,Cost reduction,Andhra Pradesh,Administration,Employee_2092,2193434,Operations,3.9,Remote,MGR1141,39,38,Low,2023,3,Experienced
4205,EMP102149,2026,Adda247,Finance Executive,Female,MBA,Project closure,Uttar Pradesh,Finance,Employee_2150,765507,Finance,2.6,Remote,MGR1049,0,7,Medium,2023,3,Experienced
4206,EMP102157,2026,Samsung,Digital Marketing Specialist,Non-binary,B.Sc,Performance review,Punjab,Marketing,Employee_2158,2115061,Sales,4.6,Hybrid,MGR1057,50,18,Medium,2016,10,Experienced
4207,EMP102164,2026,Zomato,Data Scientist,Male,BCA,Financial pressure,Madhya Pradesh,Analytics,Employee_2165,455281,Support,2.1,Remote,MGR1064,71,43,High,2018,8,Experienced
4208,EMP102180,2026,Amazon,Finance Executive,Non-binary,B.E.,Automation adoption,Andhra Pradesh,Finance,Employee_2181,662820,Finance,4.5,Remote,MGR1080,74,7,Low,2019,7,Experienced
4209,EMP102190,2026,Adda247,Technical Support Executive,Non-binary,CA,Business restructuring,Rajasthan,Customer Support,Employee_2191,1326672,IT,2.1,Hybrid,MGR1090,67,33,Medium,2022,4,Experienced
4210,EMP102203,2026,Adda247,Process Associate,Non-binary,MBA,Workforce restructuring,Odisha,Operations,Employee_2204,1296972,IT,3.8,Remote,MGR1103,73,15,High,2016,10,Experienced
4211,EMP102208,2026,Zupee,HR Executive,Non-binary,MCA,Financial pressure,Haryana,Human Resources,Employee_2209,908475,Operations,2.3,WFO,MGR1108,11,58,Medium,2020,6,Experienced
4212,EMP102245,2026,Oracle,Product Designer,Female,B.Sc,Workforce restructuring,Tamil Nadu,Product,Employee_2246,1015795,Finance,2.5,WFO,MGR1145,76,38,Medium,2020,6,Experienced
4213,EMP102284,2026,Oracle,HR Executive,Male,MBA,Workforce restructuring,West Bengal,Human Resources,Employee_2285,1363810,Operations,4.3,Hybrid,MGR1034,56,51,High,2016,10,Experienced
4214,EMP102312,2026,Zupee,HR Executive,Male,B.Tech,Performance review,Haryana,Human Resources,Employee_2313,1957607,IT,4.1,Remote,MGR1062,57,43,Low,2016,10,Experienced
4215,EMP102316,2026,HDFC Bank,Data Scientist,Female,CA,Business restructuring,Madhya Pradesh,Analytics,Employee_2317,1185651,Marketing,2.1,Remote,MGR1066,33,48,Low,2024,2,Experienced
4216,EMP102318,2026,Cognizant,HR Business Partner,Male,B.Sc,Business restructuring,Rajasthan,Human Resources,Employee_2319,1540215,Support,3.6,Hybrid,MGR1068,7,58,Low,2019,7,Experienced
4217,EMP102379,2026,Paytm,Facilities Executive,Non-binary,B.Tech,Business slowdown,Tamil Nadu,Administration,Employee_2380,1163118,Finance,4.4,Remote,MGR1129,41,31,High,2022,4,Experienced
4218,EMP102392,2026,Krutrim,BI Analyst,Male,BCA,Role redundancy,Tamil Nadu,Analytics,Employee_2393,436213,Marketing,3.9,Remote,MGR1142,22,44,High,2016,10,Experienced
4219,EMP102422,2026,Cognizant,HR Executive,Male,M.Com,Role redundancy,Karnataka,Human Resources,Employee_2423,764642,HR,2.6,WFO,MGR1022,34,9,Medium,2021,5,Experienced
4220,EMP102429,2026,Wipro,Admin Executive,Male,BCA,Market demand decline,Telangana,Administration,Employee_2430,1761974,IT,4.4,Remote,MGR1029,4,1,Low,2017,9,Experienced
4221,EMP102439,2026,Samsung,Risk Analyst,Non-binary,B.Tech,Market demand decline,Haryana,Finance,Employee_2440,296241,Support,4.2,WFO,MGR1039,5,11,High,2018,8,Experienced
4222,EMP102484,2026,Infosys,HR Business Partner,Non-binary,M.Com,Business restructuring,Gujarat,Human Resources,Employee_2485,1625511,HR,3.1,WFO,MGR1084,27,52,High,2020,6,Experienced
4223,EMP102490,2026,Samsung,Customer Support Executive,Female,B.E.,Role redundancy,Kerala,Customer Support,Employee_2491,1264191,Operations,4.3,Hybrid,MGR1090,14,5,Medium,2015,11,Experienced
4224,EMP102492,2026,Samsung,Office Administrator,Non-binary,B.E.,Business restructuring,Delhi,Administration,Employee_2493,925338,IT,4.6,Hybrid,MGR1092,7,35,Low,2022,4,Experienced
4225,EMP102515,2026,Meta,Product Analyst,Non-binary,M.Tech,Market demand decline,Maharashtra,Product,Employee_2516,1292363,HR,4.1,Hybrid,MGR1115,26,7,Medium,2022,4,Experienced
4226,EMP102528,2026,Oracle,Sales Executive,Female,B.E.,Financial pressure,Haryana,Sales,Employee_2529,553483,HR,3.0,Hybrid,MGR1128,50,13,High,2015,11,Experienced
4227,EMP102617,2026,Oracle,Sales Executive,Female,M.Tech,Business slowdown,Odisha,Sales,Employee_2618,1083983,IT,2.5,WFO,MGR1067,56,8,High,2021,5,Experienced
4228,EMP102620,2026,Samsung,Content Manager,Male,Diploma,Automation adoption,Delhi,Marketing,Employee_2621,275980,Operations,3.7,Hybrid,MGR1070,16,12,Low,2023,3,Experienced
4229,EMP102651,2026,Infosys,Sales Executive,Non-binary,Diploma,Automation adoption,Maharashtra,Sales,Employee_2652,1019197,Finance,4.3,WFO,MGR1101,40,14,High,2022,4,Experienced
4230,EMP102679,2026,Zupee,Operations Executive,Male,M.Com,Automation adoption,West Bengal,Operations,Employee_2680,543260,Marketing,2.2,WFO,MGR1129,70,6,Medium,2017,9,Experienced
4231,EMP102710,2026,Freshworks,Support Analyst,Male,MBA,Business slowdown,Andhra Pradesh,Customer Support,Employee_2711,771719,Operations,2.8,Remote,MGR1010,64,23,High,2018,8,Experienced
4232,EMP102714,2026,Freshworks,Growth Manager,Male,MCA,Performance review,Uttar Pradesh,Marketing,Employee_2715,1661170,Operations,2.3,WFO,MGR1014,0,35,High,2024,2,Experienced
4233,EMP102726,2026,Ola Electric,UX Designer,Male,B.Tech,Business restructuring,Madhya Pradesh,Product,Employee_2727,1442315,Support,2.2,Hybrid,MGR1026,25,13,Low,2015,11,Experienced
4234,EMP102768,2026,Zomato,Talent Acquisition Specialist,Non-binary,B.E.,Project closure,Telangana,Human Resources,Employee_2769,1087103,Operations,2.6,Hybrid,MGR1068,12,13,High,2024,2,Experienced
4235,EMP102776,2026,Zomato,Recruiter,Male,MCA,Business restructuring,Madhya Pradesh,Human Resources,Employee_2777,1258275,IT,3.4,WFO,MGR1076,23,28,High,2018,8,Experienced
4236,EMP102807,2026,Axis Bank,Financial Analyst,Female,MCA,Market demand decline,Kerala,Finance,Employee_2808,2196703,Support,2.3,Remote,MGR1107,11,14,Medium,2021,5,Experienced
4237,EMP102813,2026,Flipkart,Data Scientist,Female,MBA,Performance review,Madhya Pradesh,Analytics,Employee_2814,1470509,Operations,2.8,Remote,MGR1113,32,33,High,2016,10,Experienced
4238,EMP102828,2026,Krutrim,Facilities Executive,Male,M.Com,Business slowdown,West Bengal,Administration,Employee_2829,804395,Finance,4.1,Hybrid,MGR1128,61,22,Low,2021,5,Experienced
4239,EMP102848,2026,Paytm,Data Engineer,Female,M.Tech,Automation adoption,Rajasthan,Engineering,Employee_2849,1982509,Sales,4.6,WFO,MGR1148,5,28,Medium,2019,7,Experienced
4240,EMP102853,2026,Amazon,Product Analyst,Non-binary,MCA,Workforce restructuring,Haryana,Product,Employee_2854,2124349,Finance,2.3,Remote,MGR1003,63,0,High,2018,8,Experienced
4241,EMP102897,2026,Microsoft,Marketing Executive,Male,B.E.,Performance review,Rajasthan,Marketing,Employee_2898,987057,Support,4.7,WFO,MGR1047,48,6,High,2020,6,Experienced
4242,EMP102925,2026,Visa,Financial Analyst,Male,MCA,Business restructuring,Madhya Pradesh,Finance,Employee_2926,855488,Support,3.5,WFO,MGR1075,58,23,Medium,2016,10,Experienced
4243,EMP102977,2026,Amazon,UX Designer,Female,BBA,Business restructuring,Madhya Pradesh,Product,Employee_2978,891670,Finance,3.9,WFO,MGR1127,13,47,Low,2020,6,Experienced
4244,EMP103036,2026,TCS,Business Analyst,Male,BBA,Project closure,Delhi,Analytics,Employee_3037,2182307,HR,3.1,WFO,MGR1036,8,44,Medium,2023,3,Experienced
4245,EMP103044,2026,Flipkart,Recruiter,Non-binary,M.Com,Project closure,Rajasthan,Human Resources,Employee_3045,774609,Finance,2.5,WFO,MGR1044,28,35,Medium,2022,4,Experienced
4246,EMP103093,2026,Paytm,Sales Manager,Female,B.Tech,Cost reduction,West Bengal,Sales,Employee_3094,2132316,Operations,2.3,WFO,MGR1093,78,7,High,2018,8,Experienced
4247,EMP103109,2026,Paytm,Operations Analyst,Male,BCA,Role redundancy,Andhra Pradesh,Operations,Employee_3110,1054717,Sales,2.3,Remote,MGR1109,28,2,High,2021,5,Experienced
4248,EMP103134,2026,Microsoft,Financial Analyst,Non-binary,B.Sc,Performance review,Uttar Pradesh,Finance,Employee_3135,1767110,Finance,3.6,Remote,MGR1134,14,18,Low,2022,4,Experienced
4249,EMP103141,2026,Infosys,Product Analyst,Non-binary,M.Com,Role redundancy,Maharashtra,Product,Employee_3142,1425495,Marketing,3.2,Remote,MGR1141,46,55,Low,2017,9,Experienced
4250,EMP103180,2026,Games24x7,Operations Manager,Non-binary,CA,Business slowdown,Telangana,Operations,Employee_3181,837882,Support,5.0,WFO,MGR1030,10,14,Low,2020,6,Experienced
4251,EMP103182,2026,Cognizant,Operations Executive,Male,MBA,Automation adoption,Delhi,Operations,Employee_3183,2126201,IT,4.0,WFO,MGR1032,64,20,Medium,2016,10,Experienced
4252,EMP103293,2026,TCS,Senior Software Engineer,Non-binary,CA,Role redundancy,Andhra Pradesh,Engineering,Employee_3294,516083,Marketing,4.8,Hybrid,MGR1143,63,9,Low,2017,9,Experienced
4253,EMP103334,2026,Infosys,Risk Analyst,Male,BCA,Project closure,Madhya Pradesh,Finance,Employee_3335,743055,IT,3.4,WFO,MGR1034,30,19,Low,2017,9,Experienced
4254,EMP103361,2026,Infosys,Software Developer,Non-binary,CA,Performance review,Punjab,Engineering,Employee_3362,1261271,HR,4.6,WFO,MGR1061,23,10,High,2015,11,Experienced
4255,EMP103386,2026,Adda247,Operations Manager,Female,M.Com,Performance review,Kerala,Operations,Employee_3387,352494,IT,3.8,Remote,MGR1086,69,45,High,2022,4,Experienced
4256,EMP103387,2026,Flipkart,Business Analyst,Non-binary,B.Tech,Performance review,Madhya Pradesh,Analytics,Employee_3388,1974073,Operations,4.2,Remote,MGR1087,68,2,High,2024,2,Experienced
4257,EMP103396,2026,Infosys,Backend Developer,Male,MCA,Business restructuring,Delhi,Engineering,Employee_3397,1030637,IT,3.2,Hybrid,MGR1096,31,51,Low,2021,5,Experienced
4258,EMP103461,2026,Zupee,Software Engineer,Male,MBA,Automation adoption,Haryana,Engineering,Employee_3462,1325248,HR,3.2,WFO,MGR1011,29,35,High,2024,2,Experienced
4259,EMP103486,2026,HDFC Bank,Data Engineer,Non-binary,BCA,Project closure,Punjab,Engineering,Employee_3487,1815208,Finance,4.3,Remote,MGR1036,69,31,Low,2024,2,Experienced
4260,EMP103531,2026,Ola Electric,Data Scientist,Male,BBA,Business restructuring,Haryana,Analytics,Employee_3532,969118,Marketing,2.4,WFO,MGR1081,67,56,Low,2015,11,Experienced
4261,EMP103533,2026,Ola Electric,Risk Analyst,Female,M.Tech,Role redundancy,Delhi,Finance,Employee_3534,477430,HR,4.1,WFO,MGR1083,66,52,High,2021,5,Experienced
4262,EMP103620,2026,Amazon,Facilities Executive,Female,BBA,Cost reduction,Maharashtra,Administration,Employee_3621,1384272,Finance,2.9,WFO,MGR1020,43,24,Low,2022,4,Experienced
4263,EMP103737,2026,Games24x7,Operations Manager,Non-binary,CA,Business slowdown,Telangana,Operations,Employee_3738,1934987,IT,4.1,Remote,MGR1137,2,9,Medium,2024,2,Experienced
4264,EMP103746,2026,Ola Electric,Inside Sales Executive,Non-binary,MCA,Market demand decline,Andhra Pradesh,Sales,Employee_3747,1808980,IT,3.4,Remote,MGR1146,12,7,High,2017,9,Experienced
4265,EMP103823,2026,Cognizant,Facilities Executive,Non-binary,B.Sc,Workforce restructuring,West Bengal,Administration,Employee_3824,776820,Operations,4.1,WFO,MGR1073,61,5,Low,2019,7,Experienced
4266,EMP103844,2026,Krutrim,Support Analyst,Female,Diploma,Market demand decline,Tamil Nadu,Customer Support,Employee_3845,991593,HR,4.0,WFO,MGR1094,42,6,High,2022,4,Experienced
4267,EMP103874,2026,Krutrim,Financial Analyst,Female,BCA,Automation adoption,Karnataka,Finance,Employee_3875,1125800,HR,4.5,Remote,MGR1124,70,49,High,2023,3,Experienced
4268,EMP103879,2026,PayPal,Product Analyst,Non-binary,BBA,Automation adoption,Odisha,Product,Employee_3880,1081871,Sales,3.8,WFO,MGR1129,13,46,High,2017,9,Experienced
4269,EMP103883,2026,Oracle,Data Analyst,Male,BBA,Performance review,Gujarat,Analytics,Employee_3884,1808459,Sales,3.6,WFO,MGR1133,31,28,High,2015,11,Experienced
4270,EMP103906,2026,Microsoft,Sales Manager,Non-binary,B.Sc,Workforce restructuring,Maharashtra,Sales,Employee_3907,2031210,Operations,4.4,WFO,MGR1006,30,10,Low,2019,7,Experienced
4271,EMP103956,2026,Paytm,Marketing Executive,Female,MBA,Market demand decline,Tamil Nadu,Marketing,Employee_3957,1770598,Sales,4.9,Remote,MGR1056,56,17,Medium,2018,8,Experienced
4272,EMP103962,2026,Krutrim,Office Administrator,Male,B.Sc,Cost reduction,Tamil Nadu,Administration,Employee_3963,2045269,Sales,3.3,Remote,MGR1062,15,5,High,2021,5,Experienced
4273,EMP103987,2026,TCS,Admin Executive,Female,B.Sc,Business slowdown,Andhra Pradesh,Administration,Employee_3988,2031307,HR,3.7,WFO,MGR1087,45,39,High,2022,4,Experienced
4274,EMP104015,2026,Meta,Data Scientist,Non-binary,B.E.,Cost reduction,Tamil Nadu,Analytics,Employee_4016,1503923,Support,4.8,Hybrid,MGR1115,26,10,Medium,2023,3,Experienced
4275,EMP104021,2026,Infosys,Digital Marketing Specialist,Male,CA,Automation adoption,Rajasthan,Marketing,Employee_4022,1344397,Sales,2.6,Hybrid,MGR1121,57,47,High,2022,4,Experienced
4276,EMP104039,2026,Livspace,Risk Analyst,Male,M.Tech,Role redundancy,West Bengal,Finance,Employee_4040,788904,Marketing,4.7,Remote,MGR1139,60,47,Low,2022,4,Experienced
4277,EMP104058,2026,Zupee,Customer Success Executive,Female,BBA,Role redundancy,Rajasthan,Customer Support,Employee_4059,910877,Finance,3.1,Remote,MGR1008,27,6,High,2015,11,Experienced
4278,EMP104217,2026,Zomato,Facilities Executive,Non-binary,B.Tech,Role redundancy,Andhra Pradesh,Administration,Employee_4218,259025,Marketing,4.6,Remote,MGR1017,58,30,Medium,2016,10,Experienced
4279,EMP104218,2026,Flipkart,Digital Marketing Specialist,Non-binary,Diploma,Cost reduction,Delhi,Marketing,Employee_4219,1812311,Support,3.4,Hybrid,MGR1018,52,46,High,2023,3,Experienced
4280,EMP104258,2026,Meta,Software Engineer,Male,M.Tech,Business restructuring,Odisha,Engineering,Employee_4259,958720,HR,2.3,WFO,MGR1058,70,28,Medium,2020,6,Experienced
4281,EMP104268,2026,PayPal,Sales Executive,Male,Diploma,Role redundancy,Uttar Pradesh,Sales,Employee_4269,1083472,IT,4.5,Remote,MGR1068,46,26,Medium,2021,5,Experienced
4282,EMP104311,2026,Freshworks,Product Manager,Female,M.Com,Financial pressure,Rajasthan,Product,Employee_4312,1062535,HR,4.5,WFO,MGR1111,73,47,High,2015,11,Experienced
4283,EMP104342,2026,Paytm,QA Engineer,Male,M.Com,Cost reduction,Gujarat,Engineering,Employee_4343,327730,Marketing,4.1,Hybrid,MGR1142,55,40,High,2024,2,Experienced
4284,EMP104369,2026,CorroHealth,Growth Manager,Male,B.Sc,Cost reduction,Rajasthan,Human Resources,Employee_4370,1504908,Operations,4.8,Hybrid,MGR1019,62,27,Medium,2017,9,Experienced
4285,EMP104438,2026,Meta,QA Engineer,Male,B.E.,Automation adoption,Maharashtra,Engineering,Employee_4439,2061157,Operations,4.2,Hybrid,MGR1088,71,20,Low,2017,9,Experienced
4286,EMP104447,2026,HDFC Bank,DevOps Engineer,Non-binary,MCA,Performance review,Tamil Nadu,Engineering,Employee_4448,385783,Marketing,3.3,Hybrid,MGR1097,60,53,Medium,2015,11,Experienced
4287,EMP104473,2026,Samsung,HR Business Partner,Non-binary,BBA,Project closure,Punjab,Human Resources,Employee_4474,2069869,HR,2.1,WFO,MGR1123,64,49,High,2017,9,Experienced
4288,EMP104526,2026,Zomato,Digital Marketing Specialist,Male,MCA,Workforce restructuring,Tamil Nadu,Marketing,Employee_4527,613656,Support,3.8,Remote,MGR1026,60,29,Low,2018,8,Experienced
4289,EMP104531,2026,Axis Bank,Product Manager,Non-binary,M.Com,Workforce restructuring,Odisha,Product,Employee_4532,1900564,IT,3.7,Hybrid,MGR1031,44,14,Low,2023,3,Experienced
4290,EMP100197,2026,HDFC Bank,HR Business Partner,Male,B.E.,Performance review,Uttar Pradesh,Human Resources,Employee_198,827713,Finance,3.8,Hybrid,MGR1047,46,59,High,2019,7,Experienced
4291,EMP100209,2026,Ola Electric,Marketing Executive,Non-binary,B.E.,Project closure,Delhi,Marketing,Employee_210,655460,Finance,3.8,WFO,MGR1059,67,14,Low,2017,9,Experienced
4292,EMP100234,2026,TCS,Recruiter,Non-binary,MBA,Project closure,Karnataka,Human Resources,Employee_235,1157808,Sales,4.6,Hybrid,MGR1084,36,10,High,2022,4,Experienced
4293,EMP100292,2026,Krutrim,Growth Manager,Male,M.Com,Financial pressure,Kerala,Marketing,Employee_293,789471,HR,3.1,Remote,MGR1142,76,5,High,2024,2,Experienced
4294,EMP100308,2026,Freshworks,Operations Manager,Male,M.Tech,Financial pressure,Rajasthan,Operations,Employee_309,1650753,IT,4.2,Hybrid,MGR1008,12,53,Low,2017,9,Experienced
4295,EMP100313,2026,TCS,Business Development Executive,Female,BCA,Business restructuring,Kerala,Sales,Employee_314,1537269,Marketing,2.3,Remote,MGR1013,66,5,Low,2022,4,Experienced
4296,EMP100314,2026,Games24x7,Process Associate,Non-binary,CA,Automation adoption,Telangana,Operations,Employee_315,1255167,Support,2.8,Remote,MGR1014,36,7,Medium,2017,9,Experienced
4297,EMP100324,2026,Adda247,Growth Manager,Male,MBA,Business slowdown,Tamil Nadu,Marketing,Employee_325,1625886,HR,2.7,Remote,MGR1024,11,9,Medium,2021,5,Experienced
4298,EMP100355,2026,Krutrim,Financial Analyst,Female,MBA,Business restructuring,Andhra Pradesh,Finance,Employee_356,733685,Support,4.4,Hybrid,MGR1055,67,31,Low,2022,4,Experienced
4299,EMP100425,2026,Visa,Facilities Executive,Non-binary,CA,Performance review,Haryana,Administration,Employee_426,886314,Sales,4.6,WFO,MGR1125,58,59,Low,2015,11,Experienced
4300,EMP100463,2026,Amazon,HR Business Partner,Non-binary,B.Sc,Cost reduction,Telangana,Human Resources,Employee_464,521673,Marketing,3.7,Remote,MGR1013,78,53,Low,2019,7,Experienced
4301,EMP100467,2026,Oracle,QA Engineer,Female,BBA,Automation adoption,Telangana,Engineering,Employee_468,1271955,Support,3.6,Remote,MGR1017,47,42,Low,2023,3,Experienced
4302,EMP100574,2026,Paytm,BI Analyst,Non-binary,CA,Business slowdown,Rajasthan,Analytics,Employee_575,1182131,HR,2.5,Hybrid,MGR1124,34,40,High,2016,10,Experienced
4303,EMP100587,2026,Freshworks,Senior Software Engineer,Male,MCA,Automation adoption,Delhi,Engineering,Employee_588,687634,IT,2.3,Remote,MGR1137,75,50,Medium,2016,10,Experienced
4304,EMP100611,2026,TCS,Digital Marketing Specialist,Male,B.Tech,Cost reduction,Rajasthan,Marketing,Employee_612,272006,Sales,4.9,WFO,MGR1011,44,13,High,2017,9,Experienced
4305,EMP100626,2026,Freshworks,Finance Executive,Non-binary,M.Com,Workforce restructuring,Gujarat,Finance,Employee_627,1568925,Sales,2.4,Remote,MGR1026,51,32,High,2019,7,Experienced
4306,EMP100646,2026,Visa,BI Analyst,Male,MCA,Business slowdown,Haryana,Analytics,Employee_647,2067430,Support,3.1,Remote,MGR1046,50,22,Low,2019,7,Experienced
4307,EMP100655,2026,PayPal,Risk Analyst,Male,M.Com,Workforce restructuring,Maharashtra,Finance,Employee_656,377097,Support,2.5,Hybrid,MGR1055,49,9,Medium,2018,8,Experienced
4308,EMP100690,2026,HDFC Bank,Account Manager,Female,BCA,Cost reduction,Rajasthan,Sales,Employee_691,1805516,HR,4.1,WFO,MGR1090,10,49,Medium,2019,7,Experienced
4309,EMP100702,2026,Livspace,Product Manager,Female,MCA,Business slowdown,Telangana,Product,Employee_703,1467520,IT,4.6,Remote,MGR1102,70,37,High,2023,3,Experienced
4310,EMP100717,2026,Games24x7,Growth Manager,Non-binary,M.Com,Business slowdown,Rajasthan,Marketing,Employee_718,2135209,Support,4.4,Hybrid,MGR1117,58,31,Medium,2020,6,Experienced
4311,EMP100723,2026,TCS,Business Development Executive,Female,MCA,Business slowdown,Haryana,Sales,Employee_724,316260,Marketing,4.0,WFO,MGR1123,52,46,Low,2021,5,Experienced
4312,EMP100772,2026,Paytm,Process Associate,Non-binary,M.Com,Market demand decline,Maharashtra,Operations,Employee_773,1390375,Marketing,2.6,Hybrid,MGR1022,52,39,Medium,2016,10,Experienced
4313,EMP100832,2026,Oracle,Facilities Executive,Female,BCA,Project closure,Odisha,Administration,Employee_833,929407,Finance,2.5,Hybrid,MGR1082,79,42,Low,2024,2,Experienced
4314,EMP100857,2026,Cognizant,Inside Sales Executive,Male,MBA,Cost reduction,Madhya Pradesh,Sales,Employee_858,439897,IT,3.4,Hybrid,MGR1107,28,27,Medium,2020,6,Experienced
4315,EMP100874,2026,Wipro,UX Designer,Male,CA,Market demand decline,Haryana,Product,Employee_875,715457,IT,3.4,Hybrid,MGR1124,57,27,Low,2020,6,Experienced
4316,EMP100971,2026,Visa,Marketing Executive,Male,MBA,Automation adoption,Uttar Pradesh,Marketing,Employee_972,265562,IT,4.9,Hybrid,MGR1071,48,58,High,2022,4,Experienced
4317,EMP100992,2026,Zupee,Sales Manager,Non-binary,MCA,Cost reduction,Odisha,Sales,Employee_993,1540548,Finance,4.8,WFO,MGR1092,26,49,Medium,2023,3,Experienced
4318,EMP101026,2026,Visa,Accountant,Male,M.Com,Cost reduction,Rajasthan,Finance,Employee_1027,1105729,HR,2.9,Remote,MGR1126,53,40,High,2024,2,Experienced
4319,EMP101055,2026,TCS,Customer Support Executive,Male,M.Com,Project closure,Andhra Pradesh,Customer Support,Employee_1056,1644779,Operations,2.7,Remote,MGR1005,51,24,Low,2017,9,Experienced
4320,EMP101063,2026,Meta,Sales Executive,Female,MBA,Business restructuring,Maharashtra,Sales,Employee_1064,1323086,Support,4.4,Remote,MGR1013,79,36,Medium,2019,7,Experienced
4321,EMP101076,2026,Visa,Frontend Developer,Male,B.E.,Performance review,Maharashtra,Engineering,Employee_1077,839307,HR,4.1,Remote,MGR1026,38,41,Medium,2020,6,Experienced
4322,EMP101093,2026,Adda247,Operations Manager,Male,M.Com,Business restructuring,West Bengal,Operations,Employee_1094,1727204,HR,3.2,WFO,MGR1043,69,45,Low,2017,9,Experienced
4323,EMP101095,2026,Infosys,Facilities Executive,Male,B.Sc,Project closure,Madhya Pradesh,Administration,Employee_1096,1013927,Marketing,3.5,Remote,MGR1045,5,46,Low,2016,10,Experienced
4324,EMP101101,2026,Meta,Office Administrator,Female,BBA,Market demand decline,Kerala,Administration,Employee_1102,1493560,Finance,3.5,Remote,MGR1051,13,14,Low,2024,2,Experienced
4325,EMP101261,2026,Paytm,Reporting Analyst,Female,Diploma,Automation adoption,Gujarat,Analytics,Employee_1262,1662372,Support,3.3,WFO,MGR1061,22,38,High,2015,11,Experienced
4326,EMP101269,2026,PayPal,Customer Success Executive,Male,B.E.,Business restructuring,Andhra Pradesh,Customer Support,Employee_1270,1347373,Support,4.6,Hybrid,MGR1069,43,0,High,2022,4,Experienced
4327,EMP101277,2026,HDFC Bank,Talent Acquisition Specialist,Male,B.Sc,Financial pressure,Punjab,Human Resources,Employee_1278,2050723,Support,4.3,WFO,MGR1077,47,25,Medium,2018,8,Experienced
4328,EMP101294,2026,CorroHealth,Admin Executive,Male,BBA,Automation adoption,Odisha,Administration,Employee_1295,752308,Sales,2.0,Hybrid,MGR1094,52,25,High,2023,3,Experienced
4329,EMP101313,2026,PayPal,Sales Manager,Female,BCA,Business restructuring,West Bengal,Sales,Employee_1314,1946257,Marketing,2.7,Hybrid,MGR1113,43,38,Low,2019,7,Experienced
4330,EMP101357,2026,Livspace,Financial Analyst,Female,B.Sc,Role redundancy,Punjab,Finance,Employee_1358,2125445,IT,2.2,Remote,MGR1007,74,19,High,2019,7,Experienced
4331,EMP101375,2026,Games24x7,Financial Analyst,Non-binary,M.Com,Project closure,West Bengal,Finance,Employee_1376,1684564,Finance,4.0,Remote,MGR1025,0,21,Medium,2018,8,Experienced
4332,EMP101419,2026,Visa,QA Engineer,Female,B.E.,Financial pressure,Madhya Pradesh,Engineering,Employee_1420,1307945,Operations,2.0,WFO,MGR1069,56,31,Low,2020,6,Experienced
4333,EMP101434,2026,Krutrim,UX Designer,Non-binary,B.Sc,Workforce restructuring,Andhra Pradesh,Product,Employee_1435,895387,Marketing,4.8,Hybrid,MGR1084,40,4,Low,2022,4,Experienced
4334,EMP101448,2026,HDFC Bank,Financial Analyst,Male,B.E.,Role redundancy,Rajasthan,Finance,Employee_1449,2033358,Support,4.6,Hybrid,MGR1098,40,38,Medium,2019,7,Experienced
4335,EMP101498,2026,Krutrim,Product Analyst,Non-binary,M.Com,Automation adoption,Madhya Pradesh,Product,Employee_1499,1878479,Operations,2.1,WFO,MGR1148,61,33,Low,2017,9,Experienced
4336,EMP101532,2026,Visa,Growth Manager,Non-binary,M.Com,Role redundancy,Madhya Pradesh,Marketing,Employee_1533,834895,Operations,4.7,Hybrid,MGR1032,76,22,Medium,2015,11,Experienced
4337,EMP101535,2026,Oracle,UX Designer,Male,M.Tech,Business slowdown,Rajasthan,Product,Employee_1536,1655451,IT,3.5,Remote,MGR1035,33,35,Medium,2024,2,Experienced
4338,EMP101551,2026,Samsung,Data Engineer,Female,M.Tech,Business slowdown,Punjab,Engineering,Employee_1552,1041691,HR,2.9,WFO,MGR1051,57,0,Low,2022,4,Experienced
4339,EMP101553,2026,TCS,Product Analyst,Female,B.Sc,Business slowdown,Maharashtra,Product,Employee_1554,907833,Finance,2.6,Hybrid,MGR1053,62,29,High,2019,7,Experienced
4340,EMP101645,2026,Cognizant,Office Administrator,Female,M.Tech,Market demand decline,Odisha,Administration,Employee_1646,1748087,Sales,4.9,Remote,MGR1145,70,21,Medium,2022,4,Experienced
4341,EMP101656,2026,Zupee,Senior Software Engineer,Female,B.Tech,Performance review,Telangana,Engineering,Employee_1657,1215195,Finance,3.1,Remote,MGR1006,37,48,High,2020,6,Experienced
4342,EMP101674,2026,Visa,Sales Manager,Male,B.Sc,Project closure,Gujarat,Sales,Employee_1675,1790173,IT,3.9,Remote,MGR1024,27,2,High,2017,9,Experienced
4343,EMP101683,2026,Zomato,BI Analyst,Non-binary,B.E.,Role redundancy,Gujarat,Analytics,Employee_1684,2191780,Finance,2.9,Remote,MGR1033,69,22,Medium,2019,7,Experienced
4344,EMP101720,2026,Krutrim,Reporting Analyst,Male,Diploma,Automation adoption,Maharashtra,Analytics,Employee_1721,265486,Support,3.7,Hybrid,MGR1070,11,28,Medium,2018,8,Experienced
4345,EMP101721,2026,Samsung,Operations Manager,Non-binary,Diploma,Business restructuring,Punjab,Operations,Employee_1722,1529278,HR,3.1,Hybrid,MGR1071,31,57,Low,2016,10,Experienced
4346,EMP101792,2026,Krutrim,BI Analyst,Male,BBA,Role redundancy,Punjab,Analytics,Employee_1793,1996013,IT,3.2,WFO,MGR1142,31,42,Medium,2018,8,Experienced
4347,EMP101800,2026,Zomato,Customer Success Executive,Female,B.Tech,Performance review,Uttar Pradesh,Customer Support,Employee_1801,843494,HR,3.4,WFO,MGR1000,34,24,Low,2021,5,Experienced
4348,EMP101919,2026,Zomato,Facilities Executive,Male,B.E.,Performance review,Telangana,Administration,Employee_1920,1917549,Sales,5.0,Remote,MGR1119,56,19,Medium,2016,10,Experienced
4349,EMP101921,2026,Infosys,HR Executive,Male,CA,Cost reduction,Maharashtra,Human Resources,Employee_1922,1223710,Sales,4.3,Remote,MGR1121,7,13,High,2022,4,Experienced
4350,EMP101924,2026,Oracle,Business Development Executive,Female,M.Com,Project closure,Rajasthan,Sales,Employee_1925,653364,IT,3.9,Remote,MGR1124,40,59,Low,2022,4,Experienced
4351,EMP101929,2026,CorroHealth,Business Development Executive,Female,Diploma,Project closure,Maharashtra,Sales,Employee_1930,1350325,Support,2.7,Hybrid,MGR1129,61,17,High,2019,7,Experienced
4352,EMP101940,2026,Paytm,Business Analyst,Male,MBA,Financial pressure,Maharashtra,Analytics,Employee_1941,537343,Sales,3.3,Remote,MGR1140,73,17,Low,2017,9,Experienced
4353,EMP101950,2026,HDFC Bank,Data Analyst,Male,CA,Performance review,Karnataka,Analytics,Employee_1951,1132787,HR,3.8,Hybrid,MGR1000,0,23,High,2020,6,Experienced
4354,EMP101958,2026,Visa,DevOps Engineer,Female,B.Tech,Role redundancy,Punjab,Engineering,Employee_1959,1840220,Support,3.4,WFO,MGR1008,19,2,Low,2019,7,Experienced
4355,EMP101996,2026,Flipkart,DevOps Engineer,Non-binary,B.Sc,Business restructuring,Haryana,Engineering,Employee_1997,1132536,Operations,3.9,Remote,MGR1046,44,8,High,2018,8,Experienced
4356,EMP102011,2026,Samsung,Customer Success Executive,Male,M.Tech,Business restructuring,Maharashtra,Customer Support,Employee_2012,646264,IT,3.6,WFO,MGR1061,31,35,High,2021,5,Experienced
4357,EMP102025,2026,Freshworks,Process Associate,Female,BBA,Financial pressure,Uttar Pradesh,Operations,Employee_2026,370258,Finance,2.2,WFO,MGR1075,72,39,High,2020,6,Experienced
4358,EMP102055,2026,HDFC Bank,MIS Executive,Non-binary,BCA,Workforce restructuring,Madhya Pradesh,Analytics,Employee_2056,1430969,Marketing,2.9,Remote,MGR1105,40,8,Medium,2015,11,Experienced
4359,EMP102075,2026,PayPal,BI Analyst,Female,M.Com,Automation adoption,Punjab,Analytics,Employee_2076,608477,Support,4.7,WFO,MGR1125,25,11,Medium,2022,4,Experienced
4360,EMP102101,2026,Krutrim,Sales Manager,Non-binary,B.Tech,Workforce restructuring,Kerala,Sales,Employee_2102,753789,Operations,2.8,Remote,MGR1001,71,46,Low,2016,10,Experienced
4361,EMP102142,2026,Flipkart,Inside Sales Executive,Non-binary,BCA,Market demand decline,Karnataka,Sales,Employee_2143,2051513,Sales,2.5,Remote,MGR1042,43,2,Low,2016,10,Experienced
4362,EMP102237,2026,Games24x7,Risk Analyst,Male,MBA,Business restructuring,Gujarat,Finance,Employee_2238,1362931,Marketing,4.0,Hybrid,MGR1137,49,10,High,2015,11,Experienced
4363,EMP102244,2026,Meta,Reporting Analyst,Female,M.Com,Market demand decline,Delhi,Analytics,Employee_2245,1738730,HR,4.1,Hybrid,MGR1144,10,56,Low,2017,9,Experienced
4364,EMP102296,2026,Ola Electric,Business Development Executive,Female,BCA,Performance review,Odisha,Sales,Employee_2297,1494986,Sales,3.0,WFO,MGR1046,16,27,Medium,2024,2,Experienced
4365,EMP102311,2026,PayPal,Growth Manager,Female,BBA,Automation adoption,Andhra Pradesh,Marketing,Employee_2312,1693356,IT,4.3,Remote,MGR1061,40,3,High,2021,5,Experienced
4366,EMP102330,2026,Games24x7,Operations Manager,Male,BBA,Project closure,Tamil Nadu,Operations,Employee_2331,1684603,Operations,4.9,WFO,MGR1080,34,0,Medium,2018,8,Experienced
4367,EMP102347,2026,CorroHealth,Product Designer,Male,MCA,Workforce restructuring,West Bengal,Product,Employee_2348,1383255,IT,4.8,WFO,MGR1097,21,9,High,2023,3,Experienced
4368,EMP102348,2026,PayPal,Customer Support Executive,Male,B.Sc,Role redundancy,Delhi,Customer Support,Employee_2349,1917157,IT,4.4,Hybrid,MGR1098,19,9,Medium,2019,7,Experienced
4369,EMP102415,2026,Visa,Customer Support Executive,Female,B.Tech,Market demand decline,Kerala,Customer Support,Employee_2416,1198623,Finance,4.8,Hybrid,MGR1015,78,20,Medium,2017,9,Experienced
4370,EMP102513,2026,Samsung,Customer Support Executive,Male,B.Sc,Cost reduction,Punjab,Customer Support,Employee_2514,1216214,Sales,4.3,WFO,MGR1113,23,8,High,2023,3,Experienced
4371,EMP102529,2026,Livspace,Business Analyst,Male,B.E.,Business slowdown,Odisha,Analytics,Employee_2530,1199934,Support,3.2,Hybrid,MGR1129,7,11,High,2023,3,Experienced
4372,EMP102567,2026,Cognizant,Business Analyst,Non-binary,CA,Market demand decline,Haryana,Analytics,Employee_2568,334772,Sales,3.8,Hybrid,MGR1017,68,7,Medium,2019,7,Experienced
4373,EMP102581,2026,PayPal,HR Executive,Male,MBA,Cost reduction,Rajasthan,Human Resources,Employee_2582,2197048,Support,4.0,WFO,MGR1031,44,19,Medium,2022,4,Experienced
4374,EMP102632,2026,HDFC Bank,Backend Developer,Female,M.Tech,Performance review,Karnataka,Engineering,Employee_2633,1447720,IT,2.2,Hybrid,MGR1082,18,53,High,2016,10,Experienced
4375,EMP102717,2026,Ola Electric,Sales Manager,Female,B.Tech,Market demand decline,Tamil Nadu,Sales,Employee_2718,655123,Operations,4.4,Hybrid,MGR1017,37,13,High,2021,5,Experienced
4376,EMP102718,2026,Oracle,Data Engineer,Female,B.Sc,Business restructuring,Haryana,Engineering,Employee_2719,1559814,Finance,2.6,Remote,MGR1018,77,23,Medium,2022,4,Experienced
4377,EMP102747,2026,Paytm,Product Manager,Non-binary,M.Tech,Automation adoption,Haryana,Product,Employee_2748,1421509,IT,4.7,Remote,MGR1047,74,6,Medium,2024,2,Experienced
4378,EMP102801,2026,Krutrim,Support Analyst,Male,B.E.,Cost reduction,Telangana,Customer Support,Employee_2802,1945981,Support,4.3,Remote,MGR1101,25,46,Low,2016,10,Experienced
4379,EMP102850,2026,Amazon,Risk Analyst,Non-binary,BBA,Workforce restructuring,Andhra Pradesh,Finance,Employee_2851,1579033,Operations,4.9,Hybrid,MGR1000,35,18,High,2020,6,Experienced
4380,EMP102852,2026,Livspace,Sales Manager,Female,BCA,Role redundancy,Andhra Pradesh,Sales,Employee_2853,855467,Operations,3.8,Remote,MGR1002,27,14,Medium,2024,2,Experienced
4381,EMP102929,2026,Visa,Accountant,Male,Diploma,Performance review,Tamil Nadu,Finance,Employee_2930,570662,Marketing,3.5,WFO,MGR1079,10,20,Low,2020,6,Experienced
4382,EMP103009,2026,Zupee,Content Manager,Non-binary,B.E.,Market demand decline,Gujarat,Marketing,Employee_3010,596495,HR,4.3,Hybrid,MGR1009,60,59,High,2021,5,Experienced
4383,EMP103061,2026,Amazon,Business Analyst,Non-binary,MBA,Business slowdown,Odisha,Analytics,Employee_3062,2086949,Support,3.2,Remote,MGR1061,57,16,Low,2015,11,Experienced
4384,EMP103121,2026,Samsung,Software Engineer,Male,BBA,Performance review,Karnataka,Engineering,Employee_3122,322821,IT,4.1,Remote,MGR1121,48,28,High,2017,9,Experienced
4385,EMP103128,2026,Oracle,Financial Analyst,Non-binary,M.Tech,Financial pressure,Madhya Pradesh,Finance,Employee_3129,700546,Support,2.7,Remote,MGR1128,9,35,Medium,2024,2,Experienced
4386,EMP103142,2026,PayPal,Admin Executive,Female,B.Sc,Project closure,Gujarat,Administration,Employee_3143,2101989,Marketing,3.3,Remote,MGR1142,73,58,Medium,2015,11,Experienced
4387,EMP103181,2026,Infosys,Inside Sales Executive,Non-binary,M.Com,Automation adoption,Haryana,Sales,Employee_3182,2079543,Sales,4.1,WFO,MGR1031,47,58,High,2024,2,Experienced
4388,EMP103193,2026,HDFC Bank,Operations Executive,Female,M.Com,Project closure,Madhya Pradesh,Operations,Employee_3194,546571,Sales,4.6,Hybrid,MGR1043,31,24,High,2015,11,Experienced
4389,EMP103195,2026,TCS,Office Administrator,Female,CA,Market demand decline,Gujarat,Administration,Employee_3196,1699248,Sales,2.8,WFO,MGR1045,63,57,Medium,2024,2,Experienced
4390,EMP103207,2026,Games24x7,Admin Executive,Male,M.Com,Financial pressure,Madhya Pradesh,Administration,Employee_3208,1998342,Marketing,3.3,Hybrid,MGR1057,40,43,Medium,2022,4,Experienced
4391,EMP103221,2026,Axis Bank,Talent Acquisition Specialist,Female,CA,Business slowdown,Uttar Pradesh,Human Resources,Employee_3222,1523209,Marketing,2.1,Remote,MGR1071,79,47,High,2020,6,Experienced
4392,EMP103299,2026,Krutrim,Admin Executive,Non-binary,M.Com,Workforce restructuring,Punjab,Administration,Employee_3300,1878384,Marketing,3.0,Remote,MGR1149,78,54,High,2016,10,Experienced
4393,EMP103327,2026,PayPal,Marketing Executive,Non-binary,MBA,Business slowdown,Punjab,Marketing,Employee_3328,626845,Marketing,2.7,Remote,MGR1027,78,12,Low,2020,6,Experienced
4394,EMP103350,2026,Wipro,Customer Support Executive,Non-binary,B.Tech,Cost reduction,Andhra Pradesh,Customer Support,Employee_3351,1765776,Support,4.5,Hybrid,MGR1050,36,11,Low,2024,2,Experienced
4395,EMP103409,2026,PayPal,Technical Support Executive,Female,B.E.,Automation adoption,Gujarat,Customer Support,Employee_3410,2042370,HR,3.1,WFO,MGR1109,29,15,Medium,2020,6,Experienced
4396,EMP103442,2026,Krutrim,Data Scientist,Female,BBA,Automation adoption,Andhra Pradesh,Analytics,Employee_3443,585981,Sales,3.3,WFO,MGR1142,53,30,Medium,2024,2,Experienced
4397,EMP103464,2026,Zupee,HR Business Partner,Male,Diploma,Business restructuring,Haryana,Human Resources,Employee_3465,1735080,Finance,3.8,Hybrid,MGR1014,43,8,Medium,2021,5,Experienced
4398,EMP103515,2026,TCS,Recruiter,Male,M.Com,Workforce restructuring,Maharashtra,Human Resources,Employee_3516,1323926,Marketing,3.7,Hybrid,MGR1065,66,5,Low,2016,10,Experienced
4399,EMP103516,2026,Adda247,Admin Executive,Female,B.Sc,Project closure,Tamil Nadu,Administration,Employee_3517,341065,Support,2.8,Remote,MGR1066,34,9,Low,2015,11,Experienced
4400,EMP103529,2026,Flipkart,Financial Analyst,Non-binary,B.Sc,Performance review,Rajasthan,Finance,Employee_3530,1822239,Support,4.8,Hybrid,MGR1079,34,46,High,2016,10,Experienced
4401,EMP103540,2026,Microsoft,Inside Sales Executive,Female,BCA,Financial pressure,Rajasthan,Sales,Employee_3541,1685389,IT,4.7,WFO,MGR1090,43,42,Medium,2018,8,Experienced
4402,EMP103552,2026,Microsoft,Talent Acquisition Specialist,Non-binary,MCA,Financial pressure,Gujarat,Human Resources,Employee_3553,1108146,Marketing,3.6,Remote,MGR1102,46,9,High,2017,9,Experienced
4403,EMP103609,2026,Ola Electric,Customer Support Executive,Female,M.Tech,Business slowdown,Kerala,Customer Support,Employee_3610,898579,Operations,3.5,WFO,MGR1009,21,58,High,2017,9,Experienced
4404,EMP103672,2026,Meta,Operations Executive,Non-binary,M.Com,Business restructuring,Madhya Pradesh,Operations,Employee_3673,1407788,HR,4.1,Hybrid,MGR1072,67,40,Low,2022,4,Experienced
4405,EMP103701,2026,Oracle,Process Associate,Male,B.Sc,Workforce restructuring,Punjab,Operations,Employee_3702,1542605,Operations,4.6,WFO,MGR1101,50,26,Low,2019,7,Experienced
4406,EMP103716,2026,PayPal,Senior Software Engineer,Female,M.Com,Workforce restructuring,Maharashtra,Engineering,Employee_3717,1487302,Support,2.2,WFO,MGR1116,2,35,High,2019,7,Experienced
4407,EMP103730,2026,Cognizant,Operations Executive,Non-binary,Diploma,Project closure,Tamil Nadu,Operations,Employee_3731,1475702,IT,3.0,Hybrid,MGR1130,74,34,Medium,2017,9,Experienced
4408,EMP103808,2026,Games24x7,Inside Sales Executive,Male,B.Sc,Performance review,Kerala,Sales,Employee_3809,759437,Operations,3.3,WFO,MGR1058,44,29,Medium,2023,3,Experienced
4409,EMP103830,2026,Wipro,Senior Software Engineer,Non-binary,MCA,Performance review,Haryana,Engineering,Employee_3831,819362,HR,4.5,Remote,MGR1080,74,55,High,2016,10,Experienced
4410,EMP103836,2026,Ola Electric,Software Developer,Non-binary,MCA,Business slowdown,Tamil Nadu,Engineering,Employee_3837,675756,IT,2.0,Hybrid,MGR1086,70,24,High,2023,3,Experienced
4411,EMP103872,2026,Amazon,Reporting Analyst,Female,M.Tech,Automation adoption,Madhya Pradesh,Analytics,Employee_3873,678298,Sales,2.2,WFO,MGR1122,25,23,Medium,2016,10,Experienced
4412,EMP103896,2026,Adda247,Product Analyst,Female,BCA,Performance review,Rajasthan,Product,Employee_3897,1203282,Finance,2.4,WFO,MGR1146,57,57,Medium,2024,2,Experienced
4413,EMP103917,2026,Paytm,Technical Support Executive,Male,BCA,Role redundancy,Maharashtra,Customer Support,Employee_3918,1119609,Marketing,3.1,WFO,MGR1017,0,34,Medium,2021,5,Experienced
4414,EMP103959,2026,Cognizant,Content Manager,Female,B.Tech,Market demand decline,Odisha,Marketing,Employee_3960,1051372,Marketing,4.9,WFO,MGR1059,10,31,High,2018,8,Experienced
4415,EMP103992,2026,Adda247,Sales Executive,Male,Diploma,Business restructuring,Uttar Pradesh,Sales,Employee_3993,1620043,HR,4.3,WFO,MGR1092,48,5,High,2015,11,Experienced
4416,EMP104045,2026,Visa,Operations Manager,Female,MCA,Role redundancy,Telangana,Operations,Employee_4046,892212,Marketing,2.6,WFO,MGR1145,37,8,High,2017,9,Experienced
4417,EMP104103,2026,Microsoft,Data Engineer,Female,B.E.,Financial pressure,Andhra Pradesh,Engineering,Employee_4104,1886686,Finance,4.1,WFO,MGR1053,59,56,High,2018,8,Experienced
4418,EMP104119,2026,HDFC Bank,Admin Executive,Female,M.Tech,Cost reduction,Maharashtra,Administration,Employee_4120,1968254,Marketing,4.0,Remote,MGR1069,40,1,Medium,2015,11,Experienced
4419,EMP104132,2026,Ola Electric,Office Administrator,Non-binary,BCA,Cost reduction,Kerala,Administration,Employee_4133,1148572,HR,2.1,WFO,MGR1082,61,29,High,2022,4,Experienced
4420,EMP104159,2026,Samsung,UX Designer,Female,Diploma,Role redundancy,Maharashtra,Product,Employee_4160,1517890,Operations,4.7,WFO,MGR1109,27,59,Medium,2024,2,Experienced
4421,EMP104173,2026,PayPal,Technical Support Executive,Non-binary,BBA,Performance review,Karnataka,Customer Support,Employee_4174,2092337,Sales,3.6,WFO,MGR1123,73,13,High,2021,5,Experienced
4422,EMP104278,2026,PayPal,Product Designer,Male,B.Sc,Performance review,West Bengal,Product,Employee_4279,899610,IT,2.0,WFO,MGR1078,66,25,High,2019,7,Experienced
4423,EMP104364,2026,Amazon,HR Executive,Female,B.E.,Market demand decline,Haryana,Human Resources,Employee_4365,1943925,Marketing,2.4,Remote,MGR1014,62,41,High,2019,7,Experienced
4424,EMP104385,2026,Cognizant,Data Analyst,Non-binary,CA,Business slowdown,Karnataka,Analytics,Employee_4386,1082158,Operations,4.7,Remote,MGR1035,70,19,Low,2023,3,Experienced
4425,EMP104434,2026,PayPal,Finance Executive,Non-binary,MCA,Performance review,Haryana,Finance,Employee_4435,2123544,Operations,4.2,Remote,MGR1084,7,15,Medium,2024,2,Experienced
4426,EMP100153,2026,Visa,Growth Manager,Non-binary,CA,Financial pressure,Telangana,Marketing,Employee_154,314821,HR,3.7,Hybrid,MGR1003,3,23,Low,2023,3,Experienced
4427,EMP100155,2026,Cognizant,Operations Manager,Female,Diploma,Business restructuring,Tamil Nadu,Operations,Employee_156,1180625,Marketing,3.4,WFO,MGR1005,76,7,Medium,2016,10,Experienced
4428,EMP100180,2026,Paytm,Sales Manager,Non-binary,B.E.,Project closure,Madhya Pradesh,Sales,Employee_181,1760275,Marketing,2.7,Remote,MGR1030,46,59,Medium,2023,3,Experienced
4429,EMP100240,2026,Infosys,Account Manager,Female,Diploma,Market demand decline,Madhya Pradesh,Sales,Employee_241,880432,Sales,3.6,Hybrid,MGR1090,6,2,Low,2024,2,Experienced
4430,EMP100244,2026,Amazon,Reporting Analyst,Female,M.Com,Project closure,Andhra Pradesh,Analytics,Employee_245,922074,Finance,2.2,Hybrid,MGR1094,34,30,Medium,2020,6,Experienced
4431,EMP100295,2026,Ola Electric,Product Manager,Male,Diploma,Market demand decline,Rajasthan,Product,Employee_296,1605949,Support,4.6,WFO,MGR1145,25,20,Low,2020,6,Experienced
4432,EMP100298,2026,Flipkart,Recruiter,Female,M.Com,Financial pressure,Gujarat,Human Resources,Employee_299,2140838,Operations,4.5,Hybrid,MGR1148,67,4,Medium,2024,2,Experienced
4433,EMP100349,2026,Adda247,Growth Manager,Non-binary,M.Tech,Workforce restructuring,Maharashtra,Marketing,Employee_350,1346943,Operations,2.5,WFO,MGR1049,63,3,Low,2016,10,Experienced
4434,EMP100373,2026,Visa,Office Administrator,Female,MCA,Automation adoption,Karnataka,Administration,Employee_374,1112309,Support,3.0,Hybrid,MGR1073,26,10,High,2024,2,Experienced
4435,EMP100390,2026,PayPal,Operations Analyst,Male,MBA,Business slowdown,Haryana,Operations,Employee_391,2027633,HR,2.8,Hybrid,MGR1090,2,29,Medium,2022,4,Experienced
4436,EMP100407,2026,Oracle,Customer Success Executive,Non-binary,MCA,Automation adoption,West Bengal,Human Resources,Employee_408,1433603,IT,2.3,Hybrid,MGR1107,6,11,Low,2016,10,Experienced
4437,EMP100512,2026,Paytm,Finance Executive,Male,MCA,Workforce restructuring,Andhra Pradesh,Finance,Employee_513,285185,IT,4.4,Hybrid,MGR1062,4,15,Medium,2019,7,Experienced
4438,EMP100525,2026,Paytm,Talent Acquisition Specialist,Female,BBA,Market demand decline,Telangana,Human Resources,Employee_526,1551267,Marketing,4.5,WFO,MGR1075,45,31,Low,2017,9,Experienced
4439,EMP100529,2026,TCS,Risk Analyst,Female,B.E.,Financial pressure,Haryana,Finance,Employee_530,2196613,Marketing,3.0,WFO,MGR1079,22,2,Medium,2022,4,Experienced
4440,EMP100568,2026,TCS,Process Associate,Non-binary,BCA,Performance review,Madhya Pradesh,Operations,Employee_569,974242,IT,3.0,Remote,MGR1118,32,24,Low,2021,5,Experienced
4441,EMP100596,2026,Cognizant,Support Analyst,Female,BCA,Financial pressure,West Bengal,Customer Support,Employee_597,1961919,Marketing,4.2,Remote,MGR1146,61,39,High,2022,4,Experienced
4442,EMP100634,2026,Meta,Operations Analyst,Non-binary,MCA,Business slowdown,Madhya Pradesh,Operations,Employee_635,1565040,Operations,4.7,WFO,MGR1034,78,23,High,2023,3,Experienced
4443,EMP100661,2026,Cognizant,Technical Support Executive,Female,B.E.,Project closure,Haryana,Customer Support,Employee_662,830065,Sales,4.5,Hybrid,MGR1061,46,23,High,2016,10,Experienced
4444,EMP100708,2026,Infosys,MIS Executive,Male,BBA,Business slowdown,Gujarat,Analytics,Employee_709,1115050,Marketing,3.2,Hybrid,MGR1108,27,20,Low,2020,6,Experienced
4445,EMP100714,2026,Adda247,Frontend Developer,Non-binary,B.Sc,Role redundancy,Maharashtra,Engineering,Employee_715,1234758,Sales,3.2,Remote,MGR1114,38,5,Low,2015,11,Experienced
4446,EMP100730,2026,Livspace,Facilities Executive,Male,M.Com,Financial pressure,Rajasthan,Administration,Employee_731,1152688,IT,2.2,Hybrid,MGR1130,24,33,Medium,2020,6,Experienced
4447,EMP100742,2026,Samsung,Product Analyst,Male,BCA,Cost reduction,Madhya Pradesh,Product,Employee_743,773547,IT,2.1,Remote,MGR1142,17,23,Medium,2018,8,Experienced
4448,EMP100746,2026,Visa,Growth Manager,Male,CA,Business restructuring,Madhya Pradesh,Marketing,Employee_747,2147416,Sales,3.3,Remote,MGR1146,58,54,Medium,2023,3,Experienced
4449,EMP100917,2026,Meta,Financial Analyst,Male,B.Tech,Project closure,Maharashtra,Finance,Employee_918,790683,Finance,4.8,Remote,MGR1017,15,9,High,2017,9,Experienced
4450,EMP101021,2026,Freshworks,Admin Executive,Male,B.E.,Project closure,Delhi,Administration,Employee_1022,1865295,Finance,3.5,Hybrid,MGR1121,16,19,High,2016,10,Experienced
4451,EMP101116,2026,Zupee,HR Business Partner,Male,Diploma,Project closure,Madhya Pradesh,Human Resources,Employee_1117,1619895,HR,4.2,Remote,MGR1066,63,16,Low,2016,10,Experienced
4452,EMP101176,2026,TCS,Data Engineer,Male,MBA,Financial pressure,Odisha,Engineering,Employee_1177,1082803,Marketing,2.5,Hybrid,MGR1126,58,22,Medium,2017,9,Experienced
4453,EMP101185,2026,TCS,Financial Analyst,Female,B.Sc,Project closure,Rajasthan,Finance,Employee_1186,1625447,HR,2.5,Hybrid,MGR1135,69,49,Medium,2021,5,Experienced
4454,EMP101250,2026,Wipro,Inside Sales Executive,Non-binary,BBA,Financial pressure,Rajasthan,Sales,Employee_1251,690709,Sales,3.4,Remote,MGR1050,35,57,High,2015,11,Experienced
4455,EMP101302,2026,Livspace,HR Business Partner,Female,B.E.,Financial pressure,Rajasthan,Human Resources,Employee_1303,1379496,Sales,4.4,Remote,MGR1102,34,52,Medium,2022,4,Experienced
4456,EMP101311,2026,Zomato,Content Manager,Non-binary,MBA,Business slowdown,Odisha,Marketing,Employee_1312,736534,Operations,3.7,Hybrid,MGR1111,16,6,High,2016,10,Experienced
4457,EMP101423,2026,Cognizant,HR Business Partner,Male,B.E.,Workforce restructuring,Delhi,Human Resources,Employee_1424,2184796,Finance,3.3,WFO,MGR1073,52,29,Medium,2018,8,Experienced
4458,EMP101468,2026,Meta,Recruiter,Female,M.Com,Business restructuring,Maharashtra,Human Resources,Employee_1469,1342499,IT,4.2,WFO,MGR1118,46,55,Low,2021,5,Experienced
4459,EMP101479,2026,Amazon,Sales Manager,Non-binary,CA,Role redundancy,Andhra Pradesh,Sales,Employee_1480,570925,Operations,2.4,Hybrid,MGR1129,63,30,Medium,2022,4,Experienced
4460,EMP101523,2026,Zomato,Data Analyst,Non-binary,B.E.,Automation adoption,Maharashtra,Analytics,Employee_1524,1691683,IT,2.9,Hybrid,MGR1023,7,49,Medium,2020,6,Experienced
4461,EMP101544,2026,Amazon,Marketing Executive,Male,MBA,Performance review,Delhi,Marketing,Employee_1545,2125269,IT,4.1,WFO,MGR1044,40,45,High,2016,10,Experienced
4462,EMP101599,2026,Oracle,Backend Developer,Male,M.Tech,Automation adoption,Andhra Pradesh,Engineering,Employee_1600,2012059,Marketing,2.7,Hybrid,MGR1099,74,54,Low,2020,6,Experienced
4463,EMP101649,2026,Paytm,HR Business Partner,Non-binary,M.Tech,Business restructuring,Gujarat,Human Resources,Employee_1650,1884332,IT,5.0,Hybrid,MGR1149,49,2,Low,2017,9,Experienced
4464,EMP101718,2026,Freshworks,Admin Executive,Male,B.E.,Project closure,Delhi,Administration,Employee_1719,992872,Marketing,3.1,Remote,MGR1068,57,21,High,2023,3,Experienced
4465,EMP101770,2026,Zupee,Operations Executive,Non-binary,B.Tech,Workforce restructuring,Tamil Nadu,Operations,Employee_1771,1721518,Finance,2.0,WFO,MGR1120,76,21,Low,2024,2,Experienced
4466,EMP101771,2026,Wipro,Financial Analyst,Non-binary,M.Tech,Market demand decline,West Bengal,Finance,Employee_1772,2081730,HR,4.8,Hybrid,MGR1121,35,28,Low,2022,4,Experienced
4467,EMP101822,2026,Infosys,Product Analyst,Male,B.E.,Workforce restructuring,Maharashtra,Product,Employee_1823,1020961,Operations,3.6,WFO,MGR1022,44,33,Low,2020,6,Experienced
4468,EMP101848,2026,Microsoft,Reporting Analyst,Female,CA,Performance review,Rajasthan,Analytics,Employee_1849,1838521,IT,2.2,Remote,MGR1048,35,32,Medium,2021,5,Experienced
4469,EMP101886,2026,Krutrim,Sales Manager,Male,B.E.,Automation adoption,Andhra Pradesh,Sales,Employee_1887,1603607,IT,3.0,WFO,MGR1086,67,3,Low,2023,3,Experienced
4470,EMP101997,2026,Krutrim,Product Analyst,Female,CA,Role redundancy,Delhi,Product,Employee_1998,2182797,Operations,4.5,WFO,MGR1047,76,17,Medium,2021,5,Experienced
4471,EMP102092,2026,Microsoft,Accountant,Female,Diploma,Workforce restructuring,Andhra Pradesh,Finance,Employee_2093,1556978,Support,2.9,Hybrid,MGR1142,4,52,Medium,2017,9,Experienced
4472,EMP102102,2026,Samsung,UX Designer,Male,MBA,Role redundancy,Punjab,Product,Employee_2103,755145,HR,2.7,Remote,MGR1002,30,48,High,2016,10,Experienced
4473,EMP102198,2026,Meta,Facilities Executive,Female,MBA,Financial pressure,Maharashtra,Administration,Employee_2199,794200,Operations,3.8,Hybrid,MGR1098,34,34,High,2022,4,Experienced
4474,EMP102230,2026,Visa,Sales Executive,Male,Diploma,Business slowdown,Odisha,Sales,Employee_2231,1468966,IT,4.6,Hybrid,MGR1130,7,34,Medium,2019,7,Experienced
4475,EMP102268,2026,CorroHealth,Digital Marketing Specialist,Male,BCA,Business slowdown,Madhya Pradesh,Marketing,Employee_2269,1456398,Support,3.9,Hybrid,MGR1018,31,28,High,2018,8,Experienced
4476,EMP102302,2026,Paytm,Sales Manager,Female,B.E.,Cost reduction,Punjab,Sales,Employee_2303,1679282,IT,3.7,WFO,MGR1052,69,59,Medium,2016,10,Experienced
4477,EMP102344,2026,Flipkart,Inside Sales Executive,Male,Diploma,Performance review,Andhra Pradesh,Sales,Employee_2345,1379364,Finance,3.3,Hybrid,MGR1094,36,48,High,2021,5,Experienced
4478,EMP102363,2026,Microsoft,Product Manager,Non-binary,M.Tech,Business slowdown,Kerala,Product,Employee_2364,2087710,Sales,2.5,WFO,MGR1113,9,1,Medium,2015,11,Experienced
4479,EMP102364,2026,Freshworks,Process Associate,Female,M.Tech,Role redundancy,Tamil Nadu,Operations,Employee_2365,334516,Operations,2.3,Remote,MGR1114,20,39,High,2024,2,Experienced
4480,EMP102372,2026,Adda247,Tech Lead,Female,BBA,Automation adoption,Karnataka,Engineering,Employee_2373,1284821,Sales,4.4,Remote,MGR1122,6,3,Medium,2019,7,Experienced
4481,EMP102386,2026,Axis Bank,Marketing Executive,Male,CA,Workforce restructuring,Odisha,Marketing,Employee_2387,520618,Sales,3.9,Remote,MGR1136,54,57,Low,2020,6,Experienced
4482,EMP102409,2026,Amazon,Operations Analyst,Non-binary,B.E.,Financial pressure,Rajasthan,Operations,Employee_2410,1858504,Support,4.8,WFO,MGR1009,1,22,Low,2015,11,Experienced
4483,EMP102456,2026,Adda247,Digital Marketing Specialist,Male,M.Tech,Workforce restructuring,Andhra Pradesh,Marketing,Employee_2457,570382,Finance,2.6,Hybrid,MGR1056,31,44,High,2020,6,Experienced
4484,EMP102464,2026,CorroHealth,Content Manager,Non-binary,BCA,Cost reduction,Andhra Pradesh,Marketing,Employee_2465,954826,Operations,4.4,Hybrid,MGR1064,64,48,High,2023,3,Experienced
4485,EMP102471,2026,Ola Electric,MIS Executive,Male,BBA,Cost reduction,Punjab,Analytics,Employee_2472,1317414,IT,4.8,WFO,MGR1071,17,5,Low,2021,5,Experienced
4486,EMP102488,2026,Zupee,Sales Manager,Non-binary,M.Com,Cost reduction,Karnataka,Sales,Employee_2489,2140111,Sales,4.0,Remote,MGR1088,24,20,High,2024,2,Experienced
4487,EMP102517,2026,Freshworks,Operations Manager,Female,B.E.,Cost reduction,Karnataka,Operations,Employee_2518,1787505,IT,2.1,WFO,MGR1117,79,33,Medium,2020,6,Experienced
4488,EMP102570,2026,Axis Bank,Financial Analyst,Non-binary,M.Tech,Cost reduction,Maharashtra,Finance,Employee_2571,1038588,Sales,2.7,Hybrid,MGR1020,26,23,Medium,2021,5,Experienced
4489,EMP102615,2026,Meta,Admin Executive,Male,BCA,Business slowdown,Telangana,Administration,Employee_2616,900626,Finance,3.8,Hybrid,MGR1065,15,43,Medium,2019,7,Experienced
4490,EMP102681,2026,Livspace,Digital Marketing Specialist,Male,B.Sc,Market demand decline,Delhi,Marketing,Employee_2682,1543814,Sales,2.2,WFO,MGR1131,33,47,High,2019,7,Experienced
4491,EMP102745,2026,Cognizant,BI Analyst,Female,BBA,Business restructuring,Maharashtra,Analytics,Employee_2746,1978963,Sales,4.4,WFO,MGR1045,3,50,Low,2016,10,Experienced
4492,EMP102802,2026,Axis Bank,Operations Executive,Male,MCA,Workforce restructuring,Haryana,Operations,Employee_2803,1914492,IT,3.1,WFO,MGR1102,50,2,Low,2016,10,Experienced
4493,EMP102808,2026,Meta,Admin Executive,Non-binary,CA,Performance review,Maharashtra,Administration,Employee_2809,2063087,IT,3.5,Remote,MGR1108,30,16,Low,2023,3,Experienced
4494,EMP102820,2026,Zupee,Tech Lead,Male,MCA,Workforce restructuring,Andhra Pradesh,Engineering,Employee_2821,308261,IT,2.8,WFO,MGR1120,1,12,High,2016,10,Experienced
4495,EMP102854,2026,Freshworks,Operations Executive,Non-binary,BCA,Market demand decline,West Bengal,Operations,Employee_2855,524159,Finance,4.1,Remote,MGR1004,27,22,Medium,2018,8,Experienced
4496,EMP102860,2026,Flipkart,Product Analyst,Male,B.E.,Automation adoption,Delhi,Product,Employee_2861,1500232,Marketing,4.6,Hybrid,MGR1010,60,47,High,2017,9,Experienced
4497,EMP102906,2026,PayPal,Product Designer,Female,MCA,Financial pressure,Madhya Pradesh,Product,Employee_2907,1081295,HR,3.6,Remote,MGR1056,33,8,High,2020,6,Experienced
4498,EMP102920,2026,Livspace,UX Designer,Male,BCA,Project closure,Karnataka,Product,Employee_2921,2130782,Marketing,2.2,WFO,MGR1070,33,24,Low,2018,8,Experienced
4499,EMP102941,2026,Axis Bank,Process Associate,Non-binary,M.Tech,Role redundancy,Haryana,Operations,Employee_2942,1243648,Operations,3.8,Remote,MGR1091,29,1,Medium,2017,9,Experienced
4500,EMP102964,2026,Visa,Support Analyst,Female,MCA,Financial pressure,Haryana,Customer Support,Employee_2965,511531,IT,4.5,Remote,MGR1114,4,19,Medium,2022,4,Experienced
4501,EMP102982,2026,Oracle,Operations Analyst,Non-binary,BBA,Business slowdown,Madhya Pradesh,Operations,Employee_2983,1218766,Sales,3.9,Hybrid,MGR1132,32,51,Medium,2023,3,Experienced
4502,EMP103097,2026,Zomato,Admin Executive,Female,BCA,Project closure,Madhya Pradesh,Administration,Employee_3098,1662147,Operations,4.1,WFO,MGR1097,20,31,Medium,2019,7,Experienced
4503,EMP103156,2026,PayPal,Content Manager,Female,BCA,Business slowdown,Delhi,Marketing,Employee_3157,924485,Finance,4.7,Hybrid,MGR1006,45,36,Low,2022,4,Experienced
4504,EMP103260,2026,Flipkart,Growth Manager,Non-binary,MCA,Market demand decline,Rajasthan,Marketing,Employee_3261,712761,Sales,4.2,Hybrid,MGR1110,40,49,Low,2024,2,Experienced
4505,EMP103388,2026,CorroHealth,Reporting Analyst,Female,BBA,Market demand decline,Telangana,Analytics,Employee_3389,731178,Operations,2.9,Remote,MGR1088,17,49,Medium,2015,11,Experienced
4506,EMP103432,2026,Samsung,Data Engineer,Male,M.Com,Financial pressure,Uttar Pradesh,Engineering,Employee_3433,2003398,Operations,3.5,WFO,MGR1132,66,38,Low,2020,6,Experienced
4507,EMP103434,2026,Flipkart,Office Administrator,Non-binary,B.Tech,Financial pressure,Madhya Pradesh,Administration,Employee_3435,1779369,IT,3.2,Remote,MGR1134,15,40,Medium,2017,9,Experienced
4508,EMP103463,2026,Samsung,Operations Analyst,Non-binary,M.Com,Project closure,Haryana,Operations,Employee_3464,448868,Operations,3.6,WFO,MGR1013,1,42,Low,2016,10,Experienced
4509,EMP103489,2026,Zomato,Office Administrator,Male,M.Com,Business slowdown,Odisha,Administration,Employee_3490,462489,Marketing,2.9,Remote,MGR1039,27,45,Medium,2024,2,Experienced
4510,EMP103519,2026,Meta,Technical Support Executive,Female,M.Tech,Business slowdown,Punjab,Customer Support,Employee_3520,424942,Operations,3.4,Remote,MGR1069,70,17,Medium,2023,3,Experienced
4511,EMP103600,2026,Visa,Marketing Executive,Male,B.Tech,Market demand decline,Tamil Nadu,Marketing,Employee_3601,1539017,HR,3.6,Remote,MGR1000,79,20,High,2024,2,Experienced
4512,EMP103605,2026,Zupee,Risk Analyst,Male,CA,Performance review,Uttar Pradesh,Finance,Employee_3606,1427430,Support,3.2,Remote,MGR1005,22,6,High,2020,6,Experienced
4513,EMP103613,2026,Livspace,Business Analyst,Female,B.Sc,Role redundancy,Odisha,Analytics,Employee_3614,1211680,Marketing,2.1,WFO,MGR1013,56,43,Low,2023,3,Experienced
4514,EMP103649,2026,Adda247,Facilities Executive,Male,BBA,Business slowdown,Punjab,Administration,Employee_3650,791325,Finance,2.1,Hybrid,MGR1049,52,51,High,2018,8,Experienced
4515,EMP103735,2026,Wipro,Sales Manager,Female,B.Tech,Cost reduction,Punjab,Sales,Employee_3736,521964,Operations,4.2,Hybrid,MGR1135,45,19,Medium,2019,7,Experienced
4516,EMP103736,2026,Zomato,Sales Manager,Non-binary,Diploma,Role redundancy,Odisha,Sales,Employee_3737,865406,Marketing,4.6,WFO,MGR1136,19,6,Low,2019,7,Experienced
4517,EMP103750,2026,Oracle,Customer Success Executive,Male,BBA,Market demand decline,Telangana,Customer Support,Employee_3751,2122726,Finance,4.3,Remote,MGR1000,79,18,Medium,2019,7,Experienced
4518,EMP103795,2026,Games24x7,Growth Manager,Female,BBA,Automation adoption,Odisha,Marketing,Employee_3796,499592,Operations,2.6,Hybrid,MGR1045,72,24,Medium,2019,7,Experienced
4519,EMP103822,2026,Freshworks,HR Business Partner,Male,B.Tech,Cost reduction,Kerala,Human Resources,Employee_3823,1479581,Marketing,3.5,Hybrid,MGR1072,71,45,Medium,2015,11,Experienced
4520,EMP103827,2026,Freshworks,Operations Manager,Female,M.Tech,Cost reduction,Karnataka,Operations,Employee_3828,587982,IT,2.9,WFO,MGR1077,52,58,Low,2015,11,Experienced
4521,EMP103829,2026,Freshworks,Finance Executive,Male,M.Tech,Automation adoption,Rajasthan,Finance,Employee_3830,345506,Support,4.6,Remote,MGR1079,70,11,Low,2023,3,Experienced
4522,EMP103911,2026,Livspace,Operations Analyst,Non-binary,MCA,Automation adoption,Madhya Pradesh,Operations,Employee_3912,1796313,Operations,4.1,Hybrid,MGR1011,49,55,High,2016,10,Experienced
4523,EMP104035,2026,Freshworks,Recruiter,Female,CA,Project closure,Kerala,Human Resources,Employee_4036,427050,Finance,2.4,Remote,MGR1135,31,10,High,2015,11,Experienced
4524,EMP104067,2026,HDFC Bank,HR Executive,Female,Diploma,Workforce restructuring,Uttar Pradesh,Human Resources,Employee_4068,1663394,Sales,2.9,WFO,MGR1017,21,37,High,2016,10,Experienced
4525,EMP104077,2026,CorroHealth,Digital Marketing Specialist,Male,B.E.,Market demand decline,Madhya Pradesh,Marketing,Employee_4078,1119079,HR,4.5,Hybrid,MGR1027,50,44,Medium,2016,10,Experienced
4526,EMP104093,2026,Flipkart,Facilities Executive,Male,Diploma,Performance review,West Bengal,Administration,Employee_4094,341799,Finance,3.5,WFO,MGR1043,29,47,Low,2022,4,Experienced
4527,EMP104136,2026,Wipro,Admin Executive,Non-binary,MBA,Performance review,Uttar Pradesh,Administration,Employee_4137,1411174,Sales,2.5,WFO,MGR1086,43,6,Medium,2020,6,Experienced
4528,EMP104161,2026,Ola Electric,Marketing Executive,Male,MBA,Business restructuring,Rajasthan,Marketing,Employee_4162,1264634,Sales,3.1,Hybrid,MGR1111,76,6,Low,2019,7,Experienced
4529,EMP104170,2026,Wipro,MIS Executive,Female,M.Tech,Workforce restructuring,Gujarat,Analytics,Employee_4171,671852,Sales,2.8,Hybrid,MGR1120,46,0,Low,2020,6,Experienced
4530,EMP104179,2026,Krutrim,DevOps Engineer,Non-binary,M.Tech,Automation adoption,Odisha,Engineering,Employee_4180,864021,Support,3.9,Remote,MGR1129,11,20,Medium,2018,8,Experienced
4531,EMP104182,2026,TCS,Data Engineer,Male,MBA,Business restructuring,Telangana,Engineering,Employee_4183,813367,Finance,4.7,WFO,MGR1132,40,43,High,2023,3,Experienced
4532,EMP104208,2026,Krutrim,Operations Analyst,Male,MCA,Performance review,Gujarat,Operations,Employee_4209,1168624,IT,4.2,Hybrid,MGR1008,62,47,High,2018,8,Experienced
4533,EMP104227,2026,Freshworks,Admin Executive,Female,M.Tech,Workforce restructuring,Madhya Pradesh,Administration,Employee_4228,884751,Finance,2.2,Remote,MGR1027,53,10,Medium,2018,8,Experienced
4534,EMP104235,2026,Visa,Facilities Executive,Non-binary,BCA,Cost reduction,Odisha,Administration,Employee_4236,341045,HR,2.6,Remote,MGR1035,9,59,High,2019,7,Experienced
4535,EMP104240,2026,Amazon,Senior Software Engineer,Non-binary,CA,Market demand decline,Rajasthan,Engineering,Employee_4241,516081,HR,4.6,WFO,MGR1040,74,1,Medium,2020,6,Experienced
4536,EMP104241,2026,CorroHealth,Finance Executive,Male,M.Com,Performance review,Kerala,Finance,Employee_4242,1074131,Finance,2.2,WFO,MGR1041,49,46,High,2022,4,Experienced
4537,EMP104257,2026,Samsung,Account Manager,Male,M.Com,Performance review,Rajasthan,Sales,Employee_4258,1446603,Operations,3.2,WFO,MGR1057,8,57,Medium,2020,6,Experienced
4538,EMP104321,2026,Livspace,Accountant,Non-binary,MBA,Project closure,Punjab,Finance,Employee_4322,605332,HR,2.4,Remote,MGR1121,58,11,High,2018,8,Experienced
4539,EMP104349,2026,Amazon,Recruiter,Male,B.E.,Business slowdown,Telangana,Human Resources,Employee_4350,1602563,HR,3.5,Hybrid,MGR1149,10,33,Medium,2017,9,Experienced
4540,EMP104436,2026,HDFC Bank,Technical Support Executive,Female,BBA,Role redundancy,Tamil Nadu,Customer Support,Employee_4437,1297799,Marketing,2.1,Remote,MGR1086,51,17,Medium,2017,9,Experienced
4541,EMP100106,2026,Visa,Data Engineer,Female,BCA,Automation adoption,Rajasthan,Engineering,Employee_107,1978456,Marketing,2.9,Remote,MGR1106,33,15,Low,2021,5,Experienced
4542,EMP100356,2026,Wipro,Facilities Executive,Male,Diploma,Market demand decline,Tamil Nadu,Administration,Employee_357,704348,Marketing,4.3,Remote,MGR1056,31,46,Medium,2016,10,Experienced
4543,EMP100518,2026,Zomato,Support Analyst,Female,Diploma,Business restructuring,Gujarat,Customer Support,Employee_519,2187576,Support,2.6,Remote,MGR1068,64,49,Low,2021,5,Experienced
4544,EMP102329,2026,Ola Electric,Risk Analyst,Male,CA,Workforce restructuring,Delhi,Finance,Employee_2330,1639520,Marketing,4.9,Remote,MGR1079,4,31,Medium,2019,7,Experienced
4545,EMP102672,2026,Ola Electric,Accountant,Non-binary,Diploma,Role redundancy,Delhi,Finance,Employee_2673,1022126,Sales,3.9,Remote,MGR1122,10,31,Low,2024,2,Experienced
4546,EMP102750,2026,Meta,Sales Executive,Non-binary,BBA,Role redundancy,Karnataka,Sales,Employee_2751,1382408,Operations,3.0,Remote,MGR1050,9,37,High,2020,6,Experienced
4547,EMP103695,2026,Zupee,MIS Executive,Female,MBA,Cost reduction,West Bengal,Analytics,Employee_3696,2062291,HR,2.9,Hybrid,MGR1095,15,49,Low,2017,9,Experienced
4548,EMP104511,2026,Flipkart,QA Engineer,Non-binary,Diploma,Market demand decline,Haryana,Engineering,Employee_4512,565006,HR,3.6,Hybrid,MGR1011,3,41,High,2018,8,Experienced
4549,EMP103318,2026,Meta,HR Executive,Female,B.Sc,Role redundancy,Uttar Pradesh,Human Resources,Employee_3319,602905,Sales,4.5,Remote,MGR1018,33,43,Low,2017,9,Experienced
